id,question,answerable,style,gold,reference,key_facts,answer,abstained,context,cited_sections,cites_gold,retrieved_gold,trace_id,closed_book_answer,closed_book_abstained,judge_correct,judge_faithful,judge_reason,closed_book_judge_correct,closed_book_judge_faithful,closed_book_judge_reason
q01,How many 15-minute units should be billed for 47 minutes of timed therapy (24 minutes of 97112 and 23 minutes of 97110)?,True,exact,Claims Processing Manual Ch. 5 §20.2,3 units: 2 units of 97112 and 1 unit of 97110.,3 units; 2 units of 97112; 1 unit of 97110,"The total timed code treatment time of 47 minutes falls within the range for 3 units (38 to 52 minutes) [1]. The correct coding is 2 units of code 97112 and one unit of code 97110, assigning more timed units to the service that took the most time [1].",False,"[1] (Claims Processing Manual Ch. 5, §20.2, Reporting of Service Units With HCPCS; p. 39)
billing less than 15 minutes for a unit, these situations should be highlighted for review. If more than one 15 minute timed CPT code is billed during a single calendar day, then the total number of timed units that can be billed is constrained by the total treatment minutes for that day. See all examples below. Pub. 100-02, Medicare Benefit Policy Manual, Chapter 15, Section 220.3B, Documentation Requirements for Therapy Services, indicates that the amount of time for each specific intervention/modality provided to the patient is not required to be documented in the Treatment Note. However, the total number of timed minutes must be documented. These examples indicate how to count the appropriate number of units for the total therapy minutes provided. Example 1 – 24 minutes of neuromuscular reeducation, code 97112, 23 minutes of therapeutic exercise, code 97110, Total timed code treatment time was 47 minutes. See the chart above. The 47 minutes falls within the range for 3 units = 38 to 52 minutes. Appropriate billing for 47 minutes is only 3 timed units. Each of the codes is performed for more than 15 minutes, so each shall be billed for at least 1 unit. The correct coding is 2 units of code 97112 and one unit of code 97110, assigning more timed units to the service that took the most time. Example 2 – 20 minutes of neuromuscular reeducation (97112) 20 minutes therapeutic exercise (97110), 40 Total timed code minutes. Appropriate billing for 40 minutes is 3 units. Each service was done at least 15 minutes and should be billed for at least one unit, but the total allows 3 units. Since the time for each service is the same, choose either code for 2 units and bill the other for 1 unit. Do not bill 3

[2] (Claims Processing Manual Ch. 5, §20.2, Reporting of Service Units With HCPCS; p. 39)
should be billed for at least one unit, but the total allows 3 units. Since the time for each service is the same, choose either code for 2 units and bill the other for 1 unit. Do not bill 3 units for either one of the codes. Example 3 – 33 minutes of therapeutic exercise (97110), 7 minutes of manual therapy (97140), 40 Total timed minutes Appropriate billing for 40 minutes is for 3 units. Bill 2 units of 97110 and 1 unit of 97140. Count the first 30 minutes of 97110 as two full units. Compare the remaining time for 97110 (33-30 = 3 minutes) to the time spent on 97140 (7 minutes) and bill the larger, which is 97140. Example 4 – 18 minutes of therapeutic exercise (97110), 13 minutes of manual therapy (97140), 10 minutes of gait training (97116), 8 minutes of ultrasound (97035), 49 Total timed minutes Appropriate billing is for 3 units. Bill the procedures you spent the most time providing. Bill 1 unit each of 97110, 97116, and 97140. You are unable to bill for the ultrasound because the total time of timed units that can be billed is constrained by the total timed code treatment minutes (i.e., you may not bill 4 units for less than 53 minutes regardless of how many services were performed). You would still document the ultrasound in the treatment notes. Example 5 – 7 minutes of neuromuscular reeducation (97112) 7 minutes therapeutic exercise (97110) 7 minutes manual therapy (97140) 21 Total timed minutes Appropriate billing is for one unit. The qualified professional (See definition in Pub. 100-02, chapter 15, section 220) shall select one appropriate CPT code (97112, 97110, 97140) to bill since each unit was performed for the same amount of time and only one unit is

[3] (Claims Processing Manual Ch. 5, §20.2, Reporting of Service Units With HCPCS; p. 39)
report these “timed” procedure codes for services delivered on any single calendar day using CPT codes and the appropriate number of 15 minute units of service. EXAMPLE: A beneficiary received a total of 60 minutes of occupational therapy, e.g., HCPCS “timed” code 97530 which is defined in 15 minute units, on a given date of service. The provider would then report 4 units of 97530. C. Counting Minutes for Timed Codes in 15 Minute Units When only one service is provided in a day, providers should not bill for services performed for less than 8 minutes. For any single timed CPT code in the same day measured in 15 minute units, providers bill a single 15-minute unit for treatment greater than or equal to 8 minutes through and including 22 minutes. If the duration of a single modality or procedure in a day is greater than or equal to 23 minutes, through and including 37 minutes, then 2 units should be billed. Time intervals for 1 through 8 units are as follows: Units Number of Minutes 1 unit: ≥ 8 minutes through 22 minutes 2 units: ≥ 23 minutes through 37 minutes 3 units: ≥ 38 minutes through 52 minutes 4 units: ≥ 53 minutes through 67 minutes 5 units: ≥ 68 minutes through 82 minutes 6 units: ≥ 83 minutes through 97 minutes 7 units: ≥ 98 minutes through 112 minutes 8 units: ≥ 113 minutes through 127 minutes The pattern remains the same for treatment times in excess of 2 hours. If a service represented by a 15 minute timed code is performed in a single day for at least 15 minutes, that service shall be billed for at least one unit. If the service is performed for at least 30 minutes, that service shall be billed for

[4] (Claims Processing Manual Ch. 5, §20.2, Reporting of Service Units With HCPCS; p. 39)
minute timed code is performed in a single day for at least 15 minutes, that service shall be billed for at least one unit. If the service is performed for at least 30 minutes, that service shall be billed for at least two units, etc. It is not appropriate to count all minutes of treatment in a day toward the units for one code if other services were performed for more than 15 minutes. See examples 2 and 3 below. When more than one service represented by 15 minute timed codes is performed in a single day, the total number of minutes of service (as noted on the chart above) determines the number of timed units billed. See example 1 below. If any 15 minute timed service that is performed for 7 minutes or less than 7 minutes on the same day as another 15 minute timed service that was also performed for 7 minutes or less and the total time of the two is 8 minutes or greater than 8 minutes, then bill one unit for the service performed for the most minutes. This is correct because the total time is greater than the minimum time for one unit. The same logic is applied when three or more different services are provided for 7 minutes or less than 7 minutes. See example 5 below. The expectation (based on the work values for these codes) is that a provider’s direct patient contact time for each unit will average 15 minutes in length. If a provider has a consistent practice of billing less than 15 minutes for a unit, these situations should be highlighted for review. If more than one 15 minute timed CPT code is billed during a single calendar day, then the total number of timed units that can

[5] (Claims Processing Manual Ch. 5, §20.2, Reporting of Service Units With HCPCS; p. 39)
unit. The qualified professional (See definition in Pub. 100-02, chapter 15, section 220) shall select one appropriate CPT code (97112, 97110, 97140) to bill since each unit was performed for the same amount of time and only one unit is allowed. NOTE: The above schedule of times is intended to provide assistance in rounding time into 15-minute increments. It does not imply that any minute until the eighth should be excluded from the total count. The total minutes of active treatment counted for all 15 minute timed codes includes all direct treatment time for the timed codes. Total treatment minutes - including minutes spent providing services represented by untimed codes - are also documented. For documentation in the medical record of the services provided see Pub. 100-02, chapter 15, section 220.3. D. Specific Limits for HCPCS The Deficit Reduction Act of 2005, section 5107 requires the implementation of clinically appropriate code edits to eliminate improper payments for outpatient therapy services. The following codes may be billed, when covered, only at or below the number of units indicated on the chart per treatment day. When higher amounts of units are billed than those indicated in the table below, the units on the claim line that exceed the limit shall be denied as medically unnecessary (according to 1862(a)(1)(A)). Denied claims may be appealed and an ABN is appropriate to notify the beneficiary of liability. This chart does not include all of the codes identified as therapy codes; refer to section 20 of this chapter for further detail on these and other therapy codes. For example, therapy codes called “always therapy” must always be accompanied by therapy modifiers identifying the type of therapy plan of care under which the service is provided. Use the chart in the following manner: The codes that are",Claims Processing Manual Ch. 5 §20.2,True,True,tr-0b2cf1fe8f26992163258af5031baa00,"Medicare generally rounds timed therapy time up to the nearest 15-minute increment. For 47 minutes of therapy, you should bill for 4 units. This rounding applies to the total time provided across all codes.",False,1.0,1.0,The answer provides all the key facts from the reference answer and correctly identifies the number of units and the specific breakdown for each code. All claims made in the answer are directly supported by the provided excerpts.,0.0,0.0,"The answer provides a substantive answer instead of declining, even though no documents were provided. Furthermore, the answer contradicts the reference answer (claiming 4 units instead of 3 units)."
q02,What is the minimum number of minutes of a single timed therapy service on a day before one unit can be billed?,True,exact,Claims Processing Manual Ch. 5 §20.2,8 minutes; services under 8 minutes are not billed when only one service is provided.,8 minutes,"When only one service is provided in a day, providers should not bill for services performed for less than 8 minutes [3]. For any single timed CPT code in the same day, providers bill a single 15-minute unit for treatment that is greater than or equal to 8 minutes through and including 22 minutes [3].",False,"[1] (Claims Processing Manual Ch. 5, §20.2, Reporting of Service Units With HCPCS; p. 39)
minute timed code is performed in a single day for at least 15 minutes, that service shall be billed for at least one unit. If the service is performed for at least 30 minutes, that service shall be billed for at least two units, etc. It is not appropriate to count all minutes of treatment in a day toward the units for one code if other services were performed for more than 15 minutes. See examples 2 and 3 below. When more than one service represented by 15 minute timed codes is performed in a single day, the total number of minutes of service (as noted on the chart above) determines the number of timed units billed. See example 1 below. If any 15 minute timed service that is performed for 7 minutes or less than 7 minutes on the same day as another 15 minute timed service that was also performed for 7 minutes or less and the total time of the two is 8 minutes or greater than 8 minutes, then bill one unit for the service performed for the most minutes. This is correct because the total time is greater than the minimum time for one unit. The same logic is applied when three or more different services are provided for 7 minutes or less than 7 minutes. See example 5 below. The expectation (based on the work values for these codes) is that a provider’s direct patient contact time for each unit will average 15 minutes in length. If a provider has a consistent practice of billing less than 15 minutes for a unit, these situations should be highlighted for review. If more than one 15 minute timed CPT code is billed during a single calendar day, then the total number of timed units that can

[2] (Claims Processing Manual Ch. 5, §20.2, Reporting of Service Units With HCPCS; p. 39)
billing less than 15 minutes for a unit, these situations should be highlighted for review. If more than one 15 minute timed CPT code is billed during a single calendar day, then the total number of timed units that can be billed is constrained by the total treatment minutes for that day. See all examples below. Pub. 100-02, Medicare Benefit Policy Manual, Chapter 15, Section 220.3B, Documentation Requirements for Therapy Services, indicates that the amount of time for each specific intervention/modality provided to the patient is not required to be documented in the Treatment Note. However, the total number of timed minutes must be documented. These examples indicate how to count the appropriate number of units for the total therapy minutes provided. Example 1 – 24 minutes of neuromuscular reeducation, code 97112, 23 minutes of therapeutic exercise, code 97110, Total timed code treatment time was 47 minutes. See the chart above. The 47 minutes falls within the range for 3 units = 38 to 52 minutes. Appropriate billing for 47 minutes is only 3 timed units. Each of the codes is performed for more than 15 minutes, so each shall be billed for at least 1 unit. The correct coding is 2 units of code 97112 and one unit of code 97110, assigning more timed units to the service that took the most time. Example 2 – 20 minutes of neuromuscular reeducation (97112) 20 minutes therapeutic exercise (97110), 40 Total timed code minutes. Appropriate billing for 40 minutes is 3 units. Each service was done at least 15 minutes and should be billed for at least one unit, but the total allows 3 units. Since the time for each service is the same, choose either code for 2 units and bill the other for 1 unit. Do not bill 3

[3] (Claims Processing Manual Ch. 5, §20.2, Reporting of Service Units With HCPCS; p. 39)
report these “timed” procedure codes for services delivered on any single calendar day using CPT codes and the appropriate number of 15 minute units of service. EXAMPLE: A beneficiary received a total of 60 minutes of occupational therapy, e.g., HCPCS “timed” code 97530 which is defined in 15 minute units, on a given date of service. The provider would then report 4 units of 97530. C. Counting Minutes for Timed Codes in 15 Minute Units When only one service is provided in a day, providers should not bill for services performed for less than 8 minutes. For any single timed CPT code in the same day measured in 15 minute units, providers bill a single 15-minute unit for treatment greater than or equal to 8 minutes through and including 22 minutes. If the duration of a single modality or procedure in a day is greater than or equal to 23 minutes, through and including 37 minutes, then 2 units should be billed. Time intervals for 1 through 8 units are as follows: Units Number of Minutes 1 unit: ≥ 8 minutes through 22 minutes 2 units: ≥ 23 minutes through 37 minutes 3 units: ≥ 38 minutes through 52 minutes 4 units: ≥ 53 minutes through 67 minutes 5 units: ≥ 68 minutes through 82 minutes 6 units: ≥ 83 minutes through 97 minutes 7 units: ≥ 98 minutes through 112 minutes 8 units: ≥ 113 minutes through 127 minutes The pattern remains the same for treatment times in excess of 2 hours. If a service represented by a 15 minute timed code is performed in a single day for at least 15 minutes, that service shall be billed for at least one unit. If the service is performed for at least 30 minutes, that service shall be billed for

[4] (Claims Processing Manual Ch. 5, §20.2, Reporting of Service Units With HCPCS; p. 39)
should be billed for at least one unit, but the total allows 3 units. Since the time for each service is the same, choose either code for 2 units and bill the other for 1 unit. Do not bill 3 units for either one of the codes. Example 3 – 33 minutes of therapeutic exercise (97110), 7 minutes of manual therapy (97140), 40 Total timed minutes Appropriate billing for 40 minutes is for 3 units. Bill 2 units of 97110 and 1 unit of 97140. Count the first 30 minutes of 97110 as two full units. Compare the remaining time for 97110 (33-30 = 3 minutes) to the time spent on 97140 (7 minutes) and bill the larger, which is 97140. Example 4 – 18 minutes of therapeutic exercise (97110), 13 minutes of manual therapy (97140), 10 minutes of gait training (97116), 8 minutes of ultrasound (97035), 49 Total timed minutes Appropriate billing is for 3 units. Bill the procedures you spent the most time providing. Bill 1 unit each of 97110, 97116, and 97140. You are unable to bill for the ultrasound because the total time of timed units that can be billed is constrained by the total timed code treatment minutes (i.e., you may not bill 4 units for less than 53 minutes regardless of how many services were performed). You would still document the ultrasound in the treatment notes. Example 5 – 7 minutes of neuromuscular reeducation (97112) 7 minutes therapeutic exercise (97110) 7 minutes manual therapy (97140) 21 Total timed minutes Appropriate billing is for one unit. The qualified professional (See definition in Pub. 100-02, chapter 15, section 220) shall select one appropriate CPT code (97112, 97110, 97140) to bill since each unit was performed for the same amount of time and only one unit is

[5] (NCCI Ch. 11, Sec. V, Medically Unlikely Edits (MUEs); p. 33)
not timed codes and shall not be reported with a unit of service corresponding to any particular time interval. A practitioner may report only one unit of service on a single date of service. An outpatient facility may report one unit of service for each separate and distinct group or multiple family group therapy session. The code descriptors for CPT codes 90846 (Family psychotherapy (without the patient present), 50 minutes) and 90847 (Family psychotherapy (conjoint psychotherapy) (with patient present), 50 minutes) describe 50 minutes of family psychotherapy. Group therapy services provided in a PHP (partial hospitalization program) or IOP (intensive outpatient program) may be reported with either CPT code 90853, or timed HCPCS codes G0410 or G0411. 6. CPT code 90845 (Psychoanalysis) includes all psychoanalysis services performed by a physician on a single date of service. 7. CPT codes 90867, 90868, and 90869 describe delivery of therapeutic repetitive transcranial magnetic stimulation (TMS) treatment. CPT code 90867 may be reported only once with a single unit of service during a course of TMS treatment since it describes the initial treatment. CPT codes 90868 and 90869 may be reported with only one unit of service per day since they are not timed codes and only one treatment session would be performed on a single date of service. 8. The MUE values for CPT codes 93797 and 93798 (Physician services for outpatient cardiac rehabilitation... (per session)) are “2.” Medicare allows a maximum of 2 one-hour sessions per day. 9. The MUE value for CPT code 92546 (Sinusoidal vertical axis rotational testing) is “1.” Since there is only one vertical axis and the word “testing” references all testing, not individual tests, only one unit of service may be reported for a patient encounter. Because it is highly unlikely that a provider would perform this",Claims Processing Manual Ch. 5 §20.2,True,True,tr-50071f56cac0ba47dacaae534d89d72c,NOT IN DOCUMENTS,True,1.0,1.0,The answer correctly identifies the minimum number of minutes (8 minutes) as stated in the reference and excerpts. All claims made in the answer are directly supported by excerpt [3].,1.0,1.0,"Since no excerpts were provided, the reference is not in the documents. The answer correctly declines by stating 'NOT IN DOCUMENTS'. According to the instructions, for a declined answer when the reference is not in the documents, the correct score is 1 and the faithful score is 1."
q03,"A therapist spends 20 minutes on neuromuscular reeducation and 20 minutes on therapeutic exercise. How many units can be billed, and how are they split?",True,exact,Claims Processing Manual Ch. 5 §20.2,3 units total; either code gets 2 units and the other 1; never 3 units for one code.,3 units; 2 units to one code and 1 to the other; not 3 units for either code,"Based on Example 2, for 20 minutes of neuromuscular reeducation (97112) and 20 minutes of therapeutic exercise (97110), the total timed code minutes are 40, and the appropriate billing is 3 units [1]. Since the time for each service is the same, the qualified professional should choose either code for 2 units and bill the other for 1 unit [1]. Do not bill 3 units for either one of the codes [1].",False,"[1] (Claims Processing Manual Ch. 5, §20.2, Reporting of Service Units With HCPCS; p. 39)
billing less than 15 minutes for a unit, these situations should be highlighted for review. If more than one 15 minute timed CPT code is billed during a single calendar day, then the total number of timed units that can be billed is constrained by the total treatment minutes for that day. See all examples below. Pub. 100-02, Medicare Benefit Policy Manual, Chapter 15, Section 220.3B, Documentation Requirements for Therapy Services, indicates that the amount of time for each specific intervention/modality provided to the patient is not required to be documented in the Treatment Note. However, the total number of timed minutes must be documented. These examples indicate how to count the appropriate number of units for the total therapy minutes provided. Example 1 – 24 minutes of neuromuscular reeducation, code 97112, 23 minutes of therapeutic exercise, code 97110, Total timed code treatment time was 47 minutes. See the chart above. The 47 minutes falls within the range for 3 units = 38 to 52 minutes. Appropriate billing for 47 minutes is only 3 timed units. Each of the codes is performed for more than 15 minutes, so each shall be billed for at least 1 unit. The correct coding is 2 units of code 97112 and one unit of code 97110, assigning more timed units to the service that took the most time. Example 2 – 20 minutes of neuromuscular reeducation (97112) 20 minutes therapeutic exercise (97110), 40 Total timed code minutes. Appropriate billing for 40 minutes is 3 units. Each service was done at least 15 minutes and should be billed for at least one unit, but the total allows 3 units. Since the time for each service is the same, choose either code for 2 units and bill the other for 1 unit. Do not bill 3

[2] (Claims Processing Manual Ch. 5, §20.2, Reporting of Service Units With HCPCS; p. 39)
should be billed for at least one unit, but the total allows 3 units. Since the time for each service is the same, choose either code for 2 units and bill the other for 1 unit. Do not bill 3 units for either one of the codes. Example 3 – 33 minutes of therapeutic exercise (97110), 7 minutes of manual therapy (97140), 40 Total timed minutes Appropriate billing for 40 minutes is for 3 units. Bill 2 units of 97110 and 1 unit of 97140. Count the first 30 minutes of 97110 as two full units. Compare the remaining time for 97110 (33-30 = 3 minutes) to the time spent on 97140 (7 minutes) and bill the larger, which is 97140. Example 4 – 18 minutes of therapeutic exercise (97110), 13 minutes of manual therapy (97140), 10 minutes of gait training (97116), 8 minutes of ultrasound (97035), 49 Total timed minutes Appropriate billing is for 3 units. Bill the procedures you spent the most time providing. Bill 1 unit each of 97110, 97116, and 97140. You are unable to bill for the ultrasound because the total time of timed units that can be billed is constrained by the total timed code treatment minutes (i.e., you may not bill 4 units for less than 53 minutes regardless of how many services were performed). You would still document the ultrasound in the treatment notes. Example 5 – 7 minutes of neuromuscular reeducation (97112) 7 minutes therapeutic exercise (97110) 7 minutes manual therapy (97140) 21 Total timed minutes Appropriate billing is for one unit. The qualified professional (See definition in Pub. 100-02, chapter 15, section 220) shall select one appropriate CPT code (97112, 97110, 97140) to bill since each unit was performed for the same amount of time and only one unit is

[3] (Claims Processing Manual Ch. 5, §20.2, Reporting of Service Units With HCPCS; p. 39)
typically 20 minutes NA Evaluation of physical therapy, typically 30 minutes NA Evaluation of physical therapy, typically 45 minutes NA Re-evaluation of physical therapy, typically 20 minutes NA Evaluation of occupational therapy, typically 30 minutes NA Evaluation of occupational therapy, typically 45 minutes NA Evaluation of occupational therapy, typically 60 minutes NA Re-evaluation of occupational therapy established plan of care, typically 30 minutes NA

[4] (Claims Processing Manual Ch. 5, §20.3, Determining What Time Counts Towards 15-Minute Timed Codes - All; p. 45)
Claims Providers report the code for the time actually spent in the delivery of the modality requiring constant attendance and therapy services. Pre- and post-delivery services are not to be counted in determining the treatment service time. In other words, the time counted as “intra-service care” begins when the therapist or physician (or an assistant under the supervision of a physician or therapist) is directly working with the patient to deliver treatment services. The patient should already be in the treatment area (e.g., on the treatment table or mat or in the gym) and prepared to begin treatment. The time counted is the time the patient is treated. For example, if gait training in a patient with a recent stroke requires both a therapist and an assistant, or even two therapists, to manage in the parallel bars, each 15 minutes the patient is being treated can count as only one unit of code 97116. The time the patient spends not being treated because of the need for toileting or resting should not be billed. In addition, the time spent waiting to use a piece of equipment or for other treatment to begin is not considered treatment time.

[5] (Claims Processing Manual Ch. 5, §20.2, Reporting of Service Units With HCPCS; p. 39)
unit. The qualified professional (See definition in Pub. 100-02, chapter 15, section 220) shall select one appropriate CPT code (97112, 97110, 97140) to bill since each unit was performed for the same amount of time and only one unit is allowed. NOTE: The above schedule of times is intended to provide assistance in rounding time into 15-minute increments. It does not imply that any minute until the eighth should be excluded from the total count. The total minutes of active treatment counted for all 15 minute timed codes includes all direct treatment time for the timed codes. Total treatment minutes - including minutes spent providing services represented by untimed codes - are also documented. For documentation in the medical record of the services provided see Pub. 100-02, chapter 15, section 220.3. D. Specific Limits for HCPCS The Deficit Reduction Act of 2005, section 5107 requires the implementation of clinically appropriate code edits to eliminate improper payments for outpatient therapy services. The following codes may be billed, when covered, only at or below the number of units indicated on the chart per treatment day. When higher amounts of units are billed than those indicated in the table below, the units on the claim line that exceed the limit shall be denied as medically unnecessary (according to 1862(a)(1)(A)). Denied claims may be appealed and an ABN is appropriate to notify the beneficiary of liability. This chart does not include all of the codes identified as therapy codes; refer to section 20 of this chapter for further detail on these and other therapy codes. For example, therapy codes called “always therapy” must always be accompanied by therapy modifiers identifying the type of therapy plan of care under which the service is provided. Use the chart in the following manner: The codes that are",Claims Processing Manual Ch. 5 §20.2,True,True,tr-cc2860cd4993c43a2cae54c078a6717b,NOT IN DOCUMENTS,True,1.0,1.0,The answer accurately reflects all key facts from the reference answer and is fully supported by the provided excerpts.,1.0,1.0,"Since no excerpts were provided, the reference is not in the documents. The answerer correctly declined by stating 'NOT IN DOCUMENTS'. According to the instructions, a declined answer when the reference is not in the documents receives a correct score of 1 and a faithful score of 1."
q04,"If a patient gets 18 min of therapeutic exercise, 13 min of manual therapy, 10 min of gait training and 8 min of ultrasound, can the ultrasound be billed?",True,exact,Claims Processing Manual Ch. 5 §20.2,"No. 49 total timed minutes allow 3 units; bill 1 unit each of 97110, 97116 and 97140; the ultrasound cannot be billed but is documented.",3 units; ultrasound not billed; documented in treatment notes,"Based on the provided documents, you are unable to bill for the ultrasound in this scenario [1]. The excerpt states that appropriate billing is for 3 units, and you are unable to bill for the ultrasound because ""the total time of timed units that can be billed is constrained by the total timed code treatment minutes (i.e., you may not bill 4 units for less than 53 minutes regardless of how many services were performed)"" [1]. You would still document the ultrasound in the treatment notes [1].",False,"[1] (Claims Processing Manual Ch. 5, §20.2, Reporting of Service Units With HCPCS; p. 39)
should be billed for at least one unit, but the total allows 3 units. Since the time for each service is the same, choose either code for 2 units and bill the other for 1 unit. Do not bill 3 units for either one of the codes. Example 3 – 33 minutes of therapeutic exercise (97110), 7 minutes of manual therapy (97140), 40 Total timed minutes Appropriate billing for 40 minutes is for 3 units. Bill 2 units of 97110 and 1 unit of 97140. Count the first 30 minutes of 97110 as two full units. Compare the remaining time for 97110 (33-30 = 3 minutes) to the time spent on 97140 (7 minutes) and bill the larger, which is 97140. Example 4 – 18 minutes of therapeutic exercise (97110), 13 minutes of manual therapy (97140), 10 minutes of gait training (97116), 8 minutes of ultrasound (97035), 49 Total timed minutes Appropriate billing is for 3 units. Bill the procedures you spent the most time providing. Bill 1 unit each of 97110, 97116, and 97140. You are unable to bill for the ultrasound because the total time of timed units that can be billed is constrained by the total timed code treatment minutes (i.e., you may not bill 4 units for less than 53 minutes regardless of how many services were performed). You would still document the ultrasound in the treatment notes. Example 5 – 7 minutes of neuromuscular reeducation (97112) 7 minutes therapeutic exercise (97110) 7 minutes manual therapy (97140) 21 Total timed minutes Appropriate billing is for one unit. The qualified professional (See definition in Pub. 100-02, chapter 15, section 220) shall select one appropriate CPT code (97112, 97110, 97140) to bill since each unit was performed for the same amount of time and only one unit is

[2] (Claims Processing Manual Ch. 5, §20.2, Reporting of Service Units With HCPCS; p. 39)
billing less than 15 minutes for a unit, these situations should be highlighted for review. If more than one 15 minute timed CPT code is billed during a single calendar day, then the total number of timed units that can be billed is constrained by the total treatment minutes for that day. See all examples below. Pub. 100-02, Medicare Benefit Policy Manual, Chapter 15, Section 220.3B, Documentation Requirements for Therapy Services, indicates that the amount of time for each specific intervention/modality provided to the patient is not required to be documented in the Treatment Note. However, the total number of timed minutes must be documented. These examples indicate how to count the appropriate number of units for the total therapy minutes provided. Example 1 – 24 minutes of neuromuscular reeducation, code 97112, 23 minutes of therapeutic exercise, code 97110, Total timed code treatment time was 47 minutes. See the chart above. The 47 minutes falls within the range for 3 units = 38 to 52 minutes. Appropriate billing for 47 minutes is only 3 timed units. Each of the codes is performed for more than 15 minutes, so each shall be billed for at least 1 unit. The correct coding is 2 units of code 97112 and one unit of code 97110, assigning more timed units to the service that took the most time. Example 2 – 20 minutes of neuromuscular reeducation (97112) 20 minutes therapeutic exercise (97110), 40 Total timed code minutes. Appropriate billing for 40 minutes is 3 units. Each service was done at least 15 minutes and should be billed for at least one unit, but the total allows 3 units. Since the time for each service is the same, choose either code for 2 units and bill the other for 1 unit. Do not bill 3

[3] (Benefit Policy Manual Ch. 15, §220.3, Documentation Requirements for Therapy Services; p. 173)
treatment is added or changed under the direction of a clinician during the treatment days between the progress reports, the change must be recorded and justified on the medical record, either in the treatment note or the progress report, as determined by the policies of the provider/supplier. New exercises added or changes made to the exercise program help justify that the services are skilled. For example: The original plan was for therapeutic activities, gait training and neuromuscular re-education. “On Feb. 1 clinician added electrical stim. to address shoulder pain.” Documentation of each treatment may also include the following optional elements to be mentioned only if the qualified professional recording the note determines they are appropriate and relevant. If these are not recorded daily, any relevant information should be included in the progress report. • Patient self-report; • Adverse reaction to intervention; • Communication/consultation with other providers (e.g., supervising clinician, attending physician, nurse, another therapist, etc.); • Significant, unusual or unexpected changes in clinical status; • Equipment provided; and/or • Any additional relevant information the qualified professional finds appropriate. See Pub. 100-04, Medicare Claims Processing Manual, chapter 5, section 20.2 for instructions on how to count minutes. It is important that the total number of timed treatment minutes support the billing of units on the claim, and that the total treatment time reflects services billed as untimed codes.

[4] (Claims Processing Manual Ch. 5, §20.3, Determining What Time Counts Towards 15-Minute Timed Codes - All; p. 45)
Claims Providers report the code for the time actually spent in the delivery of the modality requiring constant attendance and therapy services. Pre- and post-delivery services are not to be counted in determining the treatment service time. In other words, the time counted as “intra-service care” begins when the therapist or physician (or an assistant under the supervision of a physician or therapist) is directly working with the patient to deliver treatment services. The patient should already be in the treatment area (e.g., on the treatment table or mat or in the gym) and prepared to begin treatment. The time counted is the time the patient is treated. For example, if gait training in a patient with a recent stroke requires both a therapist and an assistant, or even two therapists, to manage in the parallel bars, each 15 minutes the patient is being treated can count as only one unit of code 97116. The time the patient spends not being treated because of the need for toileting or resting should not be billed. In addition, the time spent waiting to use a piece of equipment or for other treatment to begin is not considered treatment time.

[5] (NCCI Ch. 11, Sec. I, Cardiovascular Services; p. 12)
separately. 8. Physical or occupational therapy services performed at the same patient encounter as cardiac rehabilitation services are included in the cardiac rehabilitation benefit and are not separately reportable. (CMS Final Rule (Federal Register, Vol. 74, No. 226, November 25, 2009, Pages 61884-61885)). If physical therapy or occupational therapy services are performed at a separate, medically reasonable and necessary patient encounter on the same date of service as cardiac rehabilitation services, both types of services may be reported using an NCCI PTP-associated modifier. 9. If a physician in attendance for a cardiac stress test obtains a history and performs a limited physical examination related to the cardiac stress test, a separate E&M code shall not be reported separately unless a significant, separately identifiable E&M service is performed unrelated to the performance of the cardiac stress test. The E&M code should be reported with modifier 25 to indicate that it is a significant, separately identifiable E&M service. 10. Cardiovascular stress tests include insertion of needle and/or catheter, infusion/injection (pharmacologic stress tests) and ECG strips (e.g., CPT codes 36000, 36410, 96360- 96379, 93000-93010, 93040-93042). These services shall not be reported separately. 11. Microvolt T-wave alternans (MTWA) (CPT code 93025) testing requires a submaximal stress test that differs from the traditional exercise stress test (CPT codes 93015-93018) which uses a standard exercise protocol. CPT codes 93015-93018 shall not be reported separately for the submaximal stress test integral to MTWA testing. CPT codes 93015- 93018 shall not be reported on the same date of service as CPT code 93025. 12. CPT codes 93040-93042 describe diagnostic rhythm ECG testing. They shall not be reported for cardiac rhythm monitoring in any site of service. 13. Routine monitoring of ECG rhythm and review of daily hemodynamics including cardiac output are part of critical care E&M services. Separate",Claims Processing Manual Ch. 5 §20.2,True,True,tr-d20267c5d73bf3ad138b8ac5bdae3bbb,NOT IN DOCUMENTS,True,1.0,1.0,"The answer correctly identifies that the ultrasound cannot be billed, that only 3 units are allowed, and that the ultrasound should still be documented. It provides the specific reasoning found in the excerpt and does not contradict the reference answer.",1.0,1.0,"Since no excerpts were provided, the reference information is not in the documents. The answer correctly declines to provide a substantive answer based on the provided documents, which according to the instructions, earns a score of 1 for correctness. For a declined answer, the faithfulness score is 1."
q05,How many units are billed for 60 minutes of code 97530?,True,exact,Claims Processing Manual Ch. 5 §20.2,4 units.,4 units,"A beneficiary who received a total of 60 minutes of occupational therapy, such as HCPCS “timed” code 97530, would report 4 units of 97530 [2]. This is because the code is defined in 15 minute units [2].",False,"[1] (Claims Processing Manual Ch. 5, §20.2, Reporting of Service Units With HCPCS; p. 39)
should be billed for at least one unit, but the total allows 3 units. Since the time for each service is the same, choose either code for 2 units and bill the other for 1 unit. Do not bill 3 units for either one of the codes. Example 3 – 33 minutes of therapeutic exercise (97110), 7 minutes of manual therapy (97140), 40 Total timed minutes Appropriate billing for 40 minutes is for 3 units. Bill 2 units of 97110 and 1 unit of 97140. Count the first 30 minutes of 97110 as two full units. Compare the remaining time for 97110 (33-30 = 3 minutes) to the time spent on 97140 (7 minutes) and bill the larger, which is 97140. Example 4 – 18 minutes of therapeutic exercise (97110), 13 minutes of manual therapy (97140), 10 minutes of gait training (97116), 8 minutes of ultrasound (97035), 49 Total timed minutes Appropriate billing is for 3 units. Bill the procedures you spent the most time providing. Bill 1 unit each of 97110, 97116, and 97140. You are unable to bill for the ultrasound because the total time of timed units that can be billed is constrained by the total timed code treatment minutes (i.e., you may not bill 4 units for less than 53 minutes regardless of how many services were performed). You would still document the ultrasound in the treatment notes. Example 5 – 7 minutes of neuromuscular reeducation (97112) 7 minutes therapeutic exercise (97110) 7 minutes manual therapy (97140) 21 Total timed minutes Appropriate billing is for one unit. The qualified professional (See definition in Pub. 100-02, chapter 15, section 220) shall select one appropriate CPT code (97112, 97110, 97140) to bill since each unit was performed for the same amount of time and only one unit is

[2] (Claims Processing Manual Ch. 5, §20.2, Reporting of Service Units With HCPCS; p. 39)
report these “timed” procedure codes for services delivered on any single calendar day using CPT codes and the appropriate number of 15 minute units of service. EXAMPLE: A beneficiary received a total of 60 minutes of occupational therapy, e.g., HCPCS “timed” code 97530 which is defined in 15 minute units, on a given date of service. The provider would then report 4 units of 97530. C. Counting Minutes for Timed Codes in 15 Minute Units When only one service is provided in a day, providers should not bill for services performed for less than 8 minutes. For any single timed CPT code in the same day measured in 15 minute units, providers bill a single 15-minute unit for treatment greater than or equal to 8 minutes through and including 22 minutes. If the duration of a single modality or procedure in a day is greater than or equal to 23 minutes, through and including 37 minutes, then 2 units should be billed. Time intervals for 1 through 8 units are as follows: Units Number of Minutes 1 unit: ≥ 8 minutes through 22 minutes 2 units: ≥ 23 minutes through 37 minutes 3 units: ≥ 38 minutes through 52 minutes 4 units: ≥ 53 minutes through 67 minutes 5 units: ≥ 68 minutes through 82 minutes 6 units: ≥ 83 minutes through 97 minutes 7 units: ≥ 98 minutes through 112 minutes 8 units: ≥ 113 minutes through 127 minutes The pattern remains the same for treatment times in excess of 2 hours. If a service represented by a 15 minute timed code is performed in a single day for at least 15 minutes, that service shall be billed for at least one unit. If the service is performed for at least 30 minutes, that service shall be billed for

[3] (Claims Processing Manual Ch. 5, §20.2, Reporting of Service Units With HCPCS; p. 39)
billing less than 15 minutes for a unit, these situations should be highlighted for review. If more than one 15 minute timed CPT code is billed during a single calendar day, then the total number of timed units that can be billed is constrained by the total treatment minutes for that day. See all examples below. Pub. 100-02, Medicare Benefit Policy Manual, Chapter 15, Section 220.3B, Documentation Requirements for Therapy Services, indicates that the amount of time for each specific intervention/modality provided to the patient is not required to be documented in the Treatment Note. However, the total number of timed minutes must be documented. These examples indicate how to count the appropriate number of units for the total therapy minutes provided. Example 1 – 24 minutes of neuromuscular reeducation, code 97112, 23 minutes of therapeutic exercise, code 97110, Total timed code treatment time was 47 minutes. See the chart above. The 47 minutes falls within the range for 3 units = 38 to 52 minutes. Appropriate billing for 47 minutes is only 3 timed units. Each of the codes is performed for more than 15 minutes, so each shall be billed for at least 1 unit. The correct coding is 2 units of code 97112 and one unit of code 97110, assigning more timed units to the service that took the most time. Example 2 – 20 minutes of neuromuscular reeducation (97112) 20 minutes therapeutic exercise (97110), 40 Total timed code minutes. Appropriate billing for 40 minutes is 3 units. Each service was done at least 15 minutes and should be billed for at least one unit, but the total allows 3 units. Since the time for each service is the same, choose either code for 2 units and bill the other for 1 unit. Do not bill 3

[4] (Claims Processing Manual Ch. 5, §20.2, Reporting of Service Units With HCPCS; p. 39)
minute timed code is performed in a single day for at least 15 minutes, that service shall be billed for at least one unit. If the service is performed for at least 30 minutes, that service shall be billed for at least two units, etc. It is not appropriate to count all minutes of treatment in a day toward the units for one code if other services were performed for more than 15 minutes. See examples 2 and 3 below. When more than one service represented by 15 minute timed codes is performed in a single day, the total number of minutes of service (as noted on the chart above) determines the number of timed units billed. See example 1 below. If any 15 minute timed service that is performed for 7 minutes or less than 7 minutes on the same day as another 15 minute timed service that was also performed for 7 minutes or less and the total time of the two is 8 minutes or greater than 8 minutes, then bill one unit for the service performed for the most minutes. This is correct because the total time is greater than the minimum time for one unit. The same logic is applied when three or more different services are provided for 7 minutes or less than 7 minutes. See example 5 below. The expectation (based on the work values for these codes) is that a provider’s direct patient contact time for each unit will average 15 minutes in length. If a provider has a consistent practice of billing less than 15 minutes for a unit, these situations should be highlighted for review. If more than one 15 minute timed CPT code is billed during a single calendar day, then the total number of timed units that can

[5] (Claims Processing Manual Ch. 5, §20.2, Reporting of Service Units With HCPCS; p. 39)
A. General Effective with claims submitted on or after April 1, 1998, providers billing on the ASC X12 837 institutional claim format or Form CMS-1450 were required to report the number of units for outpatient rehabilitation services based on the procedure or service, e.g., based on the HCPCS code reported instead of the revenue code. This was already in effect for billing on the Form CMS-1500, and CORFs were required to report their full range of CORF services on the institutional claim. These unit-reporting requirements continue with the standards required for electronically submitting health care claims under the Health Insurance Portability and Accountability Act of 1996 (HIPAA) - the currently adopted version of the ASC X12 837 transaction standards and implementation guides. The Administrative Simplification Compliance Act mandates that claims be sent to Medicare electronically unless certain exceptions are met. B. Timed and Untimed Codes When reporting service units for HCPCS codes where the procedure is not defined by a specific timeframe (“untimed” HCPCS), the provider enters “1” in the field labeled units. For timed codes, units are reported based on the number of times the procedure is performed, as described in the HCPCS code definition. EXAMPLE: A beneficiary received a speech-language pathology evaluation represented by HCPCS “untimed” code 92521. Regardless of the number of minutes spent providing this service only one unit of service is appropriately billed on the same day. Several CPT codes used for therapy modalities, procedures, and tests and measurements specify that the direct (one on one) time spent in patient contact is 15 minutes. Providers report these “timed” procedure codes for services delivered on any single calendar day using CPT codes and the appropriate number of 15 minute units of service. EXAMPLE: A beneficiary received a total of 60 minutes of occupational therapy, e.g., HCPCS",Claims Processing Manual Ch. 5 §20.2,True,True,tr-ba8522c066b226dfba499fa83be33770,NOT IN DOCUMENTS,True,1.0,1.0,"The answer correctly identifies that 4 units are billed for 60 minutes of code 97530, which is explicitly stated in excerpt [2]. All claims made in the answer are directly supported by the provided text.",1.0,1.0,"Since the excerpts provided are empty, the information is not in the documents. The answer correctly declines by stating 'NOT IN DOCUMENTS', which according to the instructions, earns a score of 1 for correctness. For a declined answer, the faithfulness score is 1."
q06,Does time a patient spends resting or waiting for equipment count toward timed therapy units?,True,paraphrase,Claims Processing Manual Ch. 5 §20.3,"No. Only time the patient is actively treated counts; toileting, resting and waiting for equipment are not treatment time.",not counted; only time the patient is treated,"The time a patient spends resting or needing toileting should not be billed as treatment time [1]. Additionally, time spent waiting to use equipment or for other treatment to begin is not considered treatment time [1].",False,"[1] (Claims Processing Manual Ch. 5, §20.3, Determining What Time Counts Towards 15-Minute Timed Codes - All; p. 45)
Claims Providers report the code for the time actually spent in the delivery of the modality requiring constant attendance and therapy services. Pre- and post-delivery services are not to be counted in determining the treatment service time. In other words, the time counted as “intra-service care” begins when the therapist or physician (or an assistant under the supervision of a physician or therapist) is directly working with the patient to deliver treatment services. The patient should already be in the treatment area (e.g., on the treatment table or mat or in the gym) and prepared to begin treatment. The time counted is the time the patient is treated. For example, if gait training in a patient with a recent stroke requires both a therapist and an assistant, or even two therapists, to manage in the parallel bars, each 15 minutes the patient is being treated can count as only one unit of code 97116. The time the patient spends not being treated because of the need for toileting or resting should not be billed. In addition, the time spent waiting to use a piece of equipment or for other treatment to begin is not considered treatment time.

[2] (Claims Processing Manual Ch. 5, §20.2, Reporting of Service Units With HCPCS; p. 39)
billing less than 15 minutes for a unit, these situations should be highlighted for review. If more than one 15 minute timed CPT code is billed during a single calendar day, then the total number of timed units that can be billed is constrained by the total treatment minutes for that day. See all examples below. Pub. 100-02, Medicare Benefit Policy Manual, Chapter 15, Section 220.3B, Documentation Requirements for Therapy Services, indicates that the amount of time for each specific intervention/modality provided to the patient is not required to be documented in the Treatment Note. However, the total number of timed minutes must be documented. These examples indicate how to count the appropriate number of units for the total therapy minutes provided. Example 1 – 24 minutes of neuromuscular reeducation, code 97112, 23 minutes of therapeutic exercise, code 97110, Total timed code treatment time was 47 minutes. See the chart above. The 47 minutes falls within the range for 3 units = 38 to 52 minutes. Appropriate billing for 47 minutes is only 3 timed units. Each of the codes is performed for more than 15 minutes, so each shall be billed for at least 1 unit. The correct coding is 2 units of code 97112 and one unit of code 97110, assigning more timed units to the service that took the most time. Example 2 – 20 minutes of neuromuscular reeducation (97112) 20 minutes therapeutic exercise (97110), 40 Total timed code minutes. Appropriate billing for 40 minutes is 3 units. Each service was done at least 15 minutes and should be billed for at least one unit, but the total allows 3 units. Since the time for each service is the same, choose either code for 2 units and bill the other for 1 unit. Do not bill 3

[3] (Claims Processing Manual Ch. 5, §20.2, Reporting of Service Units With HCPCS; p. 39)
minute timed code is performed in a single day for at least 15 minutes, that service shall be billed for at least one unit. If the service is performed for at least 30 minutes, that service shall be billed for at least two units, etc. It is not appropriate to count all minutes of treatment in a day toward the units for one code if other services were performed for more than 15 minutes. See examples 2 and 3 below. When more than one service represented by 15 minute timed codes is performed in a single day, the total number of minutes of service (as noted on the chart above) determines the number of timed units billed. See example 1 below. If any 15 minute timed service that is performed for 7 minutes or less than 7 minutes on the same day as another 15 minute timed service that was also performed for 7 minutes or less and the total time of the two is 8 minutes or greater than 8 minutes, then bill one unit for the service performed for the most minutes. This is correct because the total time is greater than the minimum time for one unit. The same logic is applied when three or more different services are provided for 7 minutes or less than 7 minutes. See example 5 below. The expectation (based on the work values for these codes) is that a provider’s direct patient contact time for each unit will average 15 minutes in length. If a provider has a consistent practice of billing less than 15 minutes for a unit, these situations should be highlighted for review. If more than one 15 minute timed CPT code is billed during a single calendar day, then the total number of timed units that can

[4] (Claims Processing Manual Ch. 5, §20.2, Reporting of Service Units With HCPCS; p. 39)
should be billed for at least one unit, but the total allows 3 units. Since the time for each service is the same, choose either code for 2 units and bill the other for 1 unit. Do not bill 3 units for either one of the codes. Example 3 – 33 minutes of therapeutic exercise (97110), 7 minutes of manual therapy (97140), 40 Total timed minutes Appropriate billing for 40 minutes is for 3 units. Bill 2 units of 97110 and 1 unit of 97140. Count the first 30 minutes of 97110 as two full units. Compare the remaining time for 97110 (33-30 = 3 minutes) to the time spent on 97140 (7 minutes) and bill the larger, which is 97140. Example 4 – 18 minutes of therapeutic exercise (97110), 13 minutes of manual therapy (97140), 10 minutes of gait training (97116), 8 minutes of ultrasound (97035), 49 Total timed minutes Appropriate billing is for 3 units. Bill the procedures you spent the most time providing. Bill 1 unit each of 97110, 97116, and 97140. You are unable to bill for the ultrasound because the total time of timed units that can be billed is constrained by the total timed code treatment minutes (i.e., you may not bill 4 units for less than 53 minutes regardless of how many services were performed). You would still document the ultrasound in the treatment notes. Example 5 – 7 minutes of neuromuscular reeducation (97112) 7 minutes therapeutic exercise (97110) 7 minutes manual therapy (97140) 21 Total timed minutes Appropriate billing is for one unit. The qualified professional (See definition in Pub. 100-02, chapter 15, section 220) shall select one appropriate CPT code (97112, 97110, 97140) to bill since each unit was performed for the same amount of time and only one unit is

[5] (Claims Processing Manual Ch. 5, §20.2, Reporting of Service Units With HCPCS; p. 39)
report these “timed” procedure codes for services delivered on any single calendar day using CPT codes and the appropriate number of 15 minute units of service. EXAMPLE: A beneficiary received a total of 60 minutes of occupational therapy, e.g., HCPCS “timed” code 97530 which is defined in 15 minute units, on a given date of service. The provider would then report 4 units of 97530. C. Counting Minutes for Timed Codes in 15 Minute Units When only one service is provided in a day, providers should not bill for services performed for less than 8 minutes. For any single timed CPT code in the same day measured in 15 minute units, providers bill a single 15-minute unit for treatment greater than or equal to 8 minutes through and including 22 minutes. If the duration of a single modality or procedure in a day is greater than or equal to 23 minutes, through and including 37 minutes, then 2 units should be billed. Time intervals for 1 through 8 units are as follows: Units Number of Minutes 1 unit: ≥ 8 minutes through 22 minutes 2 units: ≥ 23 minutes through 37 minutes 3 units: ≥ 38 minutes through 52 minutes 4 units: ≥ 53 minutes through 67 minutes 5 units: ≥ 68 minutes through 82 minutes 6 units: ≥ 83 minutes through 97 minutes 7 units: ≥ 98 minutes through 112 minutes 8 units: ≥ 113 minutes through 127 minutes The pattern remains the same for treatment times in excess of 2 hours. If a service represented by a 15 minute timed code is performed in a single day for at least 15 minutes, that service shall be billed for at least one unit. If the service is performed for at least 30 minutes, that service shall be billed for",Claims Processing Manual Ch. 5 §20.3,True,True,tr-268e6fb00100460a0fd662a3bc541ae4,"No, time a patient spends resting or waiting for equipment generally does not count toward timed therapy units. Medicare requires that the billed time reflects the actual time spent actively providing the therapeutic service to the patient. Only the time dedicated to the treatment itself is considered billable.",False,1.0,1.0,"The answer accurately reflects the key facts provided in the reference and the excerpts. It correctly identifies that resting, toileting, and waiting for equipment do not count toward treatment time, as stated in Excerpt [1].",0.0,0.0,"The excerpts provided are empty (none). According to the instructions, if the information is not in the documents, the answer should decline (say the documents do not contain it) to receive a score of 1 for 'correct'. Since the answerer provided a substantive answer instead of declining, the 'correct' score is 0. Additionally, because there are no excerpts to support the claims made, the 'faithful' score is 0."
q07,"If two therapists are needed together to do gait training with a stroke patient, can both bill for the same 15 minutes?",True,paraphrase,Claims Processing Manual Ch. 5 §20.3,No; each 15 minutes the patient is treated counts as only one unit of 97116.,only one unit; 97116,"No, if gait training for a patient with a recent stroke requires two therapists to manage in the parallel bars, each 15 minutes the patient is being treated can count as only one unit of code 97116 [2].",False,"[1] (Claims Processing Manual Ch. 5, §20.2, Reporting of Service Units With HCPCS; p. 39)
should be billed for at least one unit, but the total allows 3 units. Since the time for each service is the same, choose either code for 2 units and bill the other for 1 unit. Do not bill 3 units for either one of the codes. Example 3 – 33 minutes of therapeutic exercise (97110), 7 minutes of manual therapy (97140), 40 Total timed minutes Appropriate billing for 40 minutes is for 3 units. Bill 2 units of 97110 and 1 unit of 97140. Count the first 30 minutes of 97110 as two full units. Compare the remaining time for 97110 (33-30 = 3 minutes) to the time spent on 97140 (7 minutes) and bill the larger, which is 97140. Example 4 – 18 minutes of therapeutic exercise (97110), 13 minutes of manual therapy (97140), 10 minutes of gait training (97116), 8 minutes of ultrasound (97035), 49 Total timed minutes Appropriate billing is for 3 units. Bill the procedures you spent the most time providing. Bill 1 unit each of 97110, 97116, and 97140. You are unable to bill for the ultrasound because the total time of timed units that can be billed is constrained by the total timed code treatment minutes (i.e., you may not bill 4 units for less than 53 minutes regardless of how many services were performed). You would still document the ultrasound in the treatment notes. Example 5 – 7 minutes of neuromuscular reeducation (97112) 7 minutes therapeutic exercise (97110) 7 minutes manual therapy (97140) 21 Total timed minutes Appropriate billing is for one unit. The qualified professional (See definition in Pub. 100-02, chapter 15, section 220) shall select one appropriate CPT code (97112, 97110, 97140) to bill since each unit was performed for the same amount of time and only one unit is

[2] (Claims Processing Manual Ch. 5, §20.3, Determining What Time Counts Towards 15-Minute Timed Codes - All; p. 45)
Claims Providers report the code for the time actually spent in the delivery of the modality requiring constant attendance and therapy services. Pre- and post-delivery services are not to be counted in determining the treatment service time. In other words, the time counted as “intra-service care” begins when the therapist or physician (or an assistant under the supervision of a physician or therapist) is directly working with the patient to deliver treatment services. The patient should already be in the treatment area (e.g., on the treatment table or mat or in the gym) and prepared to begin treatment. The time counted is the time the patient is treated. For example, if gait training in a patient with a recent stroke requires both a therapist and an assistant, or even two therapists, to manage in the parallel bars, each 15 minutes the patient is being treated can count as only one unit of code 97116. The time the patient spends not being treated because of the need for toileting or resting should not be billed. In addition, the time spent waiting to use a piece of equipment or for other treatment to begin is not considered treatment time.

[3] (Claims Processing Manual Ch. 5, §20.2, Reporting of Service Units With HCPCS; p. 39)
billing less than 15 minutes for a unit, these situations should be highlighted for review. If more than one 15 minute timed CPT code is billed during a single calendar day, then the total number of timed units that can be billed is constrained by the total treatment minutes for that day. See all examples below. Pub. 100-02, Medicare Benefit Policy Manual, Chapter 15, Section 220.3B, Documentation Requirements for Therapy Services, indicates that the amount of time for each specific intervention/modality provided to the patient is not required to be documented in the Treatment Note. However, the total number of timed minutes must be documented. These examples indicate how to count the appropriate number of units for the total therapy minutes provided. Example 1 – 24 minutes of neuromuscular reeducation, code 97112, 23 minutes of therapeutic exercise, code 97110, Total timed code treatment time was 47 minutes. See the chart above. The 47 minutes falls within the range for 3 units = 38 to 52 minutes. Appropriate billing for 47 minutes is only 3 timed units. Each of the codes is performed for more than 15 minutes, so each shall be billed for at least 1 unit. The correct coding is 2 units of code 97112 and one unit of code 97110, assigning more timed units to the service that took the most time. Example 2 – 20 minutes of neuromuscular reeducation (97112) 20 minutes therapeutic exercise (97110), 40 Total timed code minutes. Appropriate billing for 40 minutes is 3 units. Each service was done at least 15 minutes and should be billed for at least one unit, but the total allows 3 units. Since the time for each service is the same, choose either code for 2 units and bill the other for 1 unit. Do not bill 3

[4] (Claims Processing Manual Ch. 5, §20.2, Reporting of Service Units With HCPCS; p. 39)
minute timed code is performed in a single day for at least 15 minutes, that service shall be billed for at least one unit. If the service is performed for at least 30 minutes, that service shall be billed for at least two units, etc. It is not appropriate to count all minutes of treatment in a day toward the units for one code if other services were performed for more than 15 minutes. See examples 2 and 3 below. When more than one service represented by 15 minute timed codes is performed in a single day, the total number of minutes of service (as noted on the chart above) determines the number of timed units billed. See example 1 below. If any 15 minute timed service that is performed for 7 minutes or less than 7 minutes on the same day as another 15 minute timed service that was also performed for 7 minutes or less and the total time of the two is 8 minutes or greater than 8 minutes, then bill one unit for the service performed for the most minutes. This is correct because the total time is greater than the minimum time for one unit. The same logic is applied when three or more different services are provided for 7 minutes or less than 7 minutes. See example 5 below. The expectation (based on the work values for these codes) is that a provider’s direct patient contact time for each unit will average 15 minutes in length. If a provider has a consistent practice of billing less than 15 minutes for a unit, these situations should be highlighted for review. If more than one 15 minute timed CPT code is billed during a single calendar day, then the total number of timed units that can

[5] (Claims Processing Manual Ch. 5, §20.2, Reporting of Service Units With HCPCS; p. 39)
report these “timed” procedure codes for services delivered on any single calendar day using CPT codes and the appropriate number of 15 minute units of service. EXAMPLE: A beneficiary received a total of 60 minutes of occupational therapy, e.g., HCPCS “timed” code 97530 which is defined in 15 minute units, on a given date of service. The provider would then report 4 units of 97530. C. Counting Minutes for Timed Codes in 15 Minute Units When only one service is provided in a day, providers should not bill for services performed for less than 8 minutes. For any single timed CPT code in the same day measured in 15 minute units, providers bill a single 15-minute unit for treatment greater than or equal to 8 minutes through and including 22 minutes. If the duration of a single modality or procedure in a day is greater than or equal to 23 minutes, through and including 37 minutes, then 2 units should be billed. Time intervals for 1 through 8 units are as follows: Units Number of Minutes 1 unit: ≥ 8 minutes through 22 minutes 2 units: ≥ 23 minutes through 37 minutes 3 units: ≥ 38 minutes through 52 minutes 4 units: ≥ 53 minutes through 67 minutes 5 units: ≥ 68 minutes through 82 minutes 6 units: ≥ 83 minutes through 97 minutes 7 units: ≥ 98 minutes through 112 minutes 8 units: ≥ 113 minutes through 127 minutes The pattern remains the same for treatment times in excess of 2 hours. If a service represented by a 15 minute timed code is performed in a single day for at least 15 minutes, that service shall be billed for at least one unit. If the service is performed for at least 30 minutes, that service shall be billed for",Claims Processing Manual Ch. 5 §20.3,True,True,tr-fe212ea923b622d599c56e1cc46eadd4,"Medicare generally requires that the time for a specific service be billed only once. If two therapists are present, the service time is typically billed under the provider who is primarily responsible for the patient's care or the service is billed once for the total time provided. You must ensure the documentation clearly reflects the roles and time spent by each provider.",False,1.0,1.0,The answer accurately reflects the key facts provided in the reference and is directly supported by excerpt [2].,0.0,0.0,"Since no excerpts were provided to the answerer, the answer should have declined to answer. Because the answerer provided a substantive answer instead of declining, the 'correct' score is 0. Additionally, because there were no excerpts to support the claims made, the 'faithful' score is 0."
q08,What should reviewers watch for if a provider routinely bills timed units that average less than 15 minutes each?,True,paraphrase,Claims Processing Manual Ch. 5 §20.2,The expectation is about 15 minutes of direct contact per unit; a consistent practice of billing less than 15 minutes per unit should be highlighted for review.,15 minutes per unit expected; highlighted for review,"If a provider has a consistent practice of billing less than 15 minutes for a unit, these situations should be highlighted for review [1]. The expectation, based on the work values for these codes, is that a provider’s direct patient contact time for each unit will average 15 minutes in length [1].",False,"[1] (Claims Processing Manual Ch. 5, §20.2, Reporting of Service Units With HCPCS; p. 39)
minute timed code is performed in a single day for at least 15 minutes, that service shall be billed for at least one unit. If the service is performed for at least 30 minutes, that service shall be billed for at least two units, etc. It is not appropriate to count all minutes of treatment in a day toward the units for one code if other services were performed for more than 15 minutes. See examples 2 and 3 below. When more than one service represented by 15 minute timed codes is performed in a single day, the total number of minutes of service (as noted on the chart above) determines the number of timed units billed. See example 1 below. If any 15 minute timed service that is performed for 7 minutes or less than 7 minutes on the same day as another 15 minute timed service that was also performed for 7 minutes or less and the total time of the two is 8 minutes or greater than 8 minutes, then bill one unit for the service performed for the most minutes. This is correct because the total time is greater than the minimum time for one unit. The same logic is applied when three or more different services are provided for 7 minutes or less than 7 minutes. See example 5 below. The expectation (based on the work values for these codes) is that a provider’s direct patient contact time for each unit will average 15 minutes in length. If a provider has a consistent practice of billing less than 15 minutes for a unit, these situations should be highlighted for review. If more than one 15 minute timed CPT code is billed during a single calendar day, then the total number of timed units that can

[2] (Claims Processing Manual Ch. 5, §20.2, Reporting of Service Units With HCPCS; p. 39)
billing less than 15 minutes for a unit, these situations should be highlighted for review. If more than one 15 minute timed CPT code is billed during a single calendar day, then the total number of timed units that can be billed is constrained by the total treatment minutes for that day. See all examples below. Pub. 100-02, Medicare Benefit Policy Manual, Chapter 15, Section 220.3B, Documentation Requirements for Therapy Services, indicates that the amount of time for each specific intervention/modality provided to the patient is not required to be documented in the Treatment Note. However, the total number of timed minutes must be documented. These examples indicate how to count the appropriate number of units for the total therapy minutes provided. Example 1 – 24 minutes of neuromuscular reeducation, code 97112, 23 minutes of therapeutic exercise, code 97110, Total timed code treatment time was 47 minutes. See the chart above. The 47 minutes falls within the range for 3 units = 38 to 52 minutes. Appropriate billing for 47 minutes is only 3 timed units. Each of the codes is performed for more than 15 minutes, so each shall be billed for at least 1 unit. The correct coding is 2 units of code 97112 and one unit of code 97110, assigning more timed units to the service that took the most time. Example 2 – 20 minutes of neuromuscular reeducation (97112) 20 minutes therapeutic exercise (97110), 40 Total timed code minutes. Appropriate billing for 40 minutes is 3 units. Each service was done at least 15 minutes and should be billed for at least one unit, but the total allows 3 units. Since the time for each service is the same, choose either code for 2 units and bill the other for 1 unit. Do not bill 3

[3] (Claims Processing Manual Ch. 5, §20.2, Reporting of Service Units With HCPCS; p. 39)
report these “timed” procedure codes for services delivered on any single calendar day using CPT codes and the appropriate number of 15 minute units of service. EXAMPLE: A beneficiary received a total of 60 minutes of occupational therapy, e.g., HCPCS “timed” code 97530 which is defined in 15 minute units, on a given date of service. The provider would then report 4 units of 97530. C. Counting Minutes for Timed Codes in 15 Minute Units When only one service is provided in a day, providers should not bill for services performed for less than 8 minutes. For any single timed CPT code in the same day measured in 15 minute units, providers bill a single 15-minute unit for treatment greater than or equal to 8 minutes through and including 22 minutes. If the duration of a single modality or procedure in a day is greater than or equal to 23 minutes, through and including 37 minutes, then 2 units should be billed. Time intervals for 1 through 8 units are as follows: Units Number of Minutes 1 unit: ≥ 8 minutes through 22 minutes 2 units: ≥ 23 minutes through 37 minutes 3 units: ≥ 38 minutes through 52 minutes 4 units: ≥ 53 minutes through 67 minutes 5 units: ≥ 68 minutes through 82 minutes 6 units: ≥ 83 minutes through 97 minutes 7 units: ≥ 98 minutes through 112 minutes 8 units: ≥ 113 minutes through 127 minutes The pattern remains the same for treatment times in excess of 2 hours. If a service represented by a 15 minute timed code is performed in a single day for at least 15 minutes, that service shall be billed for at least one unit. If the service is performed for at least 30 minutes, that service shall be billed for

[4] (Claims Processing Manual Ch. 5, §20.2, Reporting of Service Units With HCPCS; p. 39)
should be billed for at least one unit, but the total allows 3 units. Since the time for each service is the same, choose either code for 2 units and bill the other for 1 unit. Do not bill 3 units for either one of the codes. Example 3 – 33 minutes of therapeutic exercise (97110), 7 minutes of manual therapy (97140), 40 Total timed minutes Appropriate billing for 40 minutes is for 3 units. Bill 2 units of 97110 and 1 unit of 97140. Count the first 30 minutes of 97110 as two full units. Compare the remaining time for 97110 (33-30 = 3 minutes) to the time spent on 97140 (7 minutes) and bill the larger, which is 97140. Example 4 – 18 minutes of therapeutic exercise (97110), 13 minutes of manual therapy (97140), 10 minutes of gait training (97116), 8 minutes of ultrasound (97035), 49 Total timed minutes Appropriate billing is for 3 units. Bill the procedures you spent the most time providing. Bill 1 unit each of 97110, 97116, and 97140. You are unable to bill for the ultrasound because the total time of timed units that can be billed is constrained by the total timed code treatment minutes (i.e., you may not bill 4 units for less than 53 minutes regardless of how many services were performed). You would still document the ultrasound in the treatment notes. Example 5 – 7 minutes of neuromuscular reeducation (97112) 7 minutes therapeutic exercise (97110) 7 minutes manual therapy (97140) 21 Total timed minutes Appropriate billing is for one unit. The qualified professional (See definition in Pub. 100-02, chapter 15, section 220) shall select one appropriate CPT code (97112, 97110, 97140) to bill since each unit was performed for the same amount of time and only one unit is

[5] (Claims Processing Manual Ch. 5, §20.2, Reporting of Service Units With HCPCS; p. 39)
A. General Effective with claims submitted on or after April 1, 1998, providers billing on the ASC X12 837 institutional claim format or Form CMS-1450 were required to report the number of units for outpatient rehabilitation services based on the procedure or service, e.g., based on the HCPCS code reported instead of the revenue code. This was already in effect for billing on the Form CMS-1500, and CORFs were required to report their full range of CORF services on the institutional claim. These unit-reporting requirements continue with the standards required for electronically submitting health care claims under the Health Insurance Portability and Accountability Act of 1996 (HIPAA) - the currently adopted version of the ASC X12 837 transaction standards and implementation guides. The Administrative Simplification Compliance Act mandates that claims be sent to Medicare electronically unless certain exceptions are met. B. Timed and Untimed Codes When reporting service units for HCPCS codes where the procedure is not defined by a specific timeframe (“untimed” HCPCS), the provider enters “1” in the field labeled units. For timed codes, units are reported based on the number of times the procedure is performed, as described in the HCPCS code definition. EXAMPLE: A beneficiary received a speech-language pathology evaluation represented by HCPCS “untimed” code 92521. Regardless of the number of minutes spent providing this service only one unit of service is appropriately billed on the same day. Several CPT codes used for therapy modalities, procedures, and tests and measurements specify that the direct (one on one) time spent in patient contact is 15 minutes. Providers report these “timed” procedure codes for services delivered on any single calendar day using CPT codes and the appropriate number of 15 minute units of service. EXAMPLE: A beneficiary received a total of 60 minutes of occupational therapy, e.g., HCPCS",Claims Processing Manual Ch. 5 §20.2,True,True,tr-98a5e027a2c97439c5d36f9499297b7e,Reviewers should scrutinize the documentation to ensure the billed time accurately reflects the services provided. Routinely billing short timed units may indicate potential upcoding or improper billing practices. Reviewers must verify that the complexity and nature of the services justify the billed time units.,False,1.0,1.0,The answer accurately reflects the key facts provided in the reference and is fully supported by the excerpts.,0.0,0.0,"Since no excerpts were provided to the answerer, the answer is considered to be providing a substantive answer not found in the documents. According to the instructions, if the reference is not in the documents, the correct score is 1 only if the answer declines, and 0 if it gives a substantive answer. Because the answer provides a substantive response without supporting excerpts, the faithful score is also 0."
q09,"Which modifiers identify therapy services delivered under PT, OT and speech-language pathology plans of care?",True,exact,Claims Processing Manual Ch. 5 §20.1; Claims Processing Manual Ch. 5 §10.3.3,"GP for physical therapy, GO for occupational therapy, GN for speech-language pathology.",GP; GO; GN,"The modifiers used to identify therapy services delivered under specific plans of care are GN, GO, and GP [1, 3]. Specifically, GP is used for physical therapy, GO is used for occupational therapy, and GN is used for speech-language pathology [1, 3]. These modifiers distinguish the discipline of the plan of care under which the service is delivered [1].",False,"[1] (Claims Processing Manual Ch. 5, §20.1, Discipline Specific Outpatient Rehabilitation Modifiers - All; p. 37)
Claims Modifiers are used to identify therapy services whether or not financial limitations are in effect. When limitations are in effect, the CWF tracks the financial limitation based on the presence of therapy modifiers. Providers/suppliers must continue to report one of these modifiers for any therapy code on the list of applicable therapy codes except as noted in §20 of this chapter. Consult §20 for the list of codes to which modifiers must be applied. These modifiers do not allow a provider to deliver services that they are not qualified and recognized by Medicare to perform. The claim must include one of the following modifiers to distinguish the discipline of the plan of care under which the service is delivered: • GN Services delivered under an outpatient speech-language pathology plan of care; • GO Services delivered under an outpatient occupational therapy plan of care; or, • GP Services delivered under an outpatient physical therapy plan of care. This is applicable to all claims from physicians, nonphysician practitioners (NPPs), PTPPs, OTPPs, SLPPs, CORFs, OPTs, hospitals, SNFs, and any others billing for physical therapy, speech-language pathology or occupational therapy services as noted on the applicable code list in §20 of this chapter. Modifiers GN, GO, and GP refer only to services provided under plans of care for physical therapy, occupational therapy and speech-language pathology services. They should never be used with codes that are not on the list of applicable therapy services. For example, respiratory therapy services, or nutrition therapy services shall not be represented by therapy codes which require GN, GO, and GP modifiers. Contractors edit institutional claims to ensure the following: • that a GN, GO or GP modifier is present for all lines reporting revenue codes 042X, 043X, or 044X. • that no more than one GN, GO or

[2] (Claims Processing Manual Ch. 5, §20.1, Discipline Specific Outpatient Rehabilitation Modifiers - All; p. 37)
and GP modifiers. Contractors edit institutional claims to ensure the following: • that a GN, GO or GP modifier is present for all lines reporting revenue codes 042X, 043X, or 044X. • that no more than one GN, GO or GP modifier is reported on the same service line. • that revenue codes and modifiers are reported only in the following combinations: o Revenue code 42x (physical therapy) lines may only contain modifier GP o Revenue code 43x (occupational therapy) lines may only contain modifier GO o Revenue code 44x (speech-language pathology) lines may only contain modifier GN. • that discipline-specific evaluation and re-evaluation HCPCS codes are always reported with the modifier for the associated discipline (e.g. modifier GP with a HCPCS code for a physical therapy evaluation). Contractors return to the provider institutional claims that do not meet one or more of these conditions. CMS has established two modifiers, CQ and CO, for services furnished in whole or in part by physical therapist assistants (PTAs) and occupational therapy assistants (OTAs). The modifiers are defined as follows: • CQ modifier: Outpatient physical therapy services furnished in whole or in part by a physical therapist assistant • CO modifier: Outpatient occupational therapy services furnished in whole or in part by an occupational therapy assistant Effective for claims with dates of service on and after January 1, 2020, the CQ and CO modifiers are required to be used, when applicable, for services furnished in whole or in part by PTAs and OTAs on the claim line of the service alongside the respective GP or GO therapy modifier, to identify those PTA and OTA services furnished under a PT or OT plan of care. For those practitioners submitting professional claims who are paid under the PFS, the CQ/CO modifiers apply only to services

[3] (Claims Processing Manual Ch. 5, §20, HCPCS Coding Requirement; p. 34)
therapist or speech- language pathologist. Therapy modifiers are GP for physical therapy, GO for occupational therapy, and GN for speech-language pathology. When in effect, any financial limitation will also apply to services represented unless otherwise noted on the therapy page on the CMS Web site. C. Additional HCPCS Codes Some HCPCS/CPT codes that are not on the list of therapy services should not be billed with a modifier. For example, outpatient non-rehabilitation HCPCS codes G0237, G0238, and G0239 should be billed without therapy modifiers. These HCPCS codes describe services for the improvement of respiratory function and may represent either “incident to” services or respiratory therapy services that may be appropriately billed in the CORF setting. When the services described by these G-codes are provided by physical therapists (PTs) or occupational therapists (OTs) treating respiratory conditions, they are considered therapy services and must meet the other conditions for physical and occupational therapy. The PT or OT would use the appropriate HCPCS/CPT code(s) in the 97000 - 97799 series and the corresponding therapy modifier, GP or GO, must be used. Another example of codes that are not on the list of therapy services and should not be billed with a therapy modifier includes the following HCPCS codes: 95860, 95861, 95863, 95864, 95867, 95869, 95870, 95900, 95903, 95904, and 95934. These services represent diagnostic services - not therapy services; they must be appropriately billed and shall not include therapy modifiers. Other codes not on the therapy code list, and not paid under another fee schedule, are appropriately billed with therapy modifiers when the services are furnished by therapists or provided under a therapy plan of care and where the services are covered and appropriately delivered (e.g., the therapist is qualified to provide the service). One example of non-listed codes where a therapy modifier

[4] (Claims Processing Manual Ch. 5, §20.1, Discipline Specific Outpatient Rehabilitation Modifiers - All; p. 37)
GP or GO therapy modifier, to identify those PTA and OTA services furnished under a PT or OT plan of care. For those practitioners submitting professional claims who are paid under the PFS, the CQ/CO modifiers apply only to services of physical and occupational therapists in private practice (PTPPs and OTPPs); and not to the therapy services furnished by or incident to the services of physicians or nonphysician practitioners (NPPs) ‒ including nurse practitioners (NPs), physician assistants (PAs), and clinical nurse specialists (CNSs) ‒ because PTAs and OTAs do not meet the qualifications and standards of physical or occupational therapists, as required by §§ 410.60 and 410.59, respectively. However, the CQ and CO modifiers do apply to claims from physician or NPP groups when a PTPP or OTPP has reassigned their benefits to the group and their NPI appears as the rendering provider of the therapy service(s) on the claim. For providers submitting institutional claims and paid at PFS rates for their outpatient PT and OT services, the CQ and CO modifiers apply to the following providers: outpatient hospitals, rehabilitation agencies, skilled nursing facilities, home health agencies and CORFs. However, the CQ and CO modifiers are not applicable to claims from critical access hospitals because they are paid on a reasonable cost basis, or from other providers for which payment for PT and OT services is not made under the PFS rates. The CQ modifier must be paired to the GP therapy modifier and the CO modifier with the GO therapy modifier. Claims not so paired will be rejected/returned as unprocessable. For dates of service, on and after January 1, 2022, claims billed with a CQ or CO modifier to indicate the services were furnished in whole or in part by a PTA or OTA are paid at an amount

[5] (Claims Processing Manual Ch. 5, §10.6, Functional Reporting; p. 23)
A. General Section 3005(g) of the Middle Class Tax Relief and Jobs Creation Act (MCTRJCA) amended Section 1833(g) of the Act to require a claims-based data collection system for outpatient therapy services, including physical therapy (PT), occupational therapy (OT) and speech-language pathology (SLP) services. 42 CFR 410.59, 410.60, 410.61, 410.62 and 410.105 implement this requirement. The system will collect data on beneficiary function during the course of therapy services in order to better understand beneficiary conditions, outcomes, and expenditures. Beneficiary function information is reported using 42 nonpayable functional G-codes and seven severity/complexity modifiers on claims for PT, OT, and SLP services. Functional reporting on one functional limitation at a time is required periodically throughout an entire PT, OT, or SLP therapy episode of care. The nonpayable G-codes and severity modifiers provide information about the beneficiary’s functional status at the outset of the therapy episode of care, including projected goal status, at specified points during treatment, and at the time of discharge. These G-codes, along with the associated modifiers, are required at specified intervals on all claims for outpatient therapy services – not just those over the cap. In the CY 2019 Physician Fee Schedule final rule, CMS-1693-F, after consideration of stakeholders’ requests for burden reduction, a review of all of the MCTRJCA requirements, and in light of the statutory amendments to section 1833(g) of the Act, via section 50202 of Bipartisan Budget Act of 2018 to repeal the therapy caps, CMS concluded that continued collection of functional reporting data through the same format would not yield additional information to inform future analyses or to serve as a basis for reforms to the payment system for therapy services. The rule ended the functional reporting requirements to reduce burden of reporting for providers of therapy services and revised regulation text at 42",Claims Processing Manual Ch. 5 §20.1,True,True,tr-9c2a89cffaad8a8a474425941a94661b,NOT IN DOCUMENTS,True,1.0,1.0,"The answer correctly identifies the modifiers (GP, GO, GN) and their respective disciplines (physical therapy, occupational therapy, speech-language pathology) as stated in the reference and supported by the excerpts. It also correctly notes that these modifiers distinguish the discipline of the plan of care.",1.0,1.0,"Since no excerpts were provided, the information is not in the documents. The answer correctly declines to provide information not present in the documents, so it receives a 1 for correctness and a 1 for faithfulness."
q10,"What do the CQ and CO modifiers mean, and how much is paid for those services?",True,exact,Claims Processing Manual Ch. 5 §20.1,CQ: PT services furnished in whole or in part by a physical therapist assistant; CO: OT by an occupational therapy assistant. Since 2022 they are paid at 85% of the otherwise applicable amount.,physical therapist assistant; occupational therapy assistant; 85 percent,"The CQ modifier indicates outpatient physical therapy services furnished in whole or in part by a physical therapist assistant, while the CO modifier indicates outpatient occupational therapy services furnished in whole or in part by an occupational therapy assistant [3]. For dates of service on and after January 1, 2022, claims billed with a CQ or CO modifier are paid at an amount equal to 85 percent of the otherwise applicable Part B payment that’s based on the MPFS [2]. This 15 percent reduction is taken last, after the MPPR and other reductions where applicable [2].",False,"[1] (Claims Processing Manual Ch. 5, §20.1, Discipline Specific Outpatient Rehabilitation Modifiers - All; p. 37)
GP or GO therapy modifier, to identify those PTA and OTA services furnished under a PT or OT plan of care. For those practitioners submitting professional claims who are paid under the PFS, the CQ/CO modifiers apply only to services of physical and occupational therapists in private practice (PTPPs and OTPPs); and not to the therapy services furnished by or incident to the services of physicians or nonphysician practitioners (NPPs) ‒ including nurse practitioners (NPs), physician assistants (PAs), and clinical nurse specialists (CNSs) ‒ because PTAs and OTAs do not meet the qualifications and standards of physical or occupational therapists, as required by §§ 410.60 and 410.59, respectively. However, the CQ and CO modifiers do apply to claims from physician or NPP groups when a PTPP or OTPP has reassigned their benefits to the group and their NPI appears as the rendering provider of the therapy service(s) on the claim. For providers submitting institutional claims and paid at PFS rates for their outpatient PT and OT services, the CQ and CO modifiers apply to the following providers: outpatient hospitals, rehabilitation agencies, skilled nursing facilities, home health agencies and CORFs. However, the CQ and CO modifiers are not applicable to claims from critical access hospitals because they are paid on a reasonable cost basis, or from other providers for which payment for PT and OT services is not made under the PFS rates. The CQ modifier must be paired to the GP therapy modifier and the CO modifier with the GO therapy modifier. Claims not so paired will be rejected/returned as unprocessable. For dates of service, on and after January 1, 2022, claims billed with a CQ or CO modifier to indicate the services were furnished in whole or in part by a PTA or OTA are paid at an amount

[2] (Claims Processing Manual Ch. 5, §20.1, Discipline Specific Outpatient Rehabilitation Modifiers - All; p. 37)
unprocessable. For dates of service, on and after January 1, 2022, claims billed with a CQ or CO modifier to indicate the services were furnished in whole or in part by a PTA or OTA are paid at an amount equal to 85 percent of the otherwise applicable Part B payment that’s based on the MPFS. The 15 percent reduction is taken last, e.g., after the MPPR (and other reductions where applicable) and right before sequestration. This reduction is taken from the paid amount, i.e., the actual amount paid not the MPFS allowed amount. Regulations for the payment of therapy claims and the policy for assigning the therapy assistant modifiers (CO and CQ) for services provided in whole or in part by OTAs and PTAs are found at §§ 410.59(a)(4) and 410.60(a)(4) for outpatient occupational and physical therapy services, respectively and at § 410.105(d) for CORF OT and PT services.

[3] (Claims Processing Manual Ch. 5, §20.1, Discipline Specific Outpatient Rehabilitation Modifiers - All; p. 37)
and GP modifiers. Contractors edit institutional claims to ensure the following: • that a GN, GO or GP modifier is present for all lines reporting revenue codes 042X, 043X, or 044X. • that no more than one GN, GO or GP modifier is reported on the same service line. • that revenue codes and modifiers are reported only in the following combinations: o Revenue code 42x (physical therapy) lines may only contain modifier GP o Revenue code 43x (occupational therapy) lines may only contain modifier GO o Revenue code 44x (speech-language pathology) lines may only contain modifier GN. • that discipline-specific evaluation and re-evaluation HCPCS codes are always reported with the modifier for the associated discipline (e.g. modifier GP with a HCPCS code for a physical therapy evaluation). Contractors return to the provider institutional claims that do not meet one or more of these conditions. CMS has established two modifiers, CQ and CO, for services furnished in whole or in part by physical therapist assistants (PTAs) and occupational therapy assistants (OTAs). The modifiers are defined as follows: • CQ modifier: Outpatient physical therapy services furnished in whole or in part by a physical therapist assistant • CO modifier: Outpatient occupational therapy services furnished in whole or in part by an occupational therapy assistant Effective for claims with dates of service on and after January 1, 2020, the CQ and CO modifiers are required to be used, when applicable, for services furnished in whole or in part by PTAs and OTAs on the claim line of the service alongside the respective GP or GO therapy modifier, to identify those PTA and OTA services furnished under a PT or OT plan of care. For those practitioners submitting professional claims who are paid under the PFS, the CQ/CO modifiers apply only to services

[4] (Claims Processing Manual Ch. 5, §10.3.3, Use of the KX Modifier; p. 14)
1500, including the placement of HCPCS modifiers. NOTE: The Form CMS 1500 currently has space for providing four modifiers in block 24D, but, if the provider has more than four to report, he/she can do so by placing the -99 modifier (which indicates multiple modifiers) in block 24D and placing the additional modifiers in block 19. o The ASC X12N 837 Health Care Claim: Professional Implementation Guide for more detail regarding how to electronically submit a health care claim transaction, including the placement of HCPCS modifiers. The ASC X12N 837 implementation guides are the standards adopted under the Health Insurance Portability and Accountability Act of 1996 (HIPAA) for submitting health care claims electronically. The 837 professional transaction currently permits the placement of up to four modifiers, in the 2400 loop, SV1 segment, and data elements SV101-3, SV101-4, SV101-5, and SV101-6. Copies of the ASC X12N 837 implementation guides may be obtained from the Washington Publishing Company. o For claims paid by a carrier or an A/B MAC(B), it is only appropriate to append the KX modifier to a service that reasonably may exceed the cap. Use of the KX modifier when there is no indication that the cap is likely to be exceeded is abusive. For example, use of the KX modifier for low cost services early in an episode when there is no evidence of a previous episode that might have exceeded the cap is inappropriate. • For institutional claims, sent to the A/B MAC(A): o When the cap is exceeded by at least one line on the claim, use the KX modifier on all of the lines on that institutional claim that refer to the same therapy cap (PT/SLP or OT), regardless of whether the other services exceed the cap. For example, if one PT service line exceeds

[5] (Claims Processing Manual Ch. 5, §10.3.3, Use of the KX Modifier; p. 14)
HCPCS code, the contractor will override the CWF system reject for services that exceed the caps and pay the claim if it is otherwise payable. Providers and suppliers shall continue to append correct coding initiative (CCI) HCPCS modifiers under current instructions. If a claim is submitted without KX modifiers and the cap is exceeded, those services will be denied. In cases where appending the KX modifier would have been appropriate, contractors may reopen and/or adjust the claim, if it is brought to their attention. Services billed after the cap has been exceeded which are not eligible for exceptions may be billed for the purpose of obtaining a denial using condition code 21.",Claims Processing Manual Ch. 5 §20.1; Claims Processing Manual Ch. 5 §20.1,True,True,tr-631770efecda3370c434483b16656da3,NOT IN DOCUMENTS,True,1.0,1.0,"The answer correctly identifies the meaning of the CQ and CO modifiers and the payment amount (85%) as specified in the reference and excerpts. It also includes the specific detail about when the reduction is applied, which is supported by the text.",1.0,1.0,"The excerpts provided are empty, meaning the information is not in the documents. The answer correctly states that the information is not in the documents, so it receives a 1 for correctness and a 1 for faithfulness."
q11,"Since 2018, what does the KX modifier on a therapy claim signify?",True,exact,Claims Processing Manual Ch. 5 §10.3.3; Claims Processing Manual Ch. 5 §10.2,Confirmation that services above the KX threshold are medically necessary as justified by documentation; it no longer represents an exception request.,confirmation of medical necessity; above the threshold; justified by documentation,"Effective for dates of service on or after January 1, 2018, the KX modifier no longer represents an exception request but serves as a confirmation that services are medically necessary after the beneficiary has exceeded the KX modifier threshold of incurred expenses [1]. This threshold retains the former cap amounts and requires the modifier as confirmation that services are medically necessary as justified by appropriate documentation in the medical record [4].",False,"[1] (Claims Processing Manual Ch. 5, §10.3.3, Use of the KX Modifier; p. 14)
NOTE: Effective for dates of service on or after January 1, 2018, the KX modifier continues to be used. It no longer represents an exception request but serves as a confirmation that services are medically necessary after the beneficiary has exceeded the KX modifier threshold of incurred expenses. Medicare claims systems process claims with and without the KX modifier in the same manner described below and in section 10.4. When exceptions are in effect and the beneficiary qualifies for a therapy cap exception, the provider shall add a KX modifier to the therapy HCPCS code subject to the cap limits. The KX modifier shall not be added to any line of service that is not a medically necessary service; this applies to services that, according to a local coverage determination by the contractor, are not medically necessary services. The codes subject to the therapy cap tracking requirements for a given calendar year are listed at: http://www.cms.hhs.gov/TherapyServices/05_Annual_Therapy_Update.asp#TopOfPage. The GN, GO, or GP therapy modifiers are currently required to be appended to therapy services. In addition to the KX modifier, the GN, GP and GO modifiers shall continue to be used. Providers may report the modifiers on claims in any order. If there is insufficient room on a claim line for multiple modifiers, additional modifiers may be reported in the remarks field. Follow the routine procedure for placing HCPCS modifiers on a claim as described below. • For professional claims, sent to the A/B MAC(B), refer to: o Pub.100-04, Medicare Claims Processing Manual, chapter 26, for more detail regarding completing Form CMS 1500, including the placement of HCPCS modifiers. NOTE: The Form CMS 1500 currently has space for providing four modifiers in block 24D, but, if the provider has more than four to report, he/she can do so by placing the -99

[2] (Claims Processing Manual Ch. 5, §10.3.1, Exceptions to Therapy Caps – General; p. 10)
The following policies concerning exceptions to caps due to medical necessity apply only when the exceptions process is in effect. Except for the requirement to use the KX modifier, the guidance in this section concerning medical necessity applies as well to services provided before caps are reached. Provider and supplier information concerning exceptions is in this chapter and in Pub. 100-02, Chapter 15, section 220.3. Exceptions shall be identified by a modifier on the claim and supported by documentation. The beneficiary may qualify for use of the cap exceptions process at any time during the episode when documented medically necessary services exceed caps. All covered and medically necessary services qualify for exceptions to caps. All requests for exception are in the form of a KX modifier added to claim lines. (See subsection D. for use of the KX modifier.) Use of the exception process does not exempt services from manual or other medical review processes as described in Pub. 100-08. Rather, atypical use of the exception process may invite contractor scrutiny, for example, when the KX modifier is applied to all services on claims that are below the therapy caps or when the KX modifier is used for all beneficiaries of a therapy provider. To substantiate the medical necessity of the therapy services, document in the medical record (see Pub. 100-02, chapter 15, sections 220.2, 220.3, and 230). The KX modifier, described in subsection D., is added to claim lines to indicate that the clinician attests that services at and above the therapy caps are medically necessary and justification is documented in the medical record.

[3] (Claims Processing Manual Ch. 5, §10.3.3, Use of the KX Modifier; p. 14)
use the KX modifier on all of the lines on that institutional claim that refer to the same therapy cap (PT/SLP or OT), regardless of whether the other services exceed the cap. For example, if one PT service line exceeds the cap, use the KX modifier on all the PT and SLP service lines (also identified with the GP or GN modifier) for that claim. When the PT/SLP cap is exceeded by PT services, the SLP lines on the claim may meet the requirements for an exception due to the complexity of two episodes of service. o Use the KX modifier on either all or none of the SLP lines on the claim, as appropriate. In contrast, if all the OT lines on the claim are below the cap, do not use the KX modifier on any of the OT lines, even when the KX modifier is appropriately used on all of the PT lines. Refer to Pub.100-04, Medicare Claims Processing Manual, chapter 25, for more detail. By appending the KX modifier, the provider is attesting that the services billed: • Are reasonable and necessary services that require the skills of a therapist; (See Pub. 100-02, chapter 15, section 220.2); and • Are justified by appropriate documentation in the medical record, (See Pub. 100-02, chapter 15, section 220.3); and • Qualify for an exception using the automatic process exception. If this attestation is determined to be inaccurate, the provider/supplier is subject to sanctions resulting from providing inaccurate information on a claim. When the KX modifier is appended to a therapy HCPCS code, the contractor will override the CWF system reject for services that exceed the caps and pay the claim if it is otherwise payable. Providers and suppliers shall continue to append correct coding initiative (CCI) HCPCS modifiers under current

[4] (Claims Processing Manual Ch. 5, §10.2, The Financial Limitation Legislation; p. 8)
for the covered stay. Also, limitations do not apply to any therapy services covered under prospective payment systems for home health or inpatient hospitals, including critical access hospitals. The limitation is based on therapy services the Medicare beneficiary receives, not the type of practitioner who provides the service. Physical therapists, speech-language pathologists, and occupational therapists, as well as physicians and certain nonphysician practitioners, could render a therapy service. B. Moratoria and Exceptions for Therapy Claims Since the creation of therapy caps, Congress has enacted several moratoria. The Deficit Reduction Act of 2005 directed CMS to develop exceptions to therapy caps for calendar year 2006 and the exceptions have been extended periodically. The cap exception for therapy services billed by outpatient hospitals was part of the original legislation and applies as long as caps are in effect. Exceptions to caps based on the medical necessity of the service are in effect only when Congress legislates the exceptions. C. Repeal of Original Legislation and Replacement with Thresholds to Ensure Appropriate Therapy. Section 50202 of the Bipartisan Budget Act of 2018 repeals application of the Medicare outpatient therapy caps but retains the former cap amounts as a threshold of incurred expenses above which claims must include a modifier as a confirmation that services are medically necessary as justified by appropriate documentation in the medical record. This is termed the KX modifier threshold. Along with this KX modifier threshold, the new law retains the targeted medical review process but at a lower threshold amount of $3,000. For more information about the medical review (MR) threshold see the below section 10.3.4.

[5] (Claims Processing Manual Ch. 5, §10.3.3, Use of the KX Modifier; p. 14)
1500, including the placement of HCPCS modifiers. NOTE: The Form CMS 1500 currently has space for providing four modifiers in block 24D, but, if the provider has more than four to report, he/she can do so by placing the -99 modifier (which indicates multiple modifiers) in block 24D and placing the additional modifiers in block 19. o The ASC X12N 837 Health Care Claim: Professional Implementation Guide for more detail regarding how to electronically submit a health care claim transaction, including the placement of HCPCS modifiers. The ASC X12N 837 implementation guides are the standards adopted under the Health Insurance Portability and Accountability Act of 1996 (HIPAA) for submitting health care claims electronically. The 837 professional transaction currently permits the placement of up to four modifiers, in the 2400 loop, SV1 segment, and data elements SV101-3, SV101-4, SV101-5, and SV101-6. Copies of the ASC X12N 837 implementation guides may be obtained from the Washington Publishing Company. o For claims paid by a carrier or an A/B MAC(B), it is only appropriate to append the KX modifier to a service that reasonably may exceed the cap. Use of the KX modifier when there is no indication that the cap is likely to be exceeded is abusive. For example, use of the KX modifier for low cost services early in an episode when there is no evidence of a previous episode that might have exceeded the cap is inappropriate. • For institutional claims, sent to the A/B MAC(A): o When the cap is exceeded by at least one line on the claim, use the KX modifier on all of the lines on that institutional claim that refer to the same therapy cap (PT/SLP or OT), regardless of whether the other services exceed the cap. For example, if one PT service line exceeds",Claims Processing Manual Ch. 5 §10.3.3; Claims Processing Manual Ch. 5 §10.2,True,True,tr-0c12b3be5c9d0938d932d610d2d6323e,The KX modifier is used on therapy claims to indicate that the service provided meets specific criteria for medical necessity or continued coverage. It signifies that the treatment is necessary for a particular condition or that the service adheres to specific clinical guidelines.,False,1.0,1.0,"The answer accurately captures all the key facts from the reference and the provided excerpts, including that the KX modifier no longer represents an exception request, serves as confirmation of medical necessity once the threshold is exceeded, and must be justified by documentation. All claims made in the answer are directly supported by the excerpts.",0.0,0.0,"The reference information is not present in the provided excerpts (which are empty). According to the instructions, if the reference is not in the documents, a substantive answer receives a 'correct' score of 0. Additionally, since there are no excerpts to support the claims made in the answer, the 'faithful' score is 0."
q12,Is it acceptable to put the KX modifier on low-cost therapy services early in an episode?,True,paraphrase,Claims Processing Manual Ch. 5 §10.3.3,No. Using KX when there is no indication the threshold is likely to be exceeded is abusive.,abusive; no indication the cap will be exceeded,"No, the use of the KX modifier for low-cost services early in an episode is inappropriate. [1] States that for claims paid by a carrier or an A/B MAC(B), using the KX modifier when there is no indication that the cap is likely to be exceeded is abusive. [1] Specifically notes that ""use of the KX modifier for low cost services early in an episode when there is no evidence of a previous episode that might have exceeded the cap is inappropriate.""",False,"[1] (Claims Processing Manual Ch. 5, §10.3.3, Use of the KX Modifier; p. 14)
1500, including the placement of HCPCS modifiers. NOTE: The Form CMS 1500 currently has space for providing four modifiers in block 24D, but, if the provider has more than four to report, he/she can do so by placing the -99 modifier (which indicates multiple modifiers) in block 24D and placing the additional modifiers in block 19. o The ASC X12N 837 Health Care Claim: Professional Implementation Guide for more detail regarding how to electronically submit a health care claim transaction, including the placement of HCPCS modifiers. The ASC X12N 837 implementation guides are the standards adopted under the Health Insurance Portability and Accountability Act of 1996 (HIPAA) for submitting health care claims electronically. The 837 professional transaction currently permits the placement of up to four modifiers, in the 2400 loop, SV1 segment, and data elements SV101-3, SV101-4, SV101-5, and SV101-6. Copies of the ASC X12N 837 implementation guides may be obtained from the Washington Publishing Company. o For claims paid by a carrier or an A/B MAC(B), it is only appropriate to append the KX modifier to a service that reasonably may exceed the cap. Use of the KX modifier when there is no indication that the cap is likely to be exceeded is abusive. For example, use of the KX modifier for low cost services early in an episode when there is no evidence of a previous episode that might have exceeded the cap is inappropriate. • For institutional claims, sent to the A/B MAC(A): o When the cap is exceeded by at least one line on the claim, use the KX modifier on all of the lines on that institutional claim that refer to the same therapy cap (PT/SLP or OT), regardless of whether the other services exceed the cap. For example, if one PT service line exceeds

[2] (Claims Processing Manual Ch. 5, §10.3.3, Use of the KX Modifier; p. 14)
use the KX modifier on all of the lines on that institutional claim that refer to the same therapy cap (PT/SLP or OT), regardless of whether the other services exceed the cap. For example, if one PT service line exceeds the cap, use the KX modifier on all the PT and SLP service lines (also identified with the GP or GN modifier) for that claim. When the PT/SLP cap is exceeded by PT services, the SLP lines on the claim may meet the requirements for an exception due to the complexity of two episodes of service. o Use the KX modifier on either all or none of the SLP lines on the claim, as appropriate. In contrast, if all the OT lines on the claim are below the cap, do not use the KX modifier on any of the OT lines, even when the KX modifier is appropriately used on all of the PT lines. Refer to Pub.100-04, Medicare Claims Processing Manual, chapter 25, for more detail. By appending the KX modifier, the provider is attesting that the services billed: • Are reasonable and necessary services that require the skills of a therapist; (See Pub. 100-02, chapter 15, section 220.2); and • Are justified by appropriate documentation in the medical record, (See Pub. 100-02, chapter 15, section 220.3); and • Qualify for an exception using the automatic process exception. If this attestation is determined to be inaccurate, the provider/supplier is subject to sanctions resulting from providing inaccurate information on a claim. When the KX modifier is appended to a therapy HCPCS code, the contractor will override the CWF system reject for services that exceed the caps and pay the claim if it is otherwise payable. Providers and suppliers shall continue to append correct coding initiative (CCI) HCPCS modifiers under current

[3] (Claims Processing Manual Ch. 5, §10.3.1, Exceptions to Therapy Caps – General; p. 10)
The following policies concerning exceptions to caps due to medical necessity apply only when the exceptions process is in effect. Except for the requirement to use the KX modifier, the guidance in this section concerning medical necessity applies as well to services provided before caps are reached. Provider and supplier information concerning exceptions is in this chapter and in Pub. 100-02, Chapter 15, section 220.3. Exceptions shall be identified by a modifier on the claim and supported by documentation. The beneficiary may qualify for use of the cap exceptions process at any time during the episode when documented medically necessary services exceed caps. All covered and medically necessary services qualify for exceptions to caps. All requests for exception are in the form of a KX modifier added to claim lines. (See subsection D. for use of the KX modifier.) Use of the exception process does not exempt services from manual or other medical review processes as described in Pub. 100-08. Rather, atypical use of the exception process may invite contractor scrutiny, for example, when the KX modifier is applied to all services on claims that are below the therapy caps or when the KX modifier is used for all beneficiaries of a therapy provider. To substantiate the medical necessity of the therapy services, document in the medical record (see Pub. 100-02, chapter 15, sections 220.2, 220.3, and 230). The KX modifier, described in subsection D., is added to claim lines to indicate that the clinician attests that services at and above the therapy caps are medically necessary and justification is documented in the medical record.

[4] (Claims Processing Manual Ch. 5, §10.3.3, Use of the KX Modifier; p. 14)
NOTE: Effective for dates of service on or after January 1, 2018, the KX modifier continues to be used. It no longer represents an exception request but serves as a confirmation that services are medically necessary after the beneficiary has exceeded the KX modifier threshold of incurred expenses. Medicare claims systems process claims with and without the KX modifier in the same manner described below and in section 10.4. When exceptions are in effect and the beneficiary qualifies for a therapy cap exception, the provider shall add a KX modifier to the therapy HCPCS code subject to the cap limits. The KX modifier shall not be added to any line of service that is not a medically necessary service; this applies to services that, according to a local coverage determination by the contractor, are not medically necessary services. The codes subject to the therapy cap tracking requirements for a given calendar year are listed at: http://www.cms.hhs.gov/TherapyServices/05_Annual_Therapy_Update.asp#TopOfPage. The GN, GO, or GP therapy modifiers are currently required to be appended to therapy services. In addition to the KX modifier, the GN, GP and GO modifiers shall continue to be used. Providers may report the modifiers on claims in any order. If there is insufficient room on a claim line for multiple modifiers, additional modifiers may be reported in the remarks field. Follow the routine procedure for placing HCPCS modifiers on a claim as described below. • For professional claims, sent to the A/B MAC(B), refer to: o Pub.100-04, Medicare Claims Processing Manual, chapter 26, for more detail regarding completing Form CMS 1500, including the placement of HCPCS modifiers. NOTE: The Form CMS 1500 currently has space for providing four modifiers in block 24D, but, if the provider has more than four to report, he/she can do so by placing the -99

[5] (Claims Processing Manual Ch. 5, §10.3.2, Exceptions Process; p. 11)
that there is no more relevant code. The condition or complexity that caused treatment to exceed caps must be related to the therapy goals and must either be the condition that is being treated or a complexity that directly and significantly impacts the rate of recovery of the condition being treated such that it is appropriate to exceed the caps. Documentation for an exception should indicate how the complexity (or combination of complexities) directly and significantly affects treatment for a therapy condition. If the contractor has determined that certain codes do not characterize patients who require medically necessary services, providers/suppliers may not use those codes, but must utilize a billable diagnosis code allowed by their contractor to describe the patient’s condition. Contractors shall not apply therapy caps to services based on the patient’s condition, but only on the medical necessity of the service for the condition. If a service would be payable before the cap is reached and is still medically necessary after the cap is reached, that service is excepted. Contact your contractor for interpretation if you are not sure that a service is applicable for exception. It is very important to recognize that most conditions would not ordinarily result in services exceeding the cap. Use the KX modifier only in cases where the condition of the individual patient is such that services are APPROPRIATELY provided in an episode that exceeds the cap. Routine use of the KX modifier for all patients with these conditions will likely show up on data analysis as aberrant and invite inquiry. Be sure that documentation is sufficiently detailed to support the use of the modifier. In justifying exceptions for therapy caps, clinicians and contractors should not only consider the medical diagnoses and medical complications that might directly and significantly influence the amount of",Claims Processing Manual Ch. 5 §10.3.3,True,True,tr-365b5518e96eafbe8c89fb2e5233068d,NOT IN DOCUMENTS,True,1.0,1.0,"The answer accurately reflects the key facts from the reference and the provided excerpts. It correctly identifies that using the KX modifier when there is no indication the cap will be exceeded is abusive and specifically addresses the scenario of low-cost services early in an episode as being inappropriate, as stated in excerpt [1].",1.0,1.0,"Since no excerpts were provided, the answerer correctly stated that the information was not in the documents. According to the grading instructions, if the reference is not in the documents, a decline results in a score of 1 for correctness. For a declined answer, faithfulness is also 1."
q13,At what dollar amount does targeted medical review of outpatient therapy apply after the 2018 law?,True,exact,Claims Processing Manual Ch. 5 §10.2; Claims Processing Manual Ch. 5 §10.3.4,"$3,000.","$3,000","The targeted medical review (MR) process, retained under Section 50202 of the Bipartisan Budget Act of 2018, has a lower threshold amount of $3,000 [1, 2]. For CY 2018 and each calendar year until 2028, the MR threshold is $3,000 for PT and SLP services and $3,000 for OT services [1].",False,"[1] (Claims Processing Manual Ch. 5, §10.3.4, Therapy Cap Manual Review Threshold to Ensure Appropriate; p. 16)
Therapy Section 50202 of the Bipartisan Budget Act of 2018 retains the targeted medical review (MR) process (first established through Section 202 of the Medicare Access and CHIP Reauthorization Act of 2015 (MACRA)), but at a lower threshold amount of $3,000. For CY 2018 (and each calendar year until 2028 at which time it is indexed annually by the MEI), the MR threshold is $3,000 for PT and SLP services and $3,000 for OT services. The targeted MR process means that not all claims exceeding the MR threshold amount are subject to review as they once were. For a general overview of the MR process, go to the Medical Review and Education website at: https://www.cms.gov/Research-Statistics- Data-and-Systems/Monitoring-Programs/Medicare-FFS-Compliance-Programs/Medical- Review/index.html

[2] (Claims Processing Manual Ch. 5, §10.2, The Financial Limitation Legislation; p. 8)
for the covered stay. Also, limitations do not apply to any therapy services covered under prospective payment systems for home health or inpatient hospitals, including critical access hospitals. The limitation is based on therapy services the Medicare beneficiary receives, not the type of practitioner who provides the service. Physical therapists, speech-language pathologists, and occupational therapists, as well as physicians and certain nonphysician practitioners, could render a therapy service. B. Moratoria and Exceptions for Therapy Claims Since the creation of therapy caps, Congress has enacted several moratoria. The Deficit Reduction Act of 2005 directed CMS to develop exceptions to therapy caps for calendar year 2006 and the exceptions have been extended periodically. The cap exception for therapy services billed by outpatient hospitals was part of the original legislation and applies as long as caps are in effect. Exceptions to caps based on the medical necessity of the service are in effect only when Congress legislates the exceptions. C. Repeal of Original Legislation and Replacement with Thresholds to Ensure Appropriate Therapy. Section 50202 of the Bipartisan Budget Act of 2018 repeals application of the Medicare outpatient therapy caps but retains the former cap amounts as a threshold of incurred expenses above which claims must include a modifier as a confirmation that services are medically necessary as justified by appropriate documentation in the medical record. This is termed the KX modifier threshold. Along with this KX modifier threshold, the new law retains the targeted medical review process but at a lower threshold amount of $3,000. For more information about the medical review (MR) threshold see the below section 10.3.4.

[3] (Claims Processing Manual Ch. 5, §10.3, Application of Financial Limitations; p. 9)
(Additions, deletions or changes to the therapy code list are updated via a Recurring Update Notification) Financial limitations on outpatient therapy services, as described above, began for therapy services rendered on or after on January 1, 2006. References and polices relevant to the exceptions process in this chapter apply only when exceptions to therapy caps are in effect. For dates of service before October 1, 2012, limits apply to outpatient Part B therapy services furnished in all settings except outpatient hospitals, including hospital emergency departments. These excluded hospital services are reported on types of bill 12x or 13x, or 85x. Effective for dates of service on or after October 1, 2012, the limits also apply to outpatient Part B therapy services furnished in outpatient hospitals other than CAHs and hospitals in Maryland. During this period, only type of bill 12x claims with a CMS certification number in the CAH range, type of bill 12x and 13x claims with a CMS certification number beginning with the State code for Maryland, and type of bill 85x claims are excluded. Effective for dates of service on or after January 1, 2014, the limits also apply to CAHs. Effective for dates of service on or after January 1, 2016, the limits also apply to hospitals in Maryland. Effective for dates of service on or after January 1, 2018, the KX modifier threshold applies to all the therapy provider types to which the limits applied. Contractors apply the financial limitations or thresholds to the MPFS amount (or the amount charged if it is smaller) for therapy services for each beneficiary. As with any Medicare payment, beneficiaries pay the coinsurance (20 percent) and any deductible that may apply. Medicare will pay the remaining 80 percent of the limit after the deductible is met. These amounts will

[4] (Claims Processing Manual Ch. 5, §10.2, The Financial Limitation Legislation; p. 8)
A. Legislation on Limitations The dollar amount of the limitations (caps) on outpatient therapy services is established by statute. The updated amount of the caps is released annually via Recurring Update Notifications and posted on the CMS Website www.cms.gov/TherapyServices, on contractor Websites, and on each beneficiary’s Medicare Summary Notice. Medicare contractors shall publish the financial limitation amount in educational articles. It is also available at 1-800-Medicare. Section 4541(a)(2) of the Balanced Budget Act (BBA) (P.L. 105-33) of 1997, which added §1834(k)(5) to the Act, required payment under a prospective payment system (PPS) for outpatient rehabilitation services (except those furnished by or under arrangements with a hospital). Outpatient rehabilitation services include the following services: • Physical therapy • Speech-language pathology; and • Occupational therapy. Section 4541(c) of the BBA required application of financial limitations to all outpatient rehabilitation services (except those furnished by or under arrangements with a hospital). In 1999, an annual per beneficiary limit of $1,500 was applied, including all outpatient physical therapy services and speech-language pathology services. A separate limit applied to all occupational therapy services. The limits were based on incurred expenses and included applicable deductible and coinsurance. The BBA provided that the limits be indexed by the Medicare Economic Index (MEI) each year beginning in 2002. Since the limitations apply to outpatient services, they do not apply to skilled nursing facility (SNF) residents in a covered Part A stay, including patients occupying swing beds. Rehabilitation services are included within the global Part A per diem payment that the SNF receives under the prospective payment system (PPS) for the covered stay. Also, limitations do not apply to any therapy services covered under prospective payment systems for home health or inpatient hospitals, including critical access hospitals. The limitation is based on therapy services the Medicare beneficiary receives, not

[5] (Benefit Policy Manual Ch. 15, §220.2, Reasonable and Necessary Outpatient Rehabilitation Therapy; p. 166)
The amount, frequency, and duration of the services must be reasonable under accepted standards of practice. The contractor shall consult local professionals or the state or national therapy associations in the development of any utilization guidelines. NOTE: Claims for therapy services denied because they are not considered reasonable and necessary under §1862(a)(1)(A) of the Act and, for services furnished on or after January 1, 2013, those denied as a result of application of the therapy caps under §1833(g)(1) or (g)(3) are subject to consideration under the waiver of liability provision in §1879 of the Act. Although Section 50202 of the Bipartisan Budget Act (BBA) of 2018 repealed the therapy caps and its exceptions process effective January 1, 2018, it did not change provider liability procedures which first became effective January 1, 2013. Section 1833(g)(8) of the Social Security Act (as redesignated by the BBA of 2018) continues to provide limitation of liability (LOL) protections to beneficiaries receiving outpatient therapy services on or after January 1, 2013, when services are denied for certain reasons, including failure to include a necessary −KX modifier. (Section 1879 provides LOL protections for reasonable and necessary denials more generally.) Under section §1833(g)(8), the therapist or therapy provider is financially liable for the cost of therapy services provided to a beneficiary above the threshold amount when Medicare denies payment for failure to use the −KX modifier to indicate that the services are medically necessary as justified by documentation in the medical record. In order for the therapist or therapy provider to transfer liability to the beneficiary, s/he must issue a valid ABN, Form CMS-R-131. For more information, see the Therapy Services webpage at: https://www.cms.gov/Medicare/Billing/TherapyServices/index.html for the Advance Beneficiary Notice of Noncoverage (ABN) Frequently Asked Questions (FAQ) document that was posted to reflect the changes of the Bipartisan",Claims Processing Manual Ch. 5 §10.3.4,True,True,tr-5a7f17b81755aeff58037cbda175b52a,NOT IN DOCUMENTS,True,1.0,1.0,"The answer correctly identifies the $3,000 threshold for targeted medical review as specified in the reference and the provided excerpts. It also accurately includes the context regarding the Bipartisan Budget Act of 2018 and the specific service types (PT, SLP, and OT) mentioned in the text.",1.0,1.0,"Since no excerpts were provided, the information is not in the documents. The answer correctly declines to provide a substantive answer, which according to the instructions, earns a score of 1 for correctness. For a declined answer, the faithfulness score is also 1."
q14,"How does the multiple procedure payment reduction work for therapy services furnished on the same day after April 1, 2013?",True,exact,Claims Processing Manual Ch. 5 §10.7,Full payment for the unit with the highest practice expense; subsequent units and procedures get full work and malpractice but 50% of the practice expense payment.,highest PE paid in full; 50 percent of the practice expense,"For services furnished on or after April 1, 2013, full payment is made for work and malpractice, and 50 percent payment is made for the PE for services submitted on either professional or institutional claims [1, 2]. To determine which services receive the MPPR, contractors rank services by the applicable PE relative value units (RVU), pricing the service with the highest PE RVU at 100% and applying the MPPR to the remaining services [2]. If multiple services share the highest PE RVU, contractors rank them by the highest total fee schedule amount, pricing that service at 100% and applying the MPPR to the rest [2].",False,"[1] (Claims Processing Manual Ch. 5, §10.7, Multiple Procedure Payment Reductions for Outpatient; p. 33)
Rehabilitation Services Medicare applies a multiple procedure payment reduction (MPPR) to the practice expense (PE) payment of select therapy services. The reduction applies to the HCPCS codes contained on the list of “always therapy” services (see section 20), excluding A/B MAC (B)-priced, bundled and add-on codes, regardless of the type of provider or supplier that furnishes the services. Medicare applies an MPPR to the PE payment when more than one unit or procedure is provided to the same patient on the same day, i.e., the MPPR applies to multiple units as well as multiple procedures. Many therapy services are time-based codes, i.e., multiple units may be billed for a single procedure. The MPPR applies to all therapy services furnished to a patient on the same day, regardless of whether the services are provided in one therapy discipline or multiple disciplines, for example, physical therapy, occupational therapy, or speech-language pathology. Full payment is made for the unit or procedure with the highest PE payment. For subsequent units and procedures with dates of service prior to April 1, 2013, furnished to the same patient on the same day, full payment is made for work and malpractice and 80 percent payment is made for the PE for services submitted on professional claims (any claim submitted using the ASC X12 837 professional claim format or the CMS-1500 paper claim form) and 75 percent payment is made for the PE for services submitted on institutional claims (ASC X12 837 institutional claim format or Form CMS-1450). For subsequent units and procedures with dates of service on or after April 1, 2013, furnished to the same patient on the same day, full payment is made for work and malpractice and 50 percent payment is made for the PE for services submitted on either professional or institutional claims.

[2] (Claims Processing Manual Ch. 5, §10.7, Multiple Procedure Payment Reductions for Outpatient; p. 33)
or after April 1, 2013, furnished to the same patient on the same day, full payment is made for work and malpractice and 50 percent payment is made for the PE for services submitted on either professional or institutional claims. To determine which services will receive the MPPR, contractors shall rank services according to the applicable PE relative value units (RVU) and price the service with the highest PE RVU at 100% and apply the appropriate MPPR to the remaining services. When the highest PE RVU applies to more than one of the identified services, contractors shall additionally sort and rank these services according to highest total fee schedule amount, and price the service with the highest total fee schedule amount at 100% and apply the appropriate MPPR to the remaining services. The therapy payment amount that has been reduced by the MPPR is applied toward the therapy caps described in section 10.2. As a result, the MPPR may increase the amount of medically necessary therapy services a beneficiary may receive before exceeding the caps. The reduced amount is also used to calculate the beneficiary’s coinsurance and deductible amounts. The contractor shall use the following remittance advice messages and associated codes when adjusting payment under this policy. The CARC below is not included in the CAQH CORE Business Scenarios. Group Code: CO CARC: 59 RARC: N/A MSN: 30.1

[3] (Benefit Policy Manual Ch. 15, §220.2, Reasonable and Necessary Outpatient Rehabilitation Therapy; p. 166)
The amount, frequency, and duration of the services must be reasonable under accepted standards of practice. The contractor shall consult local professionals or the state or national therapy associations in the development of any utilization guidelines. NOTE: Claims for therapy services denied because they are not considered reasonable and necessary under §1862(a)(1)(A) of the Act and, for services furnished on or after January 1, 2013, those denied as a result of application of the therapy caps under §1833(g)(1) or (g)(3) are subject to consideration under the waiver of liability provision in §1879 of the Act. Although Section 50202 of the Bipartisan Budget Act (BBA) of 2018 repealed the therapy caps and its exceptions process effective January 1, 2018, it did not change provider liability procedures which first became effective January 1, 2013. Section 1833(g)(8) of the Social Security Act (as redesignated by the BBA of 2018) continues to provide limitation of liability (LOL) protections to beneficiaries receiving outpatient therapy services on or after January 1, 2013, when services are denied for certain reasons, including failure to include a necessary −KX modifier. (Section 1879 provides LOL protections for reasonable and necessary denials more generally.) Under section §1833(g)(8), the therapist or therapy provider is financially liable for the cost of therapy services provided to a beneficiary above the threshold amount when Medicare denies payment for failure to use the −KX modifier to indicate that the services are medically necessary as justified by documentation in the medical record. In order for the therapist or therapy provider to transfer liability to the beneficiary, s/he must issue a valid ABN, Form CMS-R-131. For more information, see the Therapy Services webpage at: https://www.cms.gov/Medicare/Billing/TherapyServices/index.html for the Advance Beneficiary Notice of Noncoverage (ABN) Frequently Asked Questions (FAQ) document that was posted to reflect the changes of the Bipartisan

[4] (Claims Processing Manual Ch. 5, §20.1, Discipline Specific Outpatient Rehabilitation Modifiers - All; p. 37)
unprocessable. For dates of service, on and after January 1, 2022, claims billed with a CQ or CO modifier to indicate the services were furnished in whole or in part by a PTA or OTA are paid at an amount equal to 85 percent of the otherwise applicable Part B payment that’s based on the MPFS. The 15 percent reduction is taken last, e.g., after the MPPR (and other reductions where applicable) and right before sequestration. This reduction is taken from the paid amount, i.e., the actual amount paid not the MPFS allowed amount. Regulations for the payment of therapy claims and the policy for assigning the therapy assistant modifiers (CO and CQ) for services provided in whole or in part by OTAs and PTAs are found at §§ 410.59(a)(4) and 410.60(a)(4) for outpatient occupational and physical therapy services, respectively and at § 410.105(d) for CORF OT and PT services.

[5] (Claims Processing Manual Ch. 5, §10.5, Notification for Beneficiaries Exceeding Financial Limitations; p. 21)
A. Notice to Beneficiaries Contractors will advise providers/suppliers to notify beneficiaries of the therapy financial limitations at their first therapy encounter with the beneficiary. Prior to 2013, Medicare instructed providers/suppliers to inform beneficiaries that beneficiaries were responsible for 100 percent of the costs of therapy services above each respective therapy limit (cap), unless this outpatient care was furnished directly or under arrangements by a hospital when outpatient hospital therapy services were excluded from the limitation. The American Taxpayer Relief Act (ATRA) of 2012 amended §1833(g)(5) of the Social Security Act (the Act) providing limitation of liability protections (under §1879 of the Act) to beneficiaries with respect to outpatient therapy services that exceed therapy cap amounts, furnished on or after January 1, 2013. Thus, effective January 1, 2013, assignment of liability has changed for therapy services exceeding the cap that don’t qualify for a coverage exception. The provider/supplier is financially responsible when Medicare denies payment for therapy services above the cap that don’t qualify for a coverage exception unless a valid Advance Beneficiary Notice of Noncoverage (ABN), Form CMS-R-131, was issued per CMS guidelines. Providers were previously encouraged to use either a form of their own design or a voluntary ABN when providing therapy above the cap where no exception was applied; however, this instruction is no longer valid. When providing therapy services above the cap that don’t qualify for the exceptions process, the provider/supplier must now issue a mandatory ABN in order to transfer financial responsibility to the beneficiary. When the ABN is used as a mandatory notice, providers must adhere to the ABN form instructions and guidance published in Chapter 30, Section 50 of this manual. The ABN and instructions can be found at: http://www.cms.gov/Medicare/Medicare-General- Information/BNI/ABN.html. When issuing the ABN for therapy in excess of therapy caps, the following",Claims Processing Manual Ch. 5 §10.7,True,True,tr-d35d33db4b8f1d71f6e74efeb61dcffd,The multiple procedure payment reduction (MPPR) applies when multiple therapy procedures are billed on the same day. The payment for the secondary procedure is reduced based on the payment of the primary procedure. This reduction ensures that the payment for the secondary service is not excessive relative to the primary service provided.,False,1.0,1.0,The answer accurately reflects the key facts provided in the reference answer (highest PE paid in full and 50% of the PE for subsequent units) and provides additional relevant details from the excerpts regarding the ranking process. All claims are directly supported by the provided text.,0.0,0.0,"The reference is not in the provided excerpts. According to the instructions, if the reference is not in the documents, the correct score is 1 only if the answer declines to answer; since the answer provides a substantive (though generic) explanation, the correct score is 0. Regarding faithfulness, since no excerpts were provided, the claims made in the answer cannot be supported by the excerpts, resulting in a score of 0."
q15,Were therapy functional limitation G-codes still required for services in 2020?,True,paraphrase,Claims Processing Manual Ch. 5 §10.6; Benefit Policy Manual Ch. 15 §220.4,"No. Functional reporting applied to dates of service from January 1, 2013 through December 31, 2018 and was ended by the CY 2019 fee schedule rule.",no; 2013 through 2018; ended,NOT IN DOCUMENTS,True,"[1] (Claims Processing Manual Ch. 5, §10.6, Functional Reporting; p. 23)
claim for therapy services, two G-codes will generally be required. Two exceptions exist: 1. Therapy services under more than one therapy POC-- Claims may contain more than two nonpayable functional G-codes when in cases where a beneficiary receives therapy services under multiple POCs (PT, OT, and/or SLP) from the same therapy provider. 2. One-Time Therapy Visit-- When a beneficiary is seen and future therapy services are either not medically indicated or are going to be furnished by another provider, the clinician reports on the claim for the DOS of the visit, all three G- codes in the appropriate code set (current status, goal status and discharge status), along with corresponding severity modifiers. Each reported functional G-code must also contain the following line of service information: • Functional severity modifier • Therapy modifier indicating the related discipline/POC -- GP, GO or GN -- for PT, OT, and SLP services, respectively • Date of the related therapy service • Nominal charge, e.g., a penny, for institutional claims submitted to the A/B MACs (A). For professional claims, a zero charge is acceptable for the service line. If provider billing software requires an amount for professional claims, a nominal charge, e.g., a penny, may be included. NOTE: The KX modifier is not required on the claim line for nonpayable G-codes, but would be required with the procedure code for medically necessary therapy services furnished once the beneficiary’s annual cap has been reached. The following example demonstrates how the G-codes and modifiers are used. In this example, the clinician determines that the beneficiary’s mobility restriction is the most clinically relevant functional limitation and selects the Mobility G-code set (G8978 – G8980) to represent the beneficiary’s functional limitation. The clinician also determines the severity/complexity of the beneficiary’s functional limitation and selects the appropriate modifier. In this

[2] (Benefit Policy Manual Ch. 15, §220.4, Functional Reporting; p. 188)
NOTE: In the calendar year (CY) 2019 Physician Fee Schedule (PFS) final rule, CMS-1693- F, after consideration of stakeholder comments for burden reduction, a review of all of the requirements under section 3005(g) of Middle Class Tax Relief and Jobs Creation Act of 2012 (MCTRJCA), and in light of the statutory amendments to section 1833(g) of the Act, via section 50202 of Bipartisan Budget Act of 2018 to repeal the therapy caps, CMS concluded that continued collection of functional reporting data through the same or reduced format would not yield additional information to inform future analyses or to serve as a basis for reforms to the payment system for therapy services. To reduce the burden of reporting for providers of therapy services, the CY 2019 PFS final rule ended the requirements of reporting the functional limitation nonpayable HCPCS G-codes and severity modifiers on claims for therapy services and the associated documentation requirements in medical records, effective for dates of service on and after January 1, 2019. The rule also revised regulation text at 42 CFR 410.59, 410.60, 410.61, 410.62, 410.105, accordingly. The instructions below apply only to dates of service when the functional reporting requirements were effective, January 1, 2013 through December 31, 2018. A. Selecting the G-codes to Use in Functional Reporting. There are 42 functional G-codes, 14 sets of three codes each, for that can be used in identifying the functional limitation being reported. Six of the G-code sets are generally for PT and OT functional limitations and eight sets of G-codes are for SLP functional limitations. (For a list of these codes and descriptors, see Pub. 100-04, Medicare Claims Processing Manual, chapter 5, section 10.6 F.) Only one functional limitation shall be reported at a time. Consequently, the clinician must select the G-code set for the functional

[3] (Claims Processing Manual Ch. 5, §10.6, Functional Reporting; p. 23)
There are 42 functional G-codes, 14 sets of three codes each. Six of the G-code sets are generally for PT and OT functional limitations and eight sets of G-codes are for SLP functional limitations. The following G-codes are for functional limitations typically seen in beneficiaries receiving PT or OT services. The first four of these sets describe categories of functional limitations and the final two sets describe “other” functional limitations, which are to be used for functional limitations not described by one of the four categories. NONPAYABLE G-CODES FOR FUNCTIONAL LIMITATIONS Code Long Descriptor Short Descriptor Mobility G-code Set G8978 Mobility: walking & moving around functional limitation, current status, at therapy episode outset and at reporting intervals Mobility current status G8979 Mobility: walking & moving around functional limitation, projected goal status, at therapy episode outset, at reporting intervals, and at discharge or to end reporting Mobility goal status G8980 Mobility: walking & moving around functional limitation, discharge status, at discharge from therapy or to end reporting Mobility D/C status Changing & Maintaining Body Position G-code Set G8981 Changing & maintaining body position functional limitation, current status, at therapy episode outset and at reporting intervals Body pos current status G8982 Changing & maintaining body position functional limitation, projected goal status, at therapy episode outset, at reporting intervals, and at discharge or to end reporting Body pos goal status G8983 Changing & maintaining body position functional limitation, discharge status, at discharge from therapy or to end reporting Body pos D/C status Carrying, Moving & Handling Objects G-code Set G8984 Carrying, moving & handling objects functional limitation, current status, at therapy episode outset and at reporting intervals Carry current status G8985 Carrying, moving & handling objects functional limitation, projected goal status, at therapy episode outset, at reporting intervals, and at discharge or to

[4] (Claims Processing Manual Ch. 5, §10.6, Functional Reporting; p. 23)
Modifiers For each nonpayable functional G-code, one of the modifiers listed below must be used to report the severity/complexity for that functional limitation. Modifier Impairment Limitation Restriction CH 0 percent impaired, limited or restricted CI At least 1 percent but less than 20 percent impaired, limited or restricted CJ At least 20 percent but less than 40 percent impaired, limited or restricted CK At least 40 percent but less than 60 percent impaired, limited or restricted CL At least 60 percent but less than 80 percent impaired, limited or restricted CM At least 80 percent but less than 100 percent impaired, limited or restricted CN 100 percent impaired, limited or restricted The severity modifiers reflect the beneficiary’s percentage of functional impairment as determined by the clinician furnishing the therapy services. G. Required Reporting of Functional G-codes and Severity Modifiers The functional G-codes and severity modifiers listed above are used in the required reporting on therapy claims at certain specified points during therapy episodes of care. Claims containing these functional G-codes must also contain another billable and separately payable (non-bundled) service. Only one functional limitation shall be reported at a given time for each related therapy plan of care (POC). Functional reporting using the G-codes and corresponding severity modifiers is required reporting on specified therapy claims. Specifically, they are required on claims: • At the outset of a therapy episode of care (i.e., on the claim for the date of service (DOS) of the initial therapy service); • At least once every 10 treatment days, which corresponds with the progress reporting period; • When an evaluative procedure, including a re-evaluative one, ( HCPCS/CPT codes 92521, 92522, 92523, 92524, 92597, 92607, 92608, 92610, 92611, 92612, 92614, 92616, 96105, 96125, 97161, 97162 ,97163, 97164, 97165, 97166, 97167, 97168) is furnished and billed; •

[5] (Claims Processing Manual Ch. 5, §10.6, Functional Reporting; p. 23)
different. • G8978 with the appropriate modifier are reported to show the beneficiary’s current status as of this DOS. So if the beneficiary has made no progress, this claim will include G8978-CL. If the beneficiary made progress and now has a mobility restriction of 65 percent CL would still be the appropriate modifier for 65 percent, and G8978-CL would be reported in this case. If the beneficiary now has a mobility restriction of 45 percent, G8978-CK would be reported. • G8979-CI would be reported to show the projected goal. This severity modifier would not change unless the clinician adjusts the beneficiary’s goal. This step is repeated as necessary and clinically appropriate, adjusting the current status modifier used as the beneficiary progresses through therapy. At the time the beneficiary is discharged from the therapy episode. The final claim for therapy episode will include two G-codes. • G8979-CI would be reported to show the projected goal. G8980-CI would be reported if the beneficiary attained the 15 percent mobility goal. Alternatively, if the beneficiary’s mobility restriction only reached 25 percent; G8980-CJ would be reported. To end reporting of one functional limitation-- As noted above, functional reporting is required to continue throughout the entire episode of care. Accordingly, when further therapy is medically necessary after the beneficiary attains the goal for the first reported functional limitation, the clinician would end reporting of the first functional limitation by using the same G-codes and modifiers that would be used at the time of discharge. Using the mobility example, to end reporting of the mobility functional limitation, G8979-CI and G8980-CI would be reported on the same DOS that coincides with end of that progress reporting period. To begin reporting of a second functional limitation. At the time reporting is begun for a new and different functional limitation,",,False,True,tr-c6bb3ccba8181a0af628cce512ef6dc3,NOT IN DOCUMENTS,True,0.0,0.0,"The answer states 'NOT IN DOCUMENTS', but the information is present in Excerpt [2], which states that the requirement for reporting functional limitation G-codes ended for dates of service on and after January 1, 2019. Therefore, the answer is incorrect and not faithful to the provided text.",1.0,1.0,"Since no excerpts were provided, the reference is not in the documents. The answer correctly declines by stating 'NOT IN DOCUMENTS', which earns a 1 for correctness according to the instructions. For a declined answer, the faithfulness score is 1."
q16,What must a therapy plan of care contain at minimum?,True,exact,Benefit Policy Manual Ch. 15 §220.1.2,"Diagnoses; long-term treatment goals; and type, amount, duration and frequency of therapy services.","diagnoses; long term goals; type, amount, duration and frequency","The plan of care must contain, at minimum, the following information [1]:
*   Diagnoses;
*   Long term treatment goals; and
*   Type, amount, duration and frequency of therapy services [1].",False,"[1] (Benefit Policy Manual Ch. 15, §220.1.2, Plans of Care for Outpatient Physical Therapy, Occupational; p. 156)
treatment begins when a plan is established. Therapy may be initiated by qualified professionals or qualified personnel based on a dictated plan. Treatment may begin before the plan is committed to writing only if the treatment is performed or supervised by the same clinician who establishes the plan. Payment for services provided before a plan is established may be denied. Two Plans. It is acceptable to treat under two separate plans of care when different physician’s/NPP’s refer a patient for different conditions. It is also acceptable to combine the plans of care into one plan covering both conditions if one or the other referring physician/NPP is willing to certify the plan for both conditions. The treatment notes continue to require timed code treatment minutes and total treatment time and need not be separated by plan. Progress reports should be combined if it is possible to make clear that the goals for each plan are addressed. Separate progress reports referencing each plan of care may also be written, at the discretion of the treating clinician, or at the request of the certifying physician/NPP, but shall not be required by contractors. B. Contents of Plan (See §220.1.3 for certifying the plan.) The plan of care shall contain, at minimum, the following information as required by regulation (42CFR424.24, 410.61, and 410.105(c) (for CORFs)). (See §220.3 for further documentation requirements): • Diagnoses; • Long term treatment goals; and • Type, amount, duration and frequency of therapy services. The plan of care shall be consistent with the related evaluation, which may be attached and is considered incorporated into the plan. The plan should strive to provide treatment in the most efficient and effective manner, balancing the best achievable outcome with the appropriate resources. Long term treatment goals should be developed for the entire episode of

[2] (Benefit Policy Manual Ch. 15, §320.5, Plan of Care Requirements; p. 279)
In accordance with section 1861(iii)(1)(B) of the Act, the beneficiary must be under a plan of care, established by a physician (defined at section 1861(r)(1) of the Act as a doctor of medicine or osteopathy legally authorized to practice medicine and surgery by the State in which he performs such function or action), prescribing the type, amount, and duration of infusion therapy services that are to be furnished, and periodically reviewed, in coordination with the furnishing of home infusion drugs under Part B. The qualified home infusion therapy supplier must ensure that all patients are under the care of an applicable provider and have a physician-established plan of care that meets all of the following requirements: A. Plan of Care Content - The plan of care must prescribe the type, amount, and duration of the home infusion therapy services that are to be furnished. The plan of care would also include the specific medication, the prescribed dosage and frequency as well as the professional services to be utilized for treatment. B. Physician's Orders - The physician's orders for services in the plan of care must specify at what frequency the services will be furnished, as well as the discipline that will furnish the ordered professional services. Orders for care may indicate a specific range in frequency of visits to ensure that the most appropriate level of services is furnished. The plan of care would specify the care and services necessary to meet the patient specific needs C. Physician’s Signature - The plan of care must be signed and dated by the ordering physician prior to submitting a claim for payment. The ordering physician must sign and date the plan of care upon any changes to the plan of care. D. Periodic Review - The plan of care for each patient

[3] (Benefit Policy Manual Ch. 15, §220.1.2, Plans of Care for Outpatient Physical Therapy, Occupational; p. 156)
self-management program with the intent of improving outcomes and limiting treatment time. For example, treatment may be provided 3 times a week for 2 weeks, then 2 times a week for the next 2 weeks, then once a week for the last 2 weeks. Depending on the individual’s condition, such treatment may result in better outcomes, or may result in earlier discharge than routine treatment 3 times a week for 4 weeks. When tapered frequency is planned, the exact number of treatments per frequency level is not required to be projected in the plan, because the changes should be made based on assessment of daily progress. Instead, the beginning and end frequencies shall be planned. For example, amount, frequency and duration may be documented as “once daily, 3 times a week tapered to once a week over 6 weeks”. Changes to the frequency may be made based on the clinicians clinical judgment and do not require recertification of the plan unless requested by the physician/NPP. The clinician should consider any comorbidities, tissue healing, the ability of the patient and/or caregiver to do more independent self-management as treatment progresses, and any other factors related to frequency and duration of treatment. The above policy describes the minimum requirements for payment. It is anticipated that clinicians may choose to make their plans more specific, in accordance with good practice. For example, they may include these optional elements: short term goals, goals and duration for the current episode of care, specific treatment interventions, procedures, modalities or techniques and the amount of each. Also, notations in the medical record of beginning date for the plan are recommended but not required to assist Medicare contractors in determining the dates of services for which the plan was effective. C. Changes to the Therapy Plan Changes are made

[4] (Benefit Policy Manual Ch. 15, §220.3, Documentation Requirements for Therapy Services; p. 173)
that the care is effective in rehabilitation of function). B. Documentation Required List of required documentation. These types of documentation of therapy services are expected to be submitted in response to any requests for documentation, unless the contractor requests otherwise. The timelines are minimum requirements for Medicare payment. Document as often as the clinician’s judgment dictates but no less than the frequency required in Medicare policy: • Evaluation and Plan of Care (may be one or two documents). Include the initial evaluation and any re-evaluations relevant to the episode being reviewed; • Certification (physician/NPP approval of the plan) and recertifications when records are requested after the certification/recertification is due. See definitions in section 220 and certification policy in section 220.1.3 of this chapter. Certification (and recertification of the plan when applicable) are required for payment and must be submitted when records are requested after the certification or recertification is due. • Progress Reports (including Discharge Notes, if applicable) when records are requested after the reports are due. (See definitions in section 220 and descriptions in 220.3 D); • Treatment notes for each treatment day (may also serve as progress reports when required information is included in the notes); • A separate justification statement may be included either as a separate document or within the other documents if the provider/supplier wishes to assure the contractor understands their reasoning for services that are more extensive than is typical for the condition treated. A separate statement is not required if the record justifies treatment without further explanation. Limits on Requirements. Contractors shall not require more specific documentation unless other Medicare manual policies require it. Contractors may request further information to be included in these documents concerning specific cases under review when that information is relevant, but not submitted with records. Dictated Documentation. For

[5] (Benefit Policy Manual Ch. 15, §220.1.2, Plans of Care for Outpatient Physical Therapy, Occupational; p. 156)
Therapy, or Speech-Language Pathology Services Reference: 42CFR 410.61 and 410.105(c) (for CORFs) A. Establishing the plan (See §220.1.3 for certifying the plan.) The services must relate directly and specifically to a written treatment plan as described in this chapter. The plan, (also known as a plan of care or plan of treatment) must be established before treatment is begun. The plan is established when it is developed (e.g., written or dictated). The signature and professional identity (e.g., MD, OTR/L) of the person who established the plan, and the date it was established must be recorded with the plan. Establishing the plan, which is described below, is not the same as certifying the plan, which is described in §§220.1.1 and 220.1.3 Outpatient therapy services shall be furnished under a plan established by: • A physician/NPP (consultation with the treating physical therapist, occupational therapist, or speech-language pathologist is recommended. Only a physician may establish a plan of care in a CORF; • The physical therapist who will provide the physical therapy services; • The occupational therapist who will provide the occupational therapy services; or • The speech-language pathologist who will provide the speech-language pathology services. The plan may be entered into the patient’s therapy record either by the person who established the plan or by the provider’s or supplier’s staff when they make a written record of that person’s oral orders before treatment is begun. Treatment under a Plan. The evaluation and treatment may occur and are both billable either on the same day or at subsequent visits. It is appropriate that treatment begins when a plan is established. Therapy may be initiated by qualified professionals or qualified personnel based on a dictated plan. Treatment may begin before the plan is committed to writing only if the treatment is performed or supervised",Benefit Policy Manual Ch. 15 §220.1.2,True,True,tr-ab99f1229690811f7ebbfe7aa3cdbfec,"A therapy plan of care must include the patient's diagnosis, the specific goals of therapy, the interventions that will be provided, and the expected duration of treatment. This documentation ensures that services are medically necessary and appropriate for the patient's condition.",False,1.0,1.0,The answer accurately and completely states the key facts provided in the reference and the excerpts. It matches the reference answer exactly.,0.0,0.0,"Since no excerpts were provided, the answer should have declined to answer. Because it provided a substantive answer, the correct score is 0. Additionally, because the answer's claims are not supported by the provided (empty) excerpts, the faithful score is 0."
q17,How long is a physician's initial certification of a therapy plan of care valid?,True,exact,Benefit Policy Manual Ch. 15 §220.1.3,"For the duration of the plan or 90 calendar days from the initial treatment, whichever is less.",90 calendar days; whichever is less,"The physician’s/NPP’s certification of the plan satisfies all certification requirements for the duration of the plan of care, or 90 calendar days from the date of the initial treatment, whichever is less [3]. Similarly, recertification is timely when dated during the duration of the initial plan of care or within 90 calendar days of the initial treatment under that plan, whichever is less [5].",False,"[1] (Benefit Policy Manual Ch. 15, §220.1.3, Certification and Recertification of Need for Treatment and; p. 161)
physician/NPP) for the physician/NPP to review. For example, if during the course of treatment under a certified plan of care a physician sends an order for continued treatment for 2 more weeks, contractors shall accept the order as certification of continued treatment for 2 weeks under the same plan of care. If the new certification is for less treatment than previously planned and certified, this new certification takes the place of any previous certification. At the end of the 2 weeks of treatment (which might extend more than 2 calendar weeks from the date the order/certification was signed) another certification would be required if further treatment was documented as medically necessary. The certification should be retained in the clinical record and available if requested by the contractor. B. Initial Certification of Plan The physician’s/NPP’s certification of the plan (with or without an order) satisfies all of the certification requirements noted above in §220.1 for the duration of the plan of care, or 90 calendar days from the date of the initial treatment, whichever is less. The initial treatment includes the evaluation that resulted in the plan. Timing of Initial Certification. The provider or supplier (e.g., facility, physician/NPP, or therapist) should obtain certification as soon as possible after the plan of care is established, unless the requirements of delayed certification are met. “As soon as possible” means that the physician/NPP shall certify the initial plan as soon as it is obtained, or within 30 days of the initial therapy treatment. Since payment may be denied if a physician does not certify the plan, the therapist should forward the plan to the physician as soon as it is established. Evidence of diligence in providing the plan to the physician may be considered by the Medicare contractor during review in the event of

[2] (Benefit Policy Manual Ch. 15, §220.1.2, Plans of Care for Outpatient Physical Therapy, Occupational; p. 156)
considered incorporated into the plan. The plan should strive to provide treatment in the most efficient and effective manner, balancing the best achievable outcome with the appropriate resources. Long term treatment goals should be developed for the entire episode of care in the current setting. When the episode is anticipated to be long enough to require more than one certification, the long term goals may be specific to the part of the episode that is being certified. Goals should be measurable and pertain to identified functional impairments. Therapists typically also establish short term goals, such as goals for a week or month of therapy, to help track progress toward the goal for the episode of care. If the expected episode of care is short, for example therapy is expected to be completed in 4 to 6 treatment days, the long term and short term goals may be the same. In other instances measurable goals may not be achievable, such as when treatment in a particular setting is unexpectedly cut short (such as when care is transferred to another therapy provider) or when the beneficiary suffers an exacerbation of his/her existing condition terminating the current episode; documentation should state the clinical reasons progress cannot be shown. The functional impairments identified and expressed in the long term treatment goals must be consistent with those used in the claims-based functional reporting, using nonpayable G-codes and severity modifiers, for services furnished on or after January 1, 2013. (Reference: 42CFR410.61 and 42CFR410.105 (for CORFs). NOTE: The regulatory requirements at 42CFR410.61 and 42CFR410.105 (for CORFs) for the plan of care’s long-term goals to be consistent with functional impairments identified for purposes of functional reporting, were removed by the CY 2019 Physician Fee Schedule final rule, CMS-1693-F. Functional reporting and its associated documentation requirements are no longer

[3] (Benefit Policy Manual Ch. 15, §220.1.3, Certification and Recertification of Need for Treatment and; p. 161)
the plan, the therapist should forward the plan to the physician as soon as it is established. Evidence of diligence in providing the plan to the physician may be considered by the Medicare contractor during review in the event of a delayed certification. Timely certification of the initial plan is met when physician/NPP certification of the plan is documented, by signature or verbal order, and dated in the 30 days following the first day of treatment (including evaluation). If the order to certify is verbal, it must be followed within 14 days by a signature to be timely. A dated notation of the order to certify the plan should be made in the patient’s medical record. Recertification is not required if the duration of the initially certified plan of care is more than the duration (length) of the entire episode of treatment. C. Review of Plan and Recertification Reference: 42CFR424.24(c), 1861(r), 42CFR 410.61(e). The timing of recertification changed on January 1, 2008. Certifications signed on or after January 1, 2008, follow the rules in this section. Certifications signed on or prior to December 31, 2007, follow the rule in effect at that time, which required recertification every 30 calendar days. Payment and coverage conditions require that the plan must be reviewed, as often as necessary but at least whenever it is certified or recertified to complete the certification requirements. It is not required that the same physician/NPP who participated initially in recommending or planning the patient’s care certify and/or recertify the plans. Recertifications that document the need for continued or modified therapy should be signed whenever the need for a significant modification of the plan becomes evident, or at least every 90 days after initiation of treatment under that plan, unless they are delayed. Physician/NPP Options for Certification. A physician/NPP

[4] (Benefit Policy Manual Ch. 15, §220.1.2, Plans of Care for Outpatient Physical Therapy, Occupational; p. 156)
in the medical record of beginning date for the plan are recommended but not required to assist Medicare contractors in determining the dates of services for which the plan was effective. C. Changes to the Therapy Plan Changes are made in writing in the patient’s record and signed by one of the following professionals responsible for the patient’s care: • The physician/NPP; • The physical therapist (in the case of physical therapy); • The speech-language pathologist (in the case of speech-language pathology services); • The occupational therapist (in the case of occupational therapy services); or • The registered professional nurse or physician/NPP on the staff of the facility pursuant to the oral orders of the physician/NPP or therapist. While the physician/NPP may change a plan of treatment established by the therapist providing such services, the therapist may not significantly alter a plan of treatment established or certified by a physician/NPP without their documented written or verbal approval (see §220.1.3(C)). A change in long-term goals, (for example if a new condition was to be treated) would be a significant change. Physician/NPP certification of the significantly modified plan of care shall be obtained within 30 days of the initial therapy treatment under the revised plan. An insignificant alteration in the plan would be a change in the frequency or duration due to the patient’s illness, or a modification of short-term goals to adjust for improvements made toward the same long-term goals. If a patient has achieved a goal and/or has had no response to a treatment that is part of the plan, the therapist may delete a specific intervention from the plan of care prior to physician/ NPP approval. This shall be reported to the physician/NPP responsible for the patient’s treatment prior to the next certification. Procedures (e.g., neuromuscular reeducation) and modalities

[5] (Benefit Policy Manual Ch. 15, §220.1.3, Certification and Recertification of Need for Treatment and; p. 161)
of care that is certified. If the physician wishes to restrict the patient’s treatment beyond a certain date when a visit is required, the physician should certify a plan only until the date of the visit. After that date, services will not be considered reasonable and necessary due to lack of a certified plan. Physicians/NPPs should not sign a certification if they require a visit and a visit was not made. However, Medicare does not require a visit unless the National Coverage Determination (NCD) for a particular treatment requires it (e.g., see Pub. 100- 03, §270.1 - Electrical Stimulation (ES) and Electromagnetic Therapy for the Treatment of Wounds). Restrictions on Certification. Certifications and recertifications by doctors of podiatric medicine must be consistent with the scope of the professional services provided by a doctor of podiatric medicine as authorized by applicable state law. Optometrists may order and certify only low vision services. Chiropractors may not certify or recertify plans of care for therapy services. D. Delayed Certification References: §1835(a) of the Act 42CFR424.11(d)(3) Certifications are required for each interval of treatment based on the patient’s needs, not to exceed 90 calendar days from the initial therapy treatment. Certifications are timely when the initial certification (or certification of a significantly modified plan of care) is dated within 30 calendar days of the initial treatment under that plan. Recertification is timely when dated during the duration of the initial plan of care or within 90 calendar days of the initial treatment under that plan, whichever is less. Delayed certification and recertification requirements shall be deemed satisfied where, at any later date, a physician/NPP makes a certification accompanied by a reason for the delay. Certifications are acceptable without justification for 30 days after they are due. Delayed certification should include one or more certifications",Benefit Policy Manual Ch. 15 §220.1.3; Benefit Policy Manual Ch. 15 §220.1.3,True,True,tr-30ab7acc2bc2dd80d6e10d4a4315243d,NOT IN DOCUMENTS,True,1.0,1.0,"The answer correctly identifies the duration of the initial certification as stated in the reference and excerpts. Although it includes additional information about recertification that was not requested, it does not contradict the answer to the specific question asked.",1.0,1.0,"Since no excerpts were provided, the reference is not in the documents. The answerer correctly declined by stating 'NOT IN DOCUMENTS'. According to the instructions, a declined answer when the reference is not in the documents receives a correct score of 1 and a faithful score of 1."
q18,Within how many days must the physician certify the initial therapy plan for it to be timely?,True,exact,Benefit Policy Manual Ch. 15 §220.1.3,Within 30 days of the initial therapy treatment (including evaluation); a verbal order must be followed by a signature within 14 days.,30 days; 14 days for a verbal order,"Timely certification of the initial plan is met when physician/NPP certification is documented and dated within 30 days following the first day of treatment [1]. Alternatively, the physician/NPP shall certify the initial plan within 30 days of the initial therapy treatment [4]. Certifications are also considered timely when dated within 30 calendar days of the initial treatment under that plan [3].",False,"[1] (Benefit Policy Manual Ch. 15, §220.1.3, Certification and Recertification of Need for Treatment and; p. 161)
the plan, the therapist should forward the plan to the physician as soon as it is established. Evidence of diligence in providing the plan to the physician may be considered by the Medicare contractor during review in the event of a delayed certification. Timely certification of the initial plan is met when physician/NPP certification of the plan is documented, by signature or verbal order, and dated in the 30 days following the first day of treatment (including evaluation). If the order to certify is verbal, it must be followed within 14 days by a signature to be timely. A dated notation of the order to certify the plan should be made in the patient’s medical record. Recertification is not required if the duration of the initially certified plan of care is more than the duration (length) of the entire episode of treatment. C. Review of Plan and Recertification Reference: 42CFR424.24(c), 1861(r), 42CFR 410.61(e). The timing of recertification changed on January 1, 2008. Certifications signed on or after January 1, 2008, follow the rules in this section. Certifications signed on or prior to December 31, 2007, follow the rule in effect at that time, which required recertification every 30 calendar days. Payment and coverage conditions require that the plan must be reviewed, as often as necessary but at least whenever it is certified or recertified to complete the certification requirements. It is not required that the same physician/NPP who participated initially in recommending or planning the patient’s care certify and/or recertify the plans. Recertifications that document the need for continued or modified therapy should be signed whenever the need for a significant modification of the plan becomes evident, or at least every 90 days after initiation of treatment under that plan, unless they are delayed. Physician/NPP Options for Certification. A physician/NPP

[2] (Benefit Policy Manual Ch. 15, §220.1.3, Certification and Recertification of Need for Treatment and; p. 161)
modified therapy should be signed whenever the need for a significant modification of the plan becomes evident, or at least every 90 days after initiation of treatment under that plan, unless they are delayed. Physician/NPP Options for Certification. A physician/NPP may certify or recertify a plan for whatever duration of treatment the physician/NPP determines is appropriate, up to a maximum of 90 calendar days. Many episodes of therapy treatment last less than 30 calendar days. Therefore, it is expected that the physician/NPP should certify a plan that appropriately estimates the duration of care for the individual, even if it is less than 90 days. If the therapist writes a plan of care for a duration that is more or less than the duration approved by the physician/NPP, then the physician/NPP would document a change to the duration of the plan and certify it for the duration the physician/NPP finds appropriate (up to 90 days). Treatment beyond the duration certified by the physician/NPP requires that a plan be recertified for the extended duration of treatment. It is possible that patients will be discharged by the therapist before the end of the estimated treatment duration because some will improve faster than estimated and/or some were successfully progressed to an independent home program. Physicians/NPPs may require that the patient make a physician/NPP visit for an examination if, in the professional’s judgment, the visit is needed prior to certifying the plan, or during the planned treatment. Physicians/NPPs should indicate their requirement for visits, preferably on an order preceding the treatment, or on the plan of care that is certified. If the physician wishes to restrict the patient’s treatment beyond a certain date when a visit is required, the physician should certify a plan only until the date of the visit. After that date, services

[3] (Benefit Policy Manual Ch. 15, §220.1.3, Certification and Recertification of Need for Treatment and; p. 161)
of care that is certified. If the physician wishes to restrict the patient’s treatment beyond a certain date when a visit is required, the physician should certify a plan only until the date of the visit. After that date, services will not be considered reasonable and necessary due to lack of a certified plan. Physicians/NPPs should not sign a certification if they require a visit and a visit was not made. However, Medicare does not require a visit unless the National Coverage Determination (NCD) for a particular treatment requires it (e.g., see Pub. 100- 03, §270.1 - Electrical Stimulation (ES) and Electromagnetic Therapy for the Treatment of Wounds). Restrictions on Certification. Certifications and recertifications by doctors of podiatric medicine must be consistent with the scope of the professional services provided by a doctor of podiatric medicine as authorized by applicable state law. Optometrists may order and certify only low vision services. Chiropractors may not certify or recertify plans of care for therapy services. D. Delayed Certification References: §1835(a) of the Act 42CFR424.11(d)(3) Certifications are required for each interval of treatment based on the patient’s needs, not to exceed 90 calendar days from the initial therapy treatment. Certifications are timely when the initial certification (or certification of a significantly modified plan of care) is dated within 30 calendar days of the initial treatment under that plan. Recertification is timely when dated during the duration of the initial plan of care or within 90 calendar days of the initial treatment under that plan, whichever is less. Delayed certification and recertification requirements shall be deemed satisfied where, at any later date, a physician/NPP makes a certification accompanied by a reason for the delay. Certifications are acceptable without justification for 30 days after they are due. Delayed certification should include one or more certifications

[4] (Benefit Policy Manual Ch. 15, §220.1.3, Certification and Recertification of Need for Treatment and; p. 161)
physician/NPP) for the physician/NPP to review. For example, if during the course of treatment under a certified plan of care a physician sends an order for continued treatment for 2 more weeks, contractors shall accept the order as certification of continued treatment for 2 weeks under the same plan of care. If the new certification is for less treatment than previously planned and certified, this new certification takes the place of any previous certification. At the end of the 2 weeks of treatment (which might extend more than 2 calendar weeks from the date the order/certification was signed) another certification would be required if further treatment was documented as medically necessary. The certification should be retained in the clinical record and available if requested by the contractor. B. Initial Certification of Plan The physician’s/NPP’s certification of the plan (with or without an order) satisfies all of the certification requirements noted above in §220.1 for the duration of the plan of care, or 90 calendar days from the date of the initial treatment, whichever is less. The initial treatment includes the evaluation that resulted in the plan. Timing of Initial Certification. The provider or supplier (e.g., facility, physician/NPP, or therapist) should obtain certification as soon as possible after the plan of care is established, unless the requirements of delayed certification are met. “As soon as possible” means that the physician/NPP shall certify the initial plan as soon as it is obtained, or within 30 days of the initial therapy treatment. Since payment may be denied if a physician does not certify the plan, the therapist should forward the plan to the physician as soon as it is established. Evidence of diligence in providing the plan to the physician may be considered by the Medicare contractor during review in the event of

[5] (Benefit Policy Manual Ch. 15, §220.1.3, Certification and Recertification of Need for Treatment and; p. 161)
Therapy Plans of Care Reference: 42CFR424.24(c) See specific certification rules in Pub. 100-01, chapter 4, §20 for hospital services. A. Method and Disposition of Certifications Certification requires a dated signature on the plan of care or some other document that indicates approval of the plan of care. It is not appropriate for a physician/NPP to certify a plan of care if the patient was not under the care of some physician/NPP at the time of the treatment or if the patient did not need the treatment. Since delayed certification is allowed, the date the certification is signed is important only to determine if it is timely or delayed. The certification must relate to treatment during the interval on the claim. Unless there is reason to believe the plan was not signed appropriately, or it is not timely, no further evidence that the patient was under the care of a physician/NPP and that the patient needed the care is required. The format of all certifications and recertifications and the method by which they are obtained is determined by the individual facility and/or practitioner. Acceptable documentation of certification may be, for example, a physician’s progress note, a physician/NPP order, or a plan of care that is signed and dated by a physician/NPP, and indicates the physician/NPP is aware that therapy service is or was in progress and the physician/NPP makes no record of disagreement with the plan when there is evidence the plan was sent (e.g., to the office) or is available in the record (e.g., of the institution that employs the physician/NPP) for the physician/NPP to review. For example, if during the course of treatment under a certified plan of care a physician sends an order for continued treatment for 2 more weeks, contractors shall accept the order as certification of",Benefit Policy Manual Ch. 15 §220.1.3; Benefit Policy Manual Ch. 15 §220.1.3; Benefit Policy Manual Ch. 15 §220.1.3,True,True,tr-9152bc8a490b4252bd6e040991933b70,The physician must certify the initial therapy plan within 30 days of the date of service for the plan to be considered timely. Failure to meet this deadline may result in denial of payment for the services rendered.,False,0.5,1.0,"The answer correctly identifies the 30-day requirement for timely certification but fails to mention the requirement that a verbal order must be followed by a signature within 14 days, which is a key fact in the reference answer.",0.0,0.0,"Since no excerpts were provided, the answer should have declined to answer. Because it provided a substantive answer, the correctness score is 0. Additionally, since no claims in the answer are supported by the (non-existent) excerpts, the faithfulness score is 0."
q19,How often must a therapist write a progress report?,True,exact,Benefit Policy Manual Ch. 15 §220.3,At least once every 10 treatment days.,10 treatment days,"The minimum progress report period must be at least once every 10 treatment days [1]. Clinicians are encouraged, but not required, to write progress reports more frequently than this minimum [2]. Regardless of whether an assistant writes other reports, the clinician must write a progress report during each progress report period [4].",False,"[1] (Benefit Policy Manual Ch. 15, §220.3, Documentation Requirements for Therapy Services; p. 173)
Report The progress report provides justification for the medical necessity of treatment. Contractors shall determine the necessity of services based on the delivery of services as directed in the plan and as documented in the treatment notes and progress report. For Medicare payment purposes, information required in progress reports shall be written by a clinician that is, either the physician/NPP who provides or supervises the services, or by the therapist who provides the services and supervises an assistant. It is not required that the referring or supervising physician/NPP sign the progress reports written by a PT, OT or SLP. Timing. The minimum progress report period shall be at least once every 10 treatment days. The day beginning the first reporting period is the first day of the episode of treatment regardless of whether the service provided on that day is an evaluation, re- evaluation or treatment. Regardless of the date on which the report is actually written (and dated), the end of the progress report period is either a date chosen by the clinician or the 10th treatment day, whichever is shorter. The next treatment day begins the next reporting period. The progress report period requirements are complete when both the elements of the progress report and the clinician’s active participation in treatment have been documented. For example, for a patient evaluated on Monday, October 1 and being treated five times a week, on weekdays: On October 5, (before it is required), the clinician may choose to write a progress report for the last week’s treatment (from October 1 to October 5). October 5 ends the reporting period and the next treatment on Monday, October 8 begins the next reporting period. If the clinician does not choose to write a report for the next week, the next report is required

[2] (Benefit Policy Manual Ch. 15, §220.3, Documentation Requirements for Therapy Services; p. 173)
requirements of the progress report period are incomplete. Delayed Reports. If the clinician has not written a progress report before the end of the progress reporting period, it shall be written within 7 calendar days after the end of the reporting period. If the clinician did not participate actively in treatment during the progress report period, documentation of the delayed active participation shall be entered in the treatment note as soon as possible. The treatment note shall explain the reason for the clinician’s missed active participation. Also, the treatment note shall document the clinician’s guidance to the assistant or qualified personnel to justify that the skills of a therapist were required during the reporting period. It is not necessary to include in this treatment note any information already recorded in prior treatment notes or progress reports. The contractor shall make a clinical judgment whether continued treatment by assistants or qualified personnel is reasonable and necessary when the clinician has not actively participated in treatment for longer than one reporting period. Judgment shall be based on the individual case and documentation of the application of the clinician’s skills to guide the assistant or qualified personnel during and after the reporting period. Early Reports. Often, progress reports are written weekly, or even daily, at the discretion of the clinician. Clinicians are encouraged, but not required to write progress reports more frequently than the minimum required in order to allow anyone who reviews the records to easily determine that the services provided are appropriate, covered and payable. Elements of progress reports may be written in the treatment notes if the provider/supplier or clinician prefers. If each element required in a progress report is included in the treatment notes at least once during the progress report period, then a separate progress report is not

[3] (Benefit Policy Manual Ch. 15, §220.3, Documentation Requirements for Therapy Services; p. 173)
October 5). October 5 ends the reporting period and the next treatment on Monday, October 8 begins the next reporting period. If the clinician does not choose to write a report for the next week, the next report is required to cover October 8 through October 19, which would be 10 treatment days. It should be emphasized that the dates for recertification of plans of care do not affect the dates for required progress reports. (Consideration of the case in preparation for a report may lead the therapist to request early recertification. However, each report does not require recertification of the plan, and there may be several reports between recertifications). In many settings, weekly progress reports are voluntarily prepared to review progress, describe the skilled treatment, update goals, and inform physician/NPPs or other staff. The clinical judgment demonstrated in frequent reports may help justify that the skills of a therapist are being applied, and that services are medically necessary. Absences. Holidays, sick days or other patient absences may fall within the progress report period. Days on which a patient does not encounter qualified professional or qualified personnel for treatment, evaluation or re-evaluation do not count as treatment days. However, absences do not affect the requirement for a progress report at least once during each progress report period. If the patient is absent unexpectedly at the end of the reporting period, when the clinician has not yet provided the required active participation during that reporting period, a progress report is still required, but without the clinician’s active participation in treatment, the requirements of the progress report period are incomplete. Delayed Reports. If the clinician has not written a progress report before the end of the progress reporting period, it shall be written within 7 calendar days after the end of the

[4] (Benefit Policy Manual Ch. 15, §220.3, Documentation Requirements for Therapy Services; p. 173)
services were provided or supervised by a clinician. The discharge note shall include all treatment provided since the last progress report and indicate that the therapist reviewed the notes and agrees to the discharge. At the discretion of the clinician, the discharge note may include additional information; for example, it may summarize the entire episode of treatment, or justify services that may have extended beyond those usually expected for the patient’s condition. Clinicians should consider the discharge note the last opportunity to justify the medical necessity of the entire treatment episode in case the record is reviewed. The record should be reviewed and organized so that the required documentation is ready for presentation to the contractor if requested. Assistant’s Participation in the Progress Report. PTAs or OTAs may write elements of the progress report dated between clinician reports. Reports written by assistants are not complete progress reports. The clinician must write a progress report during each progress report period regardless of whether the assistant writes other reports. However, reports written by assistants are part of the record and need not be copied into the clinicians report. Progress reports written by assistants supplement the reports of clinicians and shall include: • Date of the beginning and end of the reporting period that this report refers to; • Date that the report was written (not required to be within the reporting period); • Signature, and professional identification, or for dictated documentation, the identification of the qualified professional who wrote the report and the date on which it was dictated; • Objective reports of the patient’s subjective statements, if they are relevant. For example, “Patient reports pain after 20 repetitions”. Or, “The patient was not feeling well on 11/05/06 and refused to complete the treatment session.”; and • Objective measurements (preferred) or description

[5] (Benefit Policy Manual Ch. 15, §220.3, Documentation Requirements for Therapy Services; p. 173)
are provided by qualified personnel who are not therapists, the ordering or supervising physician/NPP must personally provide at least one treatment session during each progress report period and sign the progress report. Documenting Clinician Participation in Treatment in the Progress Report. Verification of the clinician’s required participation in treatment during the progress report period shall be documented by the clinician’s signature on the treatment note and/or on the progress report. When unexpected discontinuation of treatment occurs, contractors shall not require a clinician’s participation in treatment for the incomplete reporting period. The Discharge Note (or Discharge Summary) is required for each episode of outpatient treatment. In provider settings where the physician/NPP writes a discharge summary and the discharge documentation meets the requirements of the provider setting, a separate discharge note written by a therapist is not required. The discharge note shall be a progress report written by a clinician, and shall cover the reporting period from the last progress report to the date of discharge. In the case of a discharge unanticipated in the plan or previous progress report, the clinician may base any judgments required to write the report on the treatment notes and verbal reports of the assistant or qualified personnel. In the case of a discharge anticipated within 3 treatment days of the progress report, the clinician may provide objective goals which, when met, will authorize the assistant or qualified personnel to discharge the patient. In that case, the clinician should verify that the services provided prior to discharge continued to require the skills of a therapist, and services were provided or supervised by a clinician. The discharge note shall include all treatment provided since the last progress report and indicate that the therapist reviewed the notes and agrees to the discharge. At the discretion of the clinician,",Benefit Policy Manual Ch. 15 §220.3; Benefit Policy Manual Ch. 15 §220.3; Benefit Policy Manual Ch. 15 §220.3,True,True,tr-5532c8b1c1c1f061cc3d61345d2bdc8e,NOT IN DOCUMENTS,True,1.0,1.0,The answer correctly identifies the key fact (at least once every 10 treatment days) and provides additional relevant information from the excerpts that does not contradict the reference answer.,1.0,1.0,"Since no excerpts were provided, the answerer correctly stated that the information was not in the documents. According to the instructions, if the reference is not in the documents, a decline results in a correct score of 1. For a declined answer, the faithful score is also 1."
q20,Can therapy start before the plan of care is written down?,True,paraphrase,Benefit Policy Manual Ch. 15 §220.1.2; Benefit Policy Manual Ch. 15 §220.3,Only if the treatment is performed or supervised by the same clinician who establishes the plan; otherwise payment for services before the plan may be denied.,same clinician who establishes the plan; may be denied,"Treatment may begin before the plan is committed to writing, but only if the treatment is performed or supervised by the same clinician who establishes the plan [2]. Treatment may begin before the plan is committed to writing only if the treatment is performed or supervised [1]. Payment for services provided before a plan is established may be denied [2].",False,"[1] (Benefit Policy Manual Ch. 15, §220.1.2, Plans of Care for Outpatient Physical Therapy, Occupational; p. 156)
Therapy, or Speech-Language Pathology Services Reference: 42CFR 410.61 and 410.105(c) (for CORFs) A. Establishing the plan (See §220.1.3 for certifying the plan.) The services must relate directly and specifically to a written treatment plan as described in this chapter. The plan, (also known as a plan of care or plan of treatment) must be established before treatment is begun. The plan is established when it is developed (e.g., written or dictated). The signature and professional identity (e.g., MD, OTR/L) of the person who established the plan, and the date it was established must be recorded with the plan. Establishing the plan, which is described below, is not the same as certifying the plan, which is described in §§220.1.1 and 220.1.3 Outpatient therapy services shall be furnished under a plan established by: • A physician/NPP (consultation with the treating physical therapist, occupational therapist, or speech-language pathologist is recommended. Only a physician may establish a plan of care in a CORF; • The physical therapist who will provide the physical therapy services; • The occupational therapist who will provide the occupational therapy services; or • The speech-language pathologist who will provide the speech-language pathology services. The plan may be entered into the patient’s therapy record either by the person who established the plan or by the provider’s or supplier’s staff when they make a written record of that person’s oral orders before treatment is begun. Treatment under a Plan. The evaluation and treatment may occur and are both billable either on the same day or at subsequent visits. It is appropriate that treatment begins when a plan is established. Therapy may be initiated by qualified professionals or qualified personnel based on a dictated plan. Treatment may begin before the plan is committed to writing only if the treatment is performed or supervised

[2] (Benefit Policy Manual Ch. 15, §220.1.2, Plans of Care for Outpatient Physical Therapy, Occupational; p. 156)
treatment begins when a plan is established. Therapy may be initiated by qualified professionals or qualified personnel based on a dictated plan. Treatment may begin before the plan is committed to writing only if the treatment is performed or supervised by the same clinician who establishes the plan. Payment for services provided before a plan is established may be denied. Two Plans. It is acceptable to treat under two separate plans of care when different physician’s/NPP’s refer a patient for different conditions. It is also acceptable to combine the plans of care into one plan covering both conditions if one or the other referring physician/NPP is willing to certify the plan for both conditions. The treatment notes continue to require timed code treatment minutes and total treatment time and need not be separated by plan. Progress reports should be combined if it is possible to make clear that the goals for each plan are addressed. Separate progress reports referencing each plan of care may also be written, at the discretion of the treating clinician, or at the request of the certifying physician/NPP, but shall not be required by contractors. B. Contents of Plan (See §220.1.3 for certifying the plan.) The plan of care shall contain, at minimum, the following information as required by regulation (42CFR424.24, 410.61, and 410.105(c) (for CORFs)). (See §220.3 for further documentation requirements): • Diagnoses; • Long term treatment goals; and • Type, amount, duration and frequency of therapy services. The plan of care shall be consistent with the related evaluation, which may be attached and is considered incorporated into the plan. The plan should strive to provide treatment in the most efficient and effective manner, balancing the best achievable outcome with the appropriate resources. Long term treatment goals should be developed for the entire episode of

[3] (Benefit Policy Manual Ch. 15, §220.3, Documentation Requirements for Therapy Services; p. 173)
written in the treatment notes if the provider/supplier or clinician prefers. If each element required in a progress report is included in the treatment notes at least once during the progress report period, then a separate progress report is not required. Also, elements of the progress report may be incorporated into a revised plan of care when one is indicated. Although the progress report written by a therapist does not require a physician/NPP signature when written as a stand-alone document, the revised plan of care accompanied by the progress report shall be re-certified by a physician/NPP. See section 220.1.2C, Changes to the Therapy Plan, for guidance on when a revised plan requires certification. Progress Reports for Services Billed Incident to a Physician’s Service. The policy for incident to services requires, for example, the physician’s initial service, direct supervision of therapy services, and subsequent services of a frequency which reflect his/her active participation in and management of the course of treatment (see section 60.1B of this chapter. Also, see the billing requirements for services incident to a physician in Pub. 100-04, chapter 26, Items 17, 19, 24, and 31.) Therefore, supervision and reporting requirements for supervising physician/NPPs supervising staff are the same as those for PTs and OTs supervising PTAs and OTAs with certain exceptions noted below. When a therapy service is provided by a therapist, supervised by a physician/NPP and billed incident to the services of the physician/NPP, the progress report shall be written and signed by the therapist who provides the services. When the services incident to a physician are provided by qualified personnel who are not therapists, the ordering or supervising physician/NPP must personally provide at least one treatment session during each progress report period and sign the progress report. Documenting Clinician Participation in Treatment in the Progress

[4] (Benefit Policy Manual Ch. 15, §220.1.2, Plans of Care for Outpatient Physical Therapy, Occupational; p. 156)
in the medical record of beginning date for the plan are recommended but not required to assist Medicare contractors in determining the dates of services for which the plan was effective. C. Changes to the Therapy Plan Changes are made in writing in the patient’s record and signed by one of the following professionals responsible for the patient’s care: • The physician/NPP; • The physical therapist (in the case of physical therapy); • The speech-language pathologist (in the case of speech-language pathology services); • The occupational therapist (in the case of occupational therapy services); or • The registered professional nurse or physician/NPP on the staff of the facility pursuant to the oral orders of the physician/NPP or therapist. While the physician/NPP may change a plan of treatment established by the therapist providing such services, the therapist may not significantly alter a plan of treatment established or certified by a physician/NPP without their documented written or verbal approval (see §220.1.3(C)). A change in long-term goals, (for example if a new condition was to be treated) would be a significant change. Physician/NPP certification of the significantly modified plan of care shall be obtained within 30 days of the initial therapy treatment under the revised plan. An insignificant alteration in the plan would be a change in the frequency or duration due to the patient’s illness, or a modification of short-term goals to adjust for improvements made toward the same long-term goals. If a patient has achieved a goal and/or has had no response to a treatment that is part of the plan, the therapist may delete a specific intervention from the plan of care prior to physician/ NPP approval. This shall be reported to the physician/NPP responsible for the patient’s treatment prior to the next certification. Procedures (e.g., neuromuscular reeducation) and modalities

[5] (Benefit Policy Manual Ch. 15, §220.3, Documentation Requirements for Therapy Services; p. 173)
October 5). October 5 ends the reporting period and the next treatment on Monday, October 8 begins the next reporting period. If the clinician does not choose to write a report for the next week, the next report is required to cover October 8 through October 19, which would be 10 treatment days. It should be emphasized that the dates for recertification of plans of care do not affect the dates for required progress reports. (Consideration of the case in preparation for a report may lead the therapist to request early recertification. However, each report does not require recertification of the plan, and there may be several reports between recertifications). In many settings, weekly progress reports are voluntarily prepared to review progress, describe the skilled treatment, update goals, and inform physician/NPPs or other staff. The clinical judgment demonstrated in frequent reports may help justify that the skills of a therapist are being applied, and that services are medically necessary. Absences. Holidays, sick days or other patient absences may fall within the progress report period. Days on which a patient does not encounter qualified professional or qualified personnel for treatment, evaluation or re-evaluation do not count as treatment days. However, absences do not affect the requirement for a progress report at least once during each progress report period. If the patient is absent unexpectedly at the end of the reporting period, when the clinician has not yet provided the required active participation during that reporting period, a progress report is still required, but without the clinician’s active participation in treatment, the requirements of the progress report period are incomplete. Delayed Reports. If the clinician has not written a progress report before the end of the progress reporting period, it shall be written within 7 calendar days after the end of the",Benefit Policy Manual Ch. 15 §220.1.2; Benefit Policy Manual Ch. 15 §220.1.2,True,True,tr-cb094ab5d0011b8288cc0618940415d0,Medicare requires that a plan of care be established and documented before therapy services can begin and be billed. This documentation ensures that the services provided are medically necessary and align with the patient's treatment goals.,False,1.0,1.0,"The answer accurately reflects the key facts from the reference: that treatment can begin before the plan is written if it is performed or supervised by the same clinician who establishes the plan, and that payment may be denied otherwise. All claims are supported by the provided excerpts.",0.0,0.0,"The answer provides a substantive answer instead of declining, which violates the instruction for when the reference is not in the documents. Furthermore, the answer contradicts the reference by stating a plan of care must be established before services begin, whereas the reference allows for an exception if the same clinician performs/supervises the treatment. Since no excerpts were provided, the claims in the answer cannot be supported by the text."
q21,Does a patient need potential for improvement for therapy to be covered by Medicare?,True,paraphrase,Benefit Policy Manual Ch. 15 §220.2,"No. Coverage depends on the need for skilled care, not on the potential for improvement.",need for skilled care; not potential for improvement,"Medicare coverage does not depend on the presence or absence of a beneficiary’s potential for improvement from the therapy, but rather on the beneficiary’s need for skilled care [1]. However, for rehabilitative therapy, documentation must show that the patient’s condition has the potential to improve or is improving, and that maximum improvement has not yet been attained [5]. Conversely, coverage for therapy services to carry out a maintenance program does not depend on the presence or absence of the patient’s potential for improvement [4].",False,"[1] (Benefit Policy Manual Ch. 15, §220.2, Reasonable and Necessary Outpatient Rehabilitation Therapy; p. 166)
of physical therapy and occupational therapy by or under the supervision of a therapist. Services that do not require the performance or supervision of a therapist are not skilled and are not considered reasonable or necessary therapy services, even if they are performed or supervised by a qualified professional. Medicare coverage does not turn on the presence or absence of a beneficiary’s potential for improvement from the therapy, but rather on the beneficiary’s need for skilled care. (For additional guidance, see subsection D below related to Maintenance Programs.) • If the contractor determines the services furnished were of a type that could have been safely and effectively performed only by or under the supervision of such a qualified professional, the contractor shall presume that such services were properly supervised when required. However, this presumption is rebuttable and, if in the course of processing a claim, the contractor finds that services were not furnished under proper supervision, it shall deny the claim and bring this matter to the attention of the Division of Survey and Certification of the Regional Office. • While a beneficiary’s particular medical condition is a valid factor in deciding if skilled therapy services are needed, a beneficiary’s diagnosis or prognosis cannot be the sole factor in deciding that a service is or is not skilled. The key issue is whether the skills of a therapist are needed to treat the illness or injury, or whether the services can be carried out by nonskilled personnel. See items C and D for descriptions of covered skilled services; and • The amount, frequency, and duration of the services must be reasonable under accepted standards of practice. The contractor shall consult local professionals or the state or national therapy associations in the development of any utilization guidelines. NOTE: Claims for therapy

[2] (Benefit Policy Manual Ch. 15, §220.2, Reasonable and Necessary Outpatient Rehabilitation Therapy; p. 166)
who has not been receiving ongoing therapy under a therapy plan of care needs a maintenance plan. EXAMPLE: A patient with multiple sclerosis needs a maintenance program to slow or prevent deterioration in communication ability caused by the medical condition. Therapy services from a qualified speech-language pathologist may be covered to establish a maintenance program even though the patient’s current medical condition does not yet justify the need for individual skilled therapy sessions. Evaluation, establishment of the program, and training the family or support personnel may require the skills of a therapist and would be covered. NOTE: In this example, the skills of a therapist are not required to actually carry out the maintenance program services and, as a result, are not covered. Example #3 describes a scenario where the skilled services of a therapist would be necessary to actually carry out the maintenance program services. EXAMPLE: Where there is an unhealed, unstable fracture that requires regular exercise to maintain function until the fracture heals, the skills of a therapist may be needed to ensure that the fractured extremity is maintained in proper position and alignment during range of motion exercises. In this case, since the skills of a therapist may be required to safely carry out the maintenance program given this particular patient’s special medical complications, therapy services would be covered. Example #4 describes another scenario where the skilled services of a therapist are needed to actually carry out the maintenance program services. EXAMPLE: A patient with a long history of Multiple Sclerosis has difficulties transferring in and out of the wheelchair and maintaining range of motion (ROM) of the lower extremities (LEs) due to increased spasticity muscle tone since the most recent exacerbation episode of her Multiple Sclerosis. The beneficiary is unable to walk but is independent with

[3] (Benefit Policy Manual Ch. 15, §220.2, Reasonable and Necessary Outpatient Rehabilitation Therapy; p. 166)
must issue a valid ABN, Form CMS-R-131. For more information, see the Therapy Services webpage at: https://www.cms.gov/Medicare/Billing/TherapyServices/index.html for the Advance Beneficiary Notice of Noncoverage (ABN) Frequently Asked Questions (FAQ) document that was posted to reflect the changes of the Bipartisan Budget Act of 2018. Please find the document titled: “August 2018 ABN FAQs” in the Downloads section on this webpage. C. Rehabilitative Therapy Rehabilitative therapy includes services designed to address recovery or improvement in function and, when possible, restoration to a previous level of health and well-being. Therefore, evaluation, re-evaluation and assessment documented in the Progress Report should describe objective measurements which, when compared, show improvements in function, decrease in severity or rationalization for an optimistic outlook to justify continued treatment. Improvement is evidenced by successive objective measurements whenever possible (see objective measurement and other instruments for evaluation in the §220.3.C of this chapter). If an individual’s expected rehabilitation potential is insignificant in relation to the extent and duration of therapy services required to achieve such potential, rehabilitative therapy is not reasonable and necessary. Rehabilitative therapy services are skilled procedures that may include but are not limited to: • Evaluations and reevaluations; • Establishment of treatment goals specific to the patient’s disability or dysfunction and designed to specifically address each problem identified in the evaluation; • Design of a plan of care addressing the patient’s disorder, including establishment of procedures to obtain goals, determining the frequency and intensity of treatment; • Continued assessment and analysis during implementation of the services at regular intervals; • Instruction leading to establishment of compensatory skills; • Selection of devices to replace or augment a function (e.g., for use as an alternative communication system and short-term training on use of the device or system); and • Training of patient and family to augment rehabilitative treatment.

[4] (Benefit Policy Manual Ch. 15, §220.2, Reasonable and Necessary Outpatient Rehabilitation Therapy; p. 166)
such instruction is covered. If skilled therapy services are needed for periodic reevaluations or reassessments of the maintenance program, such periodic reevaluations or reassessments are covered. • Delivery of maintenance programs. Once a maintenance program is established, coverage of therapy services to carry out a maintenance program turns on the beneficiary’s need for skilled care. A maintenance program can generally be performed by the beneficiary alone or with the assistance of a family member, caregiver or unskilled personnel. In such situations, coverage is not provided. However, skilled therapy services are covered when an individualized assessment of the patient’s clinical condition demonstrates that the specialized judgment, knowledge, and skills of a qualified therapist are necessary for the performance of safe and effective services in a maintenance program. Such skilled care is necessary for the performance of a safe and effective maintenance program only when (a) the therapy procedures required to maintain the patient’s current function or to prevent or slow further deterioration are of such complexity and sophistication that the skills of a qualified therapist are required to furnish the therapy procedure or (b) the particular patient’s special medical complications require the skills of a qualified therapist to furnish a therapy service required to maintain the patient’s current function or to prevent or slow further deterioration, even if the skills of a therapist are not ordinarily needed to perform such therapy procedures. Unlike coverage for rehabilitation therapy, coverage of therapy services to carry out a maintenance program does not depend on the presence or absence of the patient’s potential for improvement from the therapy. The deciding factors are always whether the services are considered reasonable, effective treatments for the patient’s condition and require the skills of a therapist, or whether they can be safely and effectively carried out by nonskilled personnel

[5] (Benefit Policy Manual Ch. 15, §220.3, Documentation Requirements for Therapy Services; p. 173)
clinician documents, on the applicable dates of service, the specific nonpayable G-codes and severity modifiers used in the required reporting of the patient’s functional limitation(s) on the claim for services, including how the modifier selection was made. See subsection C of 220.4 below for details relevant to documentation requirements. A re-evaluation should not be required before every progress report routinely, but may be appropriate when assessment suggests changes not anticipated in the original plan of care. Care must be taken to assure that documentation justifies the necessity of the services provided during the reporting period, particularly when reports are written at the minimum frequency. Justification for treatment must include, for example, objective evidence or a clinically supportable statement of expectation that: • In the case of rehabilitative therapy, the patient’s condition has the potential to improve or is improving in response to therapy, maximum improvement is yet to be attained; and there is an expectation that the anticipated improvement is attainable in a reasonable and generally predictable period of time. • In the case of maintenance therapy, treatment by the therapist is necessary to maintain, prevent or slow further deterioration of the patient’s functional status and the services cannot be safely carried out by the beneficiary him or herself, a family member, another caregiver or unskilled personnel. Objective evidence consists of standardized patient assessment instruments, outcome measurements tools or measurable assessments of functional outcome. Use of objective measures at the beginning of treatment, during and/or after treatment is recommended to quantify progress and support justifications for continued treatment. Such tools are not required, but their use will enhance the justification for needed therapy. Example: The Plan states diagnosis is 787.2- Dysphagia secondary to other late effects of CVA. Patient is on a restricted diet and wants to drink thick liquids.",Benefit Policy Manual Ch. 15 §220.2; Benefit Policy Manual Ch. 15 §220.2; Benefit Policy Manual Ch. 15 §220.3,True,True,tr-90d8e1fac2da2bc49c045255686f77c0,"Yes, Medicare requires that the therapy be medically necessary and that the patient has a need that can be addressed by the treatment. The services must demonstrate a potential for improvement or functional change to justify continued skilled care.",False,1.0,1.0,"The answer correctly identifies the key facts from the reference (coverage depends on the need for skilled care, not potential for improvement) and provides additional, accurate context from the excerpts regarding rehabilitative therapy documentation and maintenance programs without contradicting the core principle.",0.0,0.0,"The answer contradicts the reference answer. The reference states that potential for improvement is not required, whereas the answer claims it is required. Since no excerpts were provided, the answer is graded as 0 for correctness because it provides a substantive answer that contradicts the reference."
q22,Is general exercise to promote overall fitness a covered therapy service?,True,paraphrase,Benefit Policy Manual Ch. 15 §220.2,"No. Activities for the general good and welfare, such as general fitness and flexibility exercises, are not therapy services for Medicare.",not covered; general good and welfare,"No, general exercise to promote overall fitness is not a covered therapy service. Services related to activities for the general good and welfare of patients, such as general exercises to promote overall fitness and flexibility, do not constitute therapy services for Medicare purposes [3]. Additionally, fitness and flexibility and activities to provide diversion or general motivation do not constitute therapy services for Medicare purposes [1].",False,"[1] (Benefit Policy Manual Ch. 15, §220.2, Reasonable and Necessary Outpatient Rehabilitation Therapy; p. 166)
fitness and flexibility and activities to provide diversion or general motivation, do not constitute therapy services for Medicare purposes. Also, services not provided under a therapy plan of care, or provided by staff who are not qualified or appropriately supervised, are not payable therapy services. Examples of coverage policies that apply to all outpatient therapy claims are in this chapter, in Pub. 100-04, chapter 5, and Pub. 100-08, chapter 13. Some policies in other manuals are repeated here for emphasis and clarification. Further details on documenting reasonable and necessary services are found in section 220.3 of this chapter. B. Reasonable and Necessary To be considered reasonable and necessary, each of the following conditions must be met. (This is a representative list of required conditions and does not fully describe reasonable and necessary services. See the remainder of this section and associated information in section 230.) • The services shall be considered under accepted standards of medical practice to be a specific and effective treatment for the patient’s condition. Acceptable practices for therapy services are found in: o Medicare manuals (such as this manual and Publications 100-03 and 100-04), o Contractors Local Coverage Determinations (LCDs and NCDs are available on the Medicare Coverage Database: http://www.cms.hhs.gov/mcd, and o Guidelines and literature of the professions of physical therapy, occupational therapy and speech-language pathology. • The services shall be of such a level of complexity and sophistication or the condition of the patient shall be such that the services required can be safely and effectively performed only by a therapist, or in the case of physical therapy and occupational therapy by or under the supervision of a therapist. Services that do not require the performance or supervision of a therapist are not skilled and are not considered reasonable or necessary therapy services, even if

[2] (Benefit Policy Manual Ch. 15, §220, Coverage of Outpatient Rehabilitation Therapy Services (Physical; p. 145)
Potential Errors and Taking Corrective Actions 3.4.1.1 - Linking LCD and NCD ID Numbers to Edits o Chapter 13 - Local Coverage Determinations 13.5.1 - Reasonable and Necessary Provisions in LCDs Specific policies may differ by setting. Other policies concerning therapy services are found in other manuals. When a therapy service policy is specific to a setting, it takes precedence over these general outpatient policies. For special rules on: • CORFs - See chapter 12 of this manual and also Pub. 100- 04, chapter 5; • SNF - See chapter 8 of this manual and also Pub. 100-04, chapter 6, for SNF claims/billing; • HHA - See chapter 7 of this manual, and Pub. 100-04, chapter 10; • GROUP THERAPY AND STUDENTS - See Pub. 100-02, chapter 15, §230; • ARRANGEMENTS - Pub. 100-01, chapter 5, §10.3; • COVERAGE is described in the Medicare Program Integrity Manual, Pub. 100-08, chapter 13, §13.5.1; and • THERAPY CAPS - See Pub. 100-04, chapter 5, §10.2, for a complete description of this financial limitation. C. General Therapy services are a covered benefit in §§1861(g), 1861(p), and 1861(ll) of the Act. Therapy services may also be provided incident to the services of a physician/NPP under §§1861(s)(2) and 1862(a)(20) of the Act. Covered therapy services are furnished by providers, by others under arrangements with and under the supervision of providers, or furnished by suppliers (e.g., physicians, NPP, enrolled therapists), who meet the requirements in Medicare manuals for therapy services. Where a prospective payment system (PPS) applies, therapy services are paid when services conform to the requirements of that PPS. Reimbursement for therapy provided to Part A inpatients of hospitals or residents of SNFs in covered stays is included in the respective PPS rates. Payment for therapy provided by an HHA under a plan of treatment

[3] (Benefit Policy Manual Ch. 15, §220.2, Reasonable and Necessary Outpatient Rehabilitation Therapy; p. 166)
Services References: Pub. 100-08, chapter 13, §13.5.1, 42CFR410.59, 42CFR410.60 A. General To be covered, services must be skilled therapy services as described in this chapter and be rendered under the conditions specified. Services provided by professionals or personnel who do not meet the qualification standards, and services by qualified people that are not appropriate to the setting or conditions are unskilled services. A service is not considered a skilled therapy service merely because it is furnished by a therapist or by a therapist/therapy assistant under the direct or general supervision, as applicable, of a therapist. If a service can be self-administered or safely and effectively furnished by an unskilled person, without the direct or general supervision, as applicable, of a therapist, the service cannot be regarded as a skilled therapy service even though a therapist actually furnishes the service. Similarly, the unavailability of a competent person to provide a non-skilled service, notwithstanding the importance of the service to the patient, does not make it a skilled service when a therapist furnishes the service. Skilled therapy services may be necessary to improve a patient’s current condition, to maintain the patient’s current condition, or to prevent or slow further deterioration of the patient’s condition. For further information see 220.2, subsections C (Rehabilitative Services) and subsection D (Maintenance Programs). Services that do not meet the requirements for covered therapy services in Medicare manuals are not payable using codes and descriptions as therapy services. For example, services related to activities for the general good and welfare of patients, e.g., general exercises to promote overall fitness and flexibility and activities to provide diversion or general motivation, do not constitute therapy services for Medicare purposes. Also, services not provided under a therapy plan of care, or provided by staff who are not qualified or appropriately supervised,

[4] (Benefit Policy Manual Ch. 15, §230.2, Practice of Occupational Therapy; p. 196)
outpatient setting and are not covered by Medicare. Although an aide may help the therapist by providing unskilled services, those services that are unskilled are not covered by Medicare and shall be denied as not reasonable and necessary if they are billed as therapy services. D. Application of Medicare Guidelines to Occupational Therapy Services Occupational therapy may be required for a patient with a specific diagnosed psychiatric illness. If such services are required, they are covered assuming the coverage criteria are met. However, where an individual’s motivational needs are not related to a specific diagnosed psychiatric illness, the meeting of such needs does not usually require an individualized therapeutic program. Such needs can be met through general activity programs or the efforts of other professional personnel involved in the care of the patient. Patient motivation is an appropriate and inherent function of all health disciplines, which is interwoven with other functions performed by such personnel for the patient. Accordingly, since the special skills of an occupational therapist are not required, an occupational therapy program for individuals who do not have a specific diagnosed psychiatric illness is not to be considered reasonable and necessary for the treatment of an illness or injury. Services furnished under such a program are not covered. Occupational therapy may include vocational and prevocational assessment and training. When services provided by an occupational therapist are related solely to specific employment opportunities, work skills, or work settings, they are not reasonable or necessary for the diagnosis or treatment of an illness or injury and are not covered. However, A/B MACs (A), (B), and (HHH) exercise care in applying this exclusion, because the assessment of level of function and the teaching of compensatory techniques to improve the level of function, especially in activities of daily living, are services which

[5] (Benefit Policy Manual Ch. 15, §230.2, Practice of Occupational Therapy; p. 196)
A. General Occupational therapy services are those services provided within the scope of practice of occupational therapists and necessary for the diagnosis and treatment of impairments, functional disabilities or changes in physical function and health status. (See Pub. 100- 03, the Medicare National Coverage Determinations Manual, for specific conditions or services.) Occupational therapy is medically prescribed treatment concerned with improving or restoring functions which have been impaired by illness or injury or, where function has been permanently lost or reduced by illness or injury, to improve the individual’s ability to perform those tasks required for independent functioning. Such therapy may involve: • The evaluation, and reevaluation as required, of a patient’s level of function by administering diagnostic and prognostic tests; • The selection and teaching of task-oriented therapeutic activities designed to restore physical function; e.g., use of woodworking activities on an inclined table to restore shoulder, elbow, and wrist range of motion lost as a result of burns; • The planning, implementing, and supervising of individualized therapeutic activity programs as part of an overall “active treatment” program for a patient with a diagnosed psychiatric illness; e.g., the use of sewing activities which require following a pattern to reduce confusion and restore reality orientation in a schizophrenic patient; • The planning and implementing of therapeutic tasks and activities to restore sensory-integrative function; e.g., providing motor and tactile activities to increase sensory input and improve response for a stroke patient with functional loss resulting in a distorted body image; • The teaching of compensatory technique to improve the level of independence in the activities of daily living or adapt to an evolving deterioration in health and function, for example: o Teaching a patient who has lost the use of an arm how to pare potatoes and chop vegetables with one hand; o",Benefit Policy Manual Ch. 15 §220.2; Benefit Policy Manual Ch. 15 §220.2,True,True,tr-2ec3a8ee7cb5d7d1ba0c189ed3fbd95e,"General exercise intended solely to promote overall fitness is typically not considered a covered therapy service under Medicare. For exercise to be covered, it must be medically necessary and prescribed by a healthcare provider to treat or manage a specific medical condition.",False,1.0,1.0,"The answer accurately reflects the reference answer and key facts, and all claims are directly supported by the provided excerpts.",0.0,0.0,"Since no excerpts were provided to the answerer, the information is considered 'NOT IN DOCUMENTS'. According to the instructions, if the answer provides a substantive response instead of declining, the correct score must be 0. Additionally, because there are no excerpts to support the claims made, the faithful score is 0."
q23,What documentation should a contractor expect when it requests therapy records?,True,exact,Benefit Policy Manual Ch. 15 §220.3,Evaluation and plan of care; certifications and recertifications; progress reports (and discharge notes); treatment notes for each treatment day; optionally a justification statement.,evaluation and plan of care; certification; progress reports; treatment notes,"When records are requested, documentation expected includes the Evaluation and Plan of Care (initial and re-evaluations), Certification and recertifications, Progress Reports (including Discharge Notes, if applicable), and Treatment notes for each treatment day [2]. A separate justification statement may be included if the provider wishes to assure the contractor understands their reasoning for services that are more extensive than is typical for the condition treated [2].",False,"[1] (Benefit Policy Manual Ch. 15, §220.3, Documentation Requirements for Therapy Services; p. 173)
A. General To be payable, the medical record and the information on the claim form must consistently and accurately report covered therapy services, as documented in the medical record. Documentation must be legible, relevant and sufficient to justify the services billed. In general, services must be covered therapy services provided according to Medicare requirements. Medicare requires that the services billed be supported by documentation that justifies payment. Documentation must comply with all requirements applicable to Medicare claims. The documentation guidelines in sections 220 and 230 of this chapter identify the minimal expectations of documentation by providers or suppliers or beneficiaries submitting claims for payment of therapy services to the Medicare program. State or local laws and policies, or the policies or professional guidelines of the relevant profession, the practice, or the facility may be more stringent. It is encouraged but not required that narratives that specifically justify the medical necessity of services be included in order to support approval when those services are reviewed. (See also section 220.2 - Reasonable and Necessary Outpatient Rehabilitation Therapy Services) Contractors shall consider the entire record when reviewing claims for medical necessity so that the absence of an individual item of documentation does not negate the medical necessity of a service when the documentation as a whole indicates the service is necessary. Services are medically necessary if the documentation indicates they meet the requirements for medical necessity including that they are skilled, rehabilitative services, provided by clinicians (or qualified professionals when appropriate) with the approval of a physician/NPP, safe, and effective (i.e., progress indicates that the care is effective in rehabilitation of function). B. Documentation Required List of required documentation. These types of documentation of therapy services are expected to be submitted in response to any requests for documentation, unless the contractor requests otherwise.

[2] (Benefit Policy Manual Ch. 15, §220.3, Documentation Requirements for Therapy Services; p. 173)
that the care is effective in rehabilitation of function). B. Documentation Required List of required documentation. These types of documentation of therapy services are expected to be submitted in response to any requests for documentation, unless the contractor requests otherwise. The timelines are minimum requirements for Medicare payment. Document as often as the clinician’s judgment dictates but no less than the frequency required in Medicare policy: • Evaluation and Plan of Care (may be one or two documents). Include the initial evaluation and any re-evaluations relevant to the episode being reviewed; • Certification (physician/NPP approval of the plan) and recertifications when records are requested after the certification/recertification is due. See definitions in section 220 and certification policy in section 220.1.3 of this chapter. Certification (and recertification of the plan when applicable) are required for payment and must be submitted when records are requested after the certification or recertification is due. • Progress Reports (including Discharge Notes, if applicable) when records are requested after the reports are due. (See definitions in section 220 and descriptions in 220.3 D); • Treatment notes for each treatment day (may also serve as progress reports when required information is included in the notes); • A separate justification statement may be included either as a separate document or within the other documents if the provider/supplier wishes to assure the contractor understands their reasoning for services that are more extensive than is typical for the condition treated. A separate statement is not required if the record justifies treatment without further explanation. Limits on Requirements. Contractors shall not require more specific documentation unless other Medicare manual policies require it. Contractors may request further information to be included in these documents concerning specific cases under review when that information is relevant, but not submitted with records. Dictated Documentation. For

[3] (Benefit Policy Manual Ch. 15, §220.3, Documentation Requirements for Therapy Services; p. 173)
require more specific documentation unless other Medicare manual policies require it. Contractors may request further information to be included in these documents concerning specific cases under review when that information is relevant, but not submitted with records. Dictated Documentation. For Medicare purposes, dictated therapy documentation is considered completed on the day it was dictated. The qualified professional may edit and electronically sign the documentation at a later date. Dates for Documentation. The date the documentation was made is important only to establish the date of the initial plan of care because therapy cannot begin until the plan is established unless treatment is performed or supervised by the same clinician who establishes the plan. However, contractors may require that treatment notes and progress reports be entered into the record within 1 week of the last date to which the progress report or treatment note refers. For example, if treatment began on the first of the month at a frequency of twice a week, a progress report would be required at the end of the month. Contractors may require that the progress report that describes that month of treatment be dated not more than 1 week after the end of the month described in the report. Document Information to Meet Requirements. In preparing records, clinicians must be familiar with the requirements for covered and payable outpatient therapy services. For example, the records should justify: • The patient is under the care of a physician/NPP; Physician/NPP care shall be documented by physician/NPP certification (approval) of the plan of care; and Although not required, other evidence of physician/NPP involvement in the patient’s care may include, for example: order/referral, conference, team meeting notes, and correspondence. • Services require the skills of a therapist. Services must not only be provided by the qualified professional or qualified

[4] (Benefit Policy Manual Ch. 15, §220.3, Documentation Requirements for Therapy Services; p. 173)
functional reporting requirements for each date of service for which the reporting is required. See section 220.4 below for details on documenting G- code and modifiers. NOTE: Functional reporting and its associated documentation requirements are no longer applicable for claims or medical records for dates of service on and after January 1, 2019. See the NOTE at the beginning of Section 220.4 for more information. C. Evaluation/Re-Evaluation and Plan of Care The initial evaluation, or the plan of care including an evaluation, should document the necessity for a course of therapy through objective findings and subjective patient self- reporting. Utilize the guidelines of the American Physical Therapy Association, the American Occupational Therapy Association, or the American Speech-Language and Hearing Association as guidelines, and not as policy. Only a clinician may perform an initial examination, evaluation, re-evaluation and assessment or establish a diagnosis or a plan of care. A clinician may include, as part of the evaluation or re-evaluation, objective measurements or observations made by a PTA or OTA within their scope of practice, but the clinician must actively and personally participate in the evaluation or re-evaluation. The clinician may not merely summarize the objective findings of others or make judgments drawn from the measurements and/or observations of others. Documentation of the evaluation should list the conditions and complexities and, where it is not obvious, describe the impact of the conditions and complexities on the prognosis and/or the plan for treatment such that it is clear to the contractor who may review the record that the services planned are appropriate for the individual. Evaluation shall include: • A diagnosis (where allowed by state and local law) and description of the specific problem(s) to be evaluated and/or treated. The diagnosis should be specific and as relevant to the problem to be treated

[5] (Claims Processing Manual Ch. 5, §10.3.2, Exceptions Process; p. 11)
An exception may be made when the patient’s condition is justified by documentation indicating that the beneficiary requires continued skilled therapy, i.e., therapy beyond the amount payable under the therapy cap, to achieve their prior functional status or maximum expected functional status within a reasonable amount of time. No special documentation is submitted to the contractor for exceptions. The clinician is responsible for consulting guidance in the Medicare manuals and in the professional literature to determine if the beneficiary may qualify for the exception because documentation justifies medically necessary services above the caps. The clinician’s opinion is not binding on the Medicare contractor who makes the final determination concerning whether the claim is payable. Documentation justifying the services shall be submitted in response to any Additional Documentation Request (ADR) for claims that are selected for medical review. Follow the documentation requirements in Pub. 100-02, chapter 15, section 220.3. If medical records are requested for review, clinicians may include, at their discretion, a summary that specifically addresses the justification for therapy cap exception. In making a decision about whether to utilize the exception, clinicians shall consider, for example, whether services are appropriate to-- The patient’s condition, including the diagnosis, complexities, and severity; The services provided, including their type, frequency, and duration; The interaction of current active conditions and complexities that directly and significantly influence the treatment such that it causes services to exceed caps. In addition, the following should be considered before using the exception process: 1. Exceptions for Evaluation Services Evaluation. The CMS will accept therapy evaluations from caps after the therapy caps are reached when evaluation is necessary, e.g., to determine if the current status of the beneficiary requires therapy services. For example, the following CPT codes for evaluation procedures may be appropriate: 92521, 92522, 92523, 92524, 92597, 92607,",Benefit Policy Manual Ch. 15 §220.3,True,True,tr-0af5b3682bba7c497e0159a47de08aaf,NOT IN DOCUMENTS,True,1.0,1.0,"The answer accurately and completely states the key facts from the reference, including the optional justification statement, and all claims are directly supported by the provided excerpts.",1.0,1.0,"The answer correctly declines because the reference information is not present in the provided excerpts. According to the instructions, if the reference is not in the documents, a declined answer receives a score of 1 for correctness and 1 for faithfulness."
q24,Who can establish an outpatient therapy plan of care?,True,exact,Benefit Policy Manual Ch. 15 §220.1.2,"A physician/NPP, or the physical therapist, occupational therapist or speech-language pathologist who will provide the services.",physician/NPP; the therapist who will provide the services,"Outpatient therapy services can be furnished under a plan established by a physician/NPP, the physical therapist, the occupational therapist, or the speech-language pathologist [1]. Only a physician may establish a plan of care in a CORF [1]. Nonphysician Practitioners (NPP) include physician assistants, clinical nurse specialists, and nurse practitioners [3].",False,"[1] (Benefit Policy Manual Ch. 15, §220.1.2, Plans of Care for Outpatient Physical Therapy, Occupational; p. 156)
Therapy, or Speech-Language Pathology Services Reference: 42CFR 410.61 and 410.105(c) (for CORFs) A. Establishing the plan (See §220.1.3 for certifying the plan.) The services must relate directly and specifically to a written treatment plan as described in this chapter. The plan, (also known as a plan of care or plan of treatment) must be established before treatment is begun. The plan is established when it is developed (e.g., written or dictated). The signature and professional identity (e.g., MD, OTR/L) of the person who established the plan, and the date it was established must be recorded with the plan. Establishing the plan, which is described below, is not the same as certifying the plan, which is described in §§220.1.1 and 220.1.3 Outpatient therapy services shall be furnished under a plan established by: • A physician/NPP (consultation with the treating physical therapist, occupational therapist, or speech-language pathologist is recommended. Only a physician may establish a plan of care in a CORF; • The physical therapist who will provide the physical therapy services; • The occupational therapist who will provide the occupational therapy services; or • The speech-language pathologist who will provide the speech-language pathology services. The plan may be entered into the patient’s therapy record either by the person who established the plan or by the provider’s or supplier’s staff when they make a written record of that person’s oral orders before treatment is begun. Treatment under a Plan. The evaluation and treatment may occur and are both billable either on the same day or at subsequent visits. It is appropriate that treatment begins when a plan is established. Therapy may be initiated by qualified professionals or qualified personnel based on a dictated plan. Treatment may begin before the plan is committed to writing only if the treatment is performed or supervised

[2] (Benefit Policy Manual Ch. 15, §220.1.2, Plans of Care for Outpatient Physical Therapy, Occupational; p. 156)
the plan of care’s long-term goals to be consistent with functional impairments identified for purposes of functional reporting, were removed by the CY 2019 Physician Fee Schedule final rule, CMS-1693-F. Functional reporting and its associated documentation requirements are no longer applicable for claims or medical records for dates of service on and after January 1, 2019. See the NOTE at the beginning of Section 220.4 for more information. The type of treatment may be PT, OT, or SLP, or, where appropriate, the type may be a description of a specific treatment or intervention. (For example, where there is a single evaluation service, but the type is not specified, the type is assumed to be consistent with the therapy discipline (PT, OT, SLP) ordered, or of the therapist who provided the evaluation.) Where a physician/NPP establishes a plan, the plan must specify the type (PT, OT, SLP) of therapy planned. There shall be different plans of care for each type of therapy discipline. When more than one discipline is treating a patient, each must establish a diagnosis, goals, etc. independently. However, the form of the plan and the number of plans incorporated into one document are not limited as long as the required information is present and related to each discipline separately. For example, a physical therapist may not provide services under an occupational therapist plan of care. However, both may be treating the patient for the same condition at different times in the same day for goals consistent with their own scope of practice. The amount of treatment refers to the number of times in a day the type of treatment will be provided. Where amount is not specified, one treatment session a day is assumed. The frequency refers to the number of times in a week the type of

[3] (Benefit Policy Manual Ch. 15, §220, Coverage of Outpatient Rehabilitation Therapy Services (Physical; p. 145)
functional status that was not anticipated in the plan of care. Although some state regulations and state practice acts require re- evaluation at specific times, for Medicare payment, reevaluations must also meet Medicare coverage guidelines. The decision to provide a reevaluation shall be made by a clinician. INTERVAL of certified treatment (certification interval) consists of 90 calendar days or less, based on an individual’s needs. A physician/NPP may certify a plan of care for an interval length that is less than 90 days. There may be more than one certification interval in an episode of care. The certification interval is not the same as a Progress Report period. MAINTENANCE PROGRAM (MP) means a program established by a therapist that consists of activities and/or mechanisms that will assist a beneficiary in maximizing or maintaining the progress he or she has made during therapy or to prevent or slow further deterioration due to a disease or illness. NONPHYSICIAN PRACTITIONERS (NPP) means physician assistants, clinical nurse specialists, and nurse practitioners, who may, if state and local laws permit it, and when appropriate rules are followed, provide, certify or supervise therapy services. PHYSICIAN with respect to outpatient rehabilitation therapy services means a doctor of medicine, osteopathy (including an osteopathic practitioner), podiatric medicine, or optometry (for low vision rehabilitation only). Chiropractors and doctors of dental surgery or dental medicine are not considered physicians for therapy services and may neither refer patients for rehabilitation therapy services nor establish therapy plans of care. PATIENT, client, resident, and beneficiary are terms used interchangeably to indicate enrolled recipients of Medicare covered services. PROVIDERS of services are defined in §1861(u) of the Act, 42CFR400.202 and 42CFR485 Subpart H as participating hospitals, critical access hospitals (CAH), skilled nursing facilities (SNF), comprehensive outpatient rehabilitation facilities (CORF), home health agencies (HHA), hospices, participating

[4] (Benefit Policy Manual Ch. 15, §220.1.2, Plans of Care for Outpatient Physical Therapy, Occupational; p. 156)
treatment begins when a plan is established. Therapy may be initiated by qualified professionals or qualified personnel based on a dictated plan. Treatment may begin before the plan is committed to writing only if the treatment is performed or supervised by the same clinician who establishes the plan. Payment for services provided before a plan is established may be denied. Two Plans. It is acceptable to treat under two separate plans of care when different physician’s/NPP’s refer a patient for different conditions. It is also acceptable to combine the plans of care into one plan covering both conditions if one or the other referring physician/NPP is willing to certify the plan for both conditions. The treatment notes continue to require timed code treatment minutes and total treatment time and need not be separated by plan. Progress reports should be combined if it is possible to make clear that the goals for each plan are addressed. Separate progress reports referencing each plan of care may also be written, at the discretion of the treating clinician, or at the request of the certifying physician/NPP, but shall not be required by contractors. B. Contents of Plan (See §220.1.3 for certifying the plan.) The plan of care shall contain, at minimum, the following information as required by regulation (42CFR424.24, 410.61, and 410.105(c) (for CORFs)). (See §220.3 for further documentation requirements): • Diagnoses; • Long term treatment goals; and • Type, amount, duration and frequency of therapy services. The plan of care shall be consistent with the related evaluation, which may be attached and is considered incorporated into the plan. The plan should strive to provide treatment in the most efficient and effective manner, balancing the best achievable outcome with the appropriate resources. Long term treatment goals should be developed for the entire episode of

[5] (Benefit Policy Manual Ch. 15, §220.1.2, Plans of Care for Outpatient Physical Therapy, Occupational; p. 156)
considered incorporated into the plan. The plan should strive to provide treatment in the most efficient and effective manner, balancing the best achievable outcome with the appropriate resources. Long term treatment goals should be developed for the entire episode of care in the current setting. When the episode is anticipated to be long enough to require more than one certification, the long term goals may be specific to the part of the episode that is being certified. Goals should be measurable and pertain to identified functional impairments. Therapists typically also establish short term goals, such as goals for a week or month of therapy, to help track progress toward the goal for the episode of care. If the expected episode of care is short, for example therapy is expected to be completed in 4 to 6 treatment days, the long term and short term goals may be the same. In other instances measurable goals may not be achievable, such as when treatment in a particular setting is unexpectedly cut short (such as when care is transferred to another therapy provider) or when the beneficiary suffers an exacerbation of his/her existing condition terminating the current episode; documentation should state the clinical reasons progress cannot be shown. The functional impairments identified and expressed in the long term treatment goals must be consistent with those used in the claims-based functional reporting, using nonpayable G-codes and severity modifiers, for services furnished on or after January 1, 2013. (Reference: 42CFR410.61 and 42CFR410.105 (for CORFs). NOTE: The regulatory requirements at 42CFR410.61 and 42CFR410.105 (for CORFs) for the plan of care’s long-term goals to be consistent with functional impairments identified for purposes of functional reporting, were removed by the CY 2019 Physician Fee Schedule final rule, CMS-1693-F. Functional reporting and its associated documentation requirements are no longer",Benefit Policy Manual Ch. 15 §220.1.2; Benefit Policy Manual Ch. 15 §220,True,True,tr-0376745bd868ff286df0ddd633f9aee3,The plan of care for outpatient therapy must be established by the treating physician or a qualified provider. This plan outlines the necessary services and frequency of therapy required for the patient's condition.,False,1.0,1.0,The answer correctly identifies the individuals who can establish an outpatient therapy plan of care as stated in the reference and the excerpts. It also includes additional relevant information from the excerpts (CORF rule and NPP definition) which does not contradict the key facts.,0.0,0.0,"Since no excerpts were provided to the answerer, the answer is considered to be providing information not contained in the documents. According to the instructions, if the reference is not in the documents, a substantive answer receives a correct score of 0. Additionally, because there are no excerpts to support the claims made in the answer, the faithful score is 0."
q25,What supervision is required for unenrolled staff in a physical therapist's private practice?,True,exact,Benefit Policy Manual Ch. 15 §230.4,Direct supervision: the supervising private practice therapist must be present in the office suite when the service is performed.,direct supervision; present in the office suite,"If a therapist is not enrolled, their services must be directly supervised by an enrolled therapist [3]. Generally, therapy services must be provided either by or under the direct supervision of the TPP [3]. Direct supervision requires that the supervising private practice therapist be present in the office suite at the time the service is performed [3].",False,"[1] (Benefit Policy Manual Ch. 15, §230.1, Practice of Physical Therapy; p. 193)
and in accordance with state laws. A physical therapist must supervise PTAs. The level and frequency of supervision differs by setting (and by state or local law). General supervision is required for PTAs in all settings except private practice (which requires direct supervision) unless state practice requirements are more stringent, in which case state or local requirements must be followed. See specific settings for details. For example, in clinics, rehabilitation agencies, and public health agencies, 42CFR485.713 indicates that when a PTA provides services, either on or off the organization’s premises, those services are supervised by a qualified physical therapist who makes an onsite supervisory visit at least once every 30 days or more frequently if required by state or local laws or regulation. The services of a PTA shall not be billed as services incident to a physician/NPP’s service, because they do not meet the qualifications of a therapist. The cost of supplies (e.g., theraband, hand putty, electrodes) used in furnishing covered therapy care is included in the payment for the HCPCS codes billed by the physical therapist, and are, therefore, not separately billable. Separate coverage and billing provisions apply to items that meet the definition of brace in §130. Services provided by aides, even if under the supervision of a therapist, are not therapy services and are not covered by Medicare. Although an aide may help the therapist by providing unskilled services, those services that are unskilled are not covered by Medicare and shall be denied as not reasonable and necessary if they are billed as therapy services. D. Application of Medicare Guidelines to PT Services This subsection will be used in the future to illustrate the application of the above guidelines to some of the physical therapy modalities and procedures utilized in the treatment of patients.

[2] (Benefit Policy Manual Ch. 15, §220, Coverage of Outpatient Rehabilitation Therapy Services (Physical; p. 145)
in the services they may furnish (see section 230.1 and 230.2) and may not supervise other therapy caregivers. QUALIFIED PERSONNEL means staff (auxiliary personnel) who have been educated and trained as therapists and qualify to furnish therapy services only under direct supervision incident to a physician or NPP. See §230.5 of this chapter. Qualified personnel may or may not be licensed as therapists but meet all of the requirements for therapists with the exception of licensure. SIGNATURE means a legible identifier of any type acceptable according to policies in Pub. 100-08, Medicare Program Integrity Manual, chapter 3, §3.3.2.4 concerning signatures. SUPERVISION LEVELS for outpatient rehabilitation therapy services are the same as those for diagnostic tests defined in 42CFR410.32. Depending on the setting, the levels include personal supervision (in the room), direct supervision (in the office suite), and general supervision (physician/NPP is available but not necessarily on the premises). SUPPLIERS of therapy services include individual practitioners such as physicians, NPPs, physical therapists and occupational therapists who have Medicare provider numbers. Regulatory references on physical therapists in private practice (PTPPs) and occupational therapists in private practice (OTPPs) are at 42CFR410.60 (C)(1), 485.701729, and 486.150-163. THERAPIST refers only to qualified physical therapists, occupational therapists and speech-language pathologists, as defined in §230. Qualifications that define therapists are in §§230.1, 230.2, and 230.3. Skills of a therapist are defined by the scope of practice for therapists in the state). THERAPY (or outpatient rehabilitation services) includes only outpatient physical therapy (PT), occupational therapy (OT) and speech-language pathology (SLP) services paid using the Medicare Physician Fee Schedule or the same services when provided in hospitals that are exempt from the hospital Outpatient Prospective Payment System and paid on a reasonable cost basis, including critical access hospitals. Therapy services referred to in this chapter are those skilled services

[3] (Benefit Policy Manual Ch. 15, §230.4, Services Furnished by a Therapist in Private Practice (TPP); p. 206)
(§230.5) must be followed. B. Private Practice Defined Reference: Federal Register November, 1998, pages 58863-58869; 42CFR 410.38(b), 42CFR410.59, 42CFR410.60, 42CFR410.62 The contractor considers a therapist to be in private practice if the therapist maintains office space at his or her own expense and furnishes services only in that space or the patient’s home. Or, a therapist is employed by another supplier and furnishes services in facilities provided at the expense of that supplier. The therapist need not be in full-time private practice but must be engaged in private practice on a regular basis; i.e., the therapist is recognized as a private practitioner and for that purpose has access to the necessary equipment to provide an adequate program of therapy. The therapy services must be provided either by or under the direct supervision of the TPP. Each TPP should be enrolled as a Medicare provider. If a therapist is not enrolled, the services of that therapist must be directly supervised by an enrolled therapist. Direct supervision requires that the supervising private practice therapist be present in the office suite at the time the service is performed. These direct supervision requirements apply only in the private practice setting and only for therapists and their assistants. In other outpatient settings, supervision rules differ. The services of support personnel must be included in the therapist’s bill. The supporting personnel, including other therapists, must be W-2 or 1099 employees of the TPP or other qualified employer. Coverage of outpatient therapy under Part B includes the services of a qualified TPP when furnished in the therapist’s office or the beneficiary’s home. For this purpose, “home” includes an institution that is used as a home, but not a hospital, CAH or SNF, (Federal Register Nov. 2, 1998, pg 58869). C. Assignment Reference: Nov. 2, 1998 Federal Register,

[4] (Benefit Policy Manual Ch. 15, §230.4, Services Furnished by a Therapist in Private Practice (TPP); p. 206)
office space, that space shall be owned, leased, or rented by the practice and used for the exclusive purpose of operating the practice. For descriptions of aquatic therapy in a community center pool see section 220C of this chapter. Therapists in private practice must be approved as meeting certain requirements, but do not execute a formal provider agreement with the Secretary. If therapists who have their own Medicare National Provider Identifier (NPI) are employed by therapist groups, physician/NPP groups, or groups that are not professional organizations, the requirement that therapy space be owned, leased, or rented may be satisfied by the group that employs the therapist. Each therapist employed by a group should enroll as a TPP. When therapists with a Medicare NPI provide services in the physician’s/NPP’s office in which they are employed, and bill using their NPI for each therapy service, then the direct supervision requirement for enrolled staff apply. When the therapist who has a Medicare NPI is employed in a physician’s/NPP’s office the services are ordinarily billed as services of the therapist, with the therapist identified on the claim as the supplier of services. However, services of the therapist who has a Medicare NPI may also be billed by the physician/NPP as services incident to the physician’s/NPP’s service. (See §230.5 for rules related to therapy services incident to a physician.) In that case, the physician/NPP is the supplier of service, the NPI of the supervising physician/NPP is reported on the claim with the service and all the rules for both therapy services and incident to services (§230.5) must be followed. B. Private Practice Defined Reference: Federal Register November, 1998, pages 58863-58869; 42CFR 410.38(b), 42CFR410.59, 42CFR410.60, 42CFR410.62 The contractor considers a therapist to be in private practice if the therapist maintains office space at his or her

[5] (Benefit Policy Manual Ch. 15, §230.1, Practice of Physical Therapy; p. 193)
not met any of the following requirements prior to January 1, 2010. Those PTAs also qualify who, on or before December 31, 2009, are licensed, registered or certified as a PTA and met one of the two following requirements: 1. Is licensed or otherwise regulated in the state in which practicing; or 2. In states that have no licensure or other regulations, or where licensure does not apply, PTAs have: o graduated on or before December 31, 2009, from a 2-year college-level program approved by the APTA or CAPTE; and o effective January 1, 2010, those PTAs must have both graduated from a CAPTE approved curriculum and passed a national examination for PTAs; or PTAs may also qualify if they are licensed, registered or certified as a PTA, if applicable and meet requirements in effect before January 1, 2008, that is, • they have graduated before January 1, 2008, from a 2 year college level program approved by the APTA; or • on or before December 31, 1977, they were licensed or qualified as a PTA and passed a proficiency examination conducted, approved, or sponsored by the U.S. Public Health Service. Services. The services of PTAs used when providing covered therapy benefits are included as part of the covered service. These services are billed by the supervising physical therapist. PTAs may not provide evaluative or assessment services, make clinical judgments or decisions; develop, manage, or furnish skilled maintenance program services; or take responsibility for the service. They act at the direction and under the supervision of the treating physical therapist and in accordance with state laws. A physical therapist must supervise PTAs. The level and frequency of supervision differs by setting (and by state or local law). General supervision is required for PTAs in all settings except private practice (which",Benefit Policy Manual Ch. 15 §230.4,True,True,tr-33aaf190dab0ecfec66042660fa3d9c3,NOT IN DOCUMENTS,True,1.0,1.0,"The answer accurately reflects the key facts from the reference and the provided excerpts. It correctly identifies that unenrolled therapists require direct supervision and defines direct supervision as the supervising therapist being present in the office suite, as stated in excerpt [3].",1.0,1.0,"The answer correctly states that the information is not in the documents, as no excerpts were provided. According to the grading instructions, if the reference is not in the documents, a correct answer is one that declines to provide a substantive answer."
q26,Where may a therapist in private practice furnish covered services?,True,paraphrase,Benefit Policy Manual Ch. 15 §230.4,"In the therapist's or group's office or in the patient's home (not a hospital, CAH or SNF).",office; patient's home,Services should be furnished in the therapist’s or group’s office or in the patient’s home [1]. The contractor also considers a therapist to be in private practice if they furnish services only in their own office space or the patient’s home [2].,False,"[1] (Benefit Policy Manual Ch. 15, §230.4, Services Furnished by a Therapist in Private Practice (TPP); p. 206)
A. General See section 220 of this chapter for definitions. Therapist refers only to a qualified physical therapist, occupational therapist or speech-language pathologist. TPP refers to therapists in private practice (qualified physical therapists, occupational therapists and speech-language pathologists). In order to qualify to bill Medicare directly as a therapist, each individual must be enrolled as a private practitioner and employed in one of the following practice types: an unincorporated solo practice, unincorporated partnership, unincorporated group practice, physician/NPP group or groups that are not professional corporations, if allowed by state and local law. Physician/NPP group practices may employ TPP if state and local law permits this employee relationship. For purposes of this provision, a physician/NPP group practice is defined as one or more physicians/NPPs enrolled with Medicare who may bill as one entity. For further details on issues concerning enrollment, see the provider enrollment Web site at www.cms.hhs.gov/MedicareProviderSupEnroll and Pub. 100-08, Medicare Program Integrity Manual, chapter15, section 15.4.4.9. Private practice also includes therapists who are practicing therapy as employees of another supplier, of a professional corporation or other incorporated therapy practice. Private practice does not include individuals when they are working as employees of an institutional provider. Services should be furnished in the therapist’s or group’s office or in the patient’s home. The office is defined as the location(s) where the practice is operated, in the state(s) where the therapist (and practice, if applicable) is legally authorized to furnish services, during the hours that the therapist engages in the practice at that location. If services are furnished in a private practice office space, that space shall be owned, leased, or rented by the practice and used for the exclusive purpose of operating the practice. For descriptions of aquatic therapy in a community center pool see section 220C of this chapter. Therapists

[2] (Benefit Policy Manual Ch. 15, §230.4, Services Furnished by a Therapist in Private Practice (TPP); p. 206)
(§230.5) must be followed. B. Private Practice Defined Reference: Federal Register November, 1998, pages 58863-58869; 42CFR 410.38(b), 42CFR410.59, 42CFR410.60, 42CFR410.62 The contractor considers a therapist to be in private practice if the therapist maintains office space at his or her own expense and furnishes services only in that space or the patient’s home. Or, a therapist is employed by another supplier and furnishes services in facilities provided at the expense of that supplier. The therapist need not be in full-time private practice but must be engaged in private practice on a regular basis; i.e., the therapist is recognized as a private practitioner and for that purpose has access to the necessary equipment to provide an adequate program of therapy. The therapy services must be provided either by or under the direct supervision of the TPP. Each TPP should be enrolled as a Medicare provider. If a therapist is not enrolled, the services of that therapist must be directly supervised by an enrolled therapist. Direct supervision requires that the supervising private practice therapist be present in the office suite at the time the service is performed. These direct supervision requirements apply only in the private practice setting and only for therapists and their assistants. In other outpatient settings, supervision rules differ. The services of support personnel must be included in the therapist’s bill. The supporting personnel, including other therapists, must be W-2 or 1099 employees of the TPP or other qualified employer. Coverage of outpatient therapy under Part B includes the services of a qualified TPP when furnished in the therapist’s office or the beneficiary’s home. For this purpose, “home” includes an institution that is used as a home, but not a hospital, CAH or SNF, (Federal Register Nov. 2, 1998, pg 58869). C. Assignment Reference: Nov. 2, 1998 Federal Register,

[3] (Benefit Policy Manual Ch. 15, §230.4, Services Furnished by a Therapist in Private Practice (TPP); p. 206)
office space, that space shall be owned, leased, or rented by the practice and used for the exclusive purpose of operating the practice. For descriptions of aquatic therapy in a community center pool see section 220C of this chapter. Therapists in private practice must be approved as meeting certain requirements, but do not execute a formal provider agreement with the Secretary. If therapists who have their own Medicare National Provider Identifier (NPI) are employed by therapist groups, physician/NPP groups, or groups that are not professional organizations, the requirement that therapy space be owned, leased, or rented may be satisfied by the group that employs the therapist. Each therapist employed by a group should enroll as a TPP. When therapists with a Medicare NPI provide services in the physician’s/NPP’s office in which they are employed, and bill using their NPI for each therapy service, then the direct supervision requirement for enrolled staff apply. When the therapist who has a Medicare NPI is employed in a physician’s/NPP’s office the services are ordinarily billed as services of the therapist, with the therapist identified on the claim as the supplier of services. However, services of the therapist who has a Medicare NPI may also be billed by the physician/NPP as services incident to the physician’s/NPP’s service. (See §230.5 for rules related to therapy services incident to a physician.) In that case, the physician/NPP is the supplier of service, the NPI of the supervising physician/NPP is reported on the claim with the service and all the rules for both therapy services and incident to services (§230.5) must be followed. B. Private Practice Defined Reference: Federal Register November, 1998, pages 58863-58869; 42CFR 410.38(b), 42CFR410.59, 42CFR410.60, 42CFR410.62 The contractor considers a therapist to be in private practice if the therapist maintains office space at his or her

[4] (Benefit Policy Manual Ch. 15, §220, Coverage of Outpatient Rehabilitation Therapy Services (Physical; p. 145)
Medicare covered services. PROVIDERS of services are defined in §1861(u) of the Act, 42CFR400.202 and 42CFR485 Subpart H as participating hospitals, critical access hospitals (CAH), skilled nursing facilities (SNF), comprehensive outpatient rehabilitation facilities (CORF), home health agencies (HHA), hospices, participating clinics, rehabilitation agencies or outpatient rehabilitation facilities (ORF). Providers are also defined as public health agencies with agreements only to furnish outpatient therapy services, or community mental health centers with agreements only to furnish partial hospitalization or intensive outpatient services. To qualify as providers of services, these providers must meet certain conditions enumerated in the law and enter into an agreement with the Secretary in which they agree not to charge any beneficiary for covered services for which the program will pay and to refund any erroneous collections made. Note that the word PROVIDER in sections 220 and 230 is not used to mean a person who provides a service, but is used as in the statute to mean a facility or agency such as rehabilitation agency or home health agency. QUALIFIED PROFESSIONAL means a physical therapist, occupational therapist, speech-language pathologist, physician, nurse practitioner, clinical nurse specialist, or physician’s assistant, who is licensed or certified by the state to furnish therapy services, and who also may appropriately furnish therapy services under Medicare policies. Qualified professional may also include a physical therapist assistant (PTA) or an occupational therapy assistant (OTA) when furnishing services under the supervision of a qualified therapist, who is working within the state scope of practice in the state in which the services are furnished. Assistants are limited in the services they may furnish (see section 230.1 and 230.2) and may not supervise other therapy caregivers. QUALIFIED PERSONNEL means staff (auxiliary personnel) who have been educated and trained as therapists and qualify to furnish therapy services only under

[5] (Benefit Policy Manual Ch. 15, §230.2, Practice of Occupational Therapy; p. 196)
provide evaluative or assessment services, make clinical judgments or decisions; develop, manage, or furnish skilled maintenance program services; or take responsibility for the service. They act at the direction and under the supervision of the treating occupational therapist and in accordance with state laws. An occupational therapist must supervise OTAs. The level and frequency of supervision differs by setting (and by state or local law). General supervision is required for OTAs in all settings except private practice (which requires direct supervision) unless state practice requirements are more stringent, in which case state or local requirements must be followed. See specific settings for details. For example, in clinics, rehabilitation agencies, and public health agencies, 42CFR485.713 indicates that when an OTA provides services, either on or off the organization’s premises, those services are supervised by a qualified occupational therapist who makes an onsite supervisory visit at least once every 30 days or more frequently if required by state or local laws or regulation. The services of an OTA shall not be billed as services incident to a physician/NPP’s service, because they do not meet the qualifications of a therapist. The cost of supplies (e.g., looms, ceramic tiles, or leather) used in furnishing covered therapy care is included in the payment for the HCPCS codes billed by the occupational therapist and are, therefore, not separately billable. Separate coverage and billing provisions apply to items that meet the definition of brace in §130 of this manual. Services provided by aides, even if under the supervision of a therapist, are not therapy services in the outpatient setting and are not covered by Medicare. Although an aide may help the therapist by providing unskilled services, those services that are unskilled are not covered by Medicare and shall be denied as not reasonable and necessary if they",Benefit Policy Manual Ch. 15 §230.4; Benefit Policy Manual Ch. 15 §230.4,True,True,tr-87b12dbc8b1cacba602f9fb4bfb1f7b6,"A therapist in private practice may furnish covered services in their own office or other designated locations, provided those locations meet Medicare's requirements for a site of service. These locations must be appropriate for the type of service being rendered and comply with all applicable regulations.",False,1.0,1.0,"The answer correctly identifies the two key locations mentioned in the reference (office and patient's home) and provides additional context from the excerpts that is consistent with the text. Although it omits the exclusion of hospitals, CAHs, and SNFs mentioned in the reference answer, it includes all the specified 'Key facts'.",0.0,0.0,"Since no excerpts were provided, the answer cannot be verified against them. According to the instructions, if the reference is not in the documents, a substantive answer receives a correct score of 0. Because there are no excerpts to support the claims made, the faithful score is 0."
q27,"For services incident to a physician's service, where must the physician be?",True,paraphrase,Benefit Policy Manual Ch. 15 §60.2; Benefit Policy Manual Ch. 15 §60.1,Physically present in the same office suite and immediately available (direct supervision).,same office suite; immediately available,"The required physician presence depends on the setting and type of supervision. In an office setting, the physician must be present in the office suite and immediately available to provide assistance and direction [2]. For a physician-directed clinic, a physician must be present to perform medical services at all times the clinic is open [3]. However, for homebound patients under general supervision, the physician need not be physically present at the patient’s place of residence, provided the service is under their overall supervision and control [5].",False,"[1] (Benefit Policy Manual Ch. 15, §60.1, Incident To Physician’s Professional Services; p. 64)
B3-2050.1 Incident to a physician’s professional services means that the services or supplies are furnished as an integral, although incidental, part of the physician’s personal professional services in the course of diagnosis or treatment of an injury or illness. A - Commonly Furnished in Physicians’ Offices Services and supplies commonly furnished in physicians’ offices are covered under the incident to provision. Where supplies are clearly of a type a physician is not expected to have on hand in his/her office or where services are of a type not considered medically appropriate to provide in the office setting, they would not be covered under the incident to provision. Supplies usually furnished by the physician in the course of performing his/her services, e.g., gauze, ointments, bandages, and oxygen, are also covered. Charges for such services and supplies must be included in the physicians’ bills. (See §50 regarding coverage of drugs and biologicals under this provision.) To be covered, supplies, including drugs and biologicals, must represent an expense to the physician or legal entity billing fir he services or supplies. For example, where a patient purchases a drug and the physician administers it, the cost of the drug is not covered. However, the administration of the drug, regardless of the source, is a service that represents an expense to the physician. Therefore, administration of the drug is payable if the drug would have been covered if the physician purchased it. B - Direct Personal Supervision Coverage of services and supplies incident to the professional services of a physician in private practice is limited to situations in which there is direct physician supervision of auxiliary personnel. Auxiliary personnel means any individual who is acting under the supervision of a physician, regardless of whether the individual is an employee, leased employee, or independent contractor of

[2] (Benefit Policy Manual Ch. 15, §60.1, Incident To Physician’s Professional Services; p. 64)
service by auxiliary personnel (or the furnishing of a supply) need also always be the occasion of the actual rendition of a personal professional service by the physician. Such a service or supply could be considered to be incident to when furnished during a course of treatment where the physician performs an initial service and subsequent services of a frequency which reflect his/her active participation in and management of the course of treatment. (However, the direct supervision requirement must still be met with respect to every nonphysician service.) Direct supervision in the office setting does not mean that the physician must be present in the same room with his or her aide. However, the physician must be present in the office suite and immediately available to provide assistance and direction throughout the time the aide is performing services. If auxiliary personnel perform services outside the office setting, e.g., in a patient’s home or in an institution (other than hospital or SNF), their services are covered incident to a physician’s service only if there is direct supervision by the physician. For example, if a nurse accompanied the physician on house calls and administered an injection, the nurse’s services are covered. If the same nurse made the calls alone and administered the injection, the services are not covered (even when billed by the physician) since the physician is not providing direct supervision. Services provided by auxiliary personnel in an institution (e.g., nursing, or convalescent home) present a special problem in determining whether direct physician supervision exists. The availability of the physician by telephone and the presence of the physician somewhere in the institution does not constitute direct supervision. (See §70.3 of the Medicare National Coverage Determinations Manual for instructions used if a physician maintains an office in an institution.) For hospital patients

[3] (Benefit Policy Manual Ch. 15, §60.3, Incident To Physician’s Services in Clinic; p. 66)
B3-2050.3 Services and supplies incident to a physician’s service in a physician directed clinic or group association are generally the same as those described above. A physician directed clinic is one where: 1. A physician (or a number of physicians) is present to perform medical (rather than administrative) services at all times the clinic is open; 2. Each patient is under the care of a clinic physician; and 3. The nonphysician services are under medical supervision. In highly organized clinics, particularly those that are departmentalized, direct physician supervision may be the responsibility of several physicians as opposed to an individual attending physician. In this situation, medical management of all services provided in the clinic is assured. The physician ordering a particular service need not be the physician who is supervising the service. Therefore, services performed by auxiliary personnel and other aides are covered even though they are performed in another department of the clinic. Supplies provided by the clinic during the course of treatment are also covered. When the auxiliary personnel perform services outside the clinic premises, the services are covered only if performed under the direct supervision of a clinic physician. If the clinic refers a patient for auxiliary services performed by personnel who are not supervised by clinic physicians, such services are not incident to a physician’s service.

[4] (Benefit Policy Manual Ch. 15, §60.1, Incident To Physician’s Professional Services; p. 64)
to situations in which there is direct physician supervision of auxiliary personnel. Auxiliary personnel means any individual who is acting under the supervision of a physician, regardless of whether the individual is an employee, leased employee, or independent contractor of the physician, or of the legal entity that employs or contracts with the physician. Likewise, the supervising physician may be an employee, leased employee or independent contractor of the legal entity billing and receiving payment for the services or supplies. However, the physician personally furnishing the services or supplies or supervising the auxiliary personnel furnishing the services or supplies must have a relationship with the legal entity billing and receiving payment for the services or supplies that satisfies the requirements for valid reassignment. As with the physician’s personal professional services, the patient’s financial liability for the incident to services or supplies is to the physician or other legal entity billing and receiving payment for the services or supplies. Therefore, the incident to services or supplies must represent an expense incurred by the physician or legal entity billing for the services or supplies. Thus, where a physician supervises auxiliary personnel to assist him/her in rendering services to patients and includes the charges for their services in his/her own bills, the services of such personnel are considered incident to the physician’s service if there is a physician’s service rendered to which the services of such personnel are an incidental part and there is direct supervision by the physician. This does not mean, however, that to be considered incident to, each occasion of service by auxiliary personnel (or the furnishing of a supply) need also always be the occasion of the actual rendition of a personal professional service by the physician. Such a service or supply could be considered to be incident to

[5] (Benefit Policy Manual Ch. 15, §60.4, Services Incident to a Physician’s Service to Homebound Patients Under General; p. 67)
Physician Supervision B3-2051 A. When Covered In some medically underserved areas there are only a few physicians available to provide services over broad geographic areas or to a large patient population. The lack of medical personnel (and, in many instances, a home health agency servicing the area) significantly reduces the availability of certain medical services to homebound patients. Some physicians and physician-directed clinics, therefore, call upon nurses and other paramedical personnel to provide these services under general (rather than direct) supervision. In some areas, such practice has tended to become the accepted method of delivery of these services. The Senate Finance Committee Report accompanying the 1972 Amendments to the Act recommended that the direct supervision requirement of the “incident to” provision be modified to provide coverage for services provided in this manner. Accordingly, to permit coverage of certain of these services, the direct supervision criterion in §60.2 above is not applicable to individual or intermittent services outlined in this section when they are performed by personnel meeting any pertinent State requirements (e.g., a nurse, technician, or physician extender) and where the criteria listed below also are met: 1 The patient is homebound; i.e., confined to his or her home (see §60.4.1 for the definition of a “homebound” patient and §110.1 (D) for the definition of patient’s “place of residence.” 2 The service is an integral part of the physician’s service to the patient (the patient must be one the physician is treating), and is performed under general physician supervision by employees of the physician or clinic. General supervision means that the physician need not be physically present at the patient’s place of residence when the service is performed; however, the service must be performed under his or her overall supervision and control. The physician orders the service(s) to be performed,",Benefit Policy Manual Ch. 15 §60.1; Benefit Policy Manual Ch. 15 §60.3; Benefit Policy Manual Ch. 15 §60.4,True,True,tr-2b536af6f2e490514c5ca930c759dddc,The physician must be present and involved in the same setting as the services being billed as incident to their service. This ensures the services are directly related to and provided during the physician's own care.,False,1.0,1.0,"The answer correctly identifies the key facts from the reference (office suite and immediately available) and provides additional context from the excerpts regarding clinics and homebound patients, all of which are supported by the provided text.",0.0,0.0,"Since no excerpts were provided, the answerer should have declined to answer. Because the answerer provided a substantive answer instead of stating that the documents do not contain the information, the 'correct' score is 0. Additionally, because there are no excerpts to support the claims made, the 'faithful' score is 0."
q28,Is chiropractic maintenance therapy covered by Medicare?,True,exact,Benefit Policy Manual Ch. 15 §30.5,No. It is not considered reasonable and necessary and is not payable.,not covered; not reasonable and necessary,"Chiropractic maintenance therapy is not considered to be medically reasonable or necessary, and is therefore not payable [1]. Additionally, once the clinical status has remained stable for a given condition, without expectation of additional objective clinical improvements, further manipulative treatment is considered maintenance therapy and is not covered [3].",False,"[1] (Benefit Policy Manual Ch. 15, §30.5, Chiropractor’s Services; p. 17)
Graduation from a college of chiropractic approved by the State’s chiropractic examiners that included the completion of a course of study covering a period of not less than 3 school years of 6 months each year in actual continuous attendance covering adequate course of study in the subjects of anatomy, physiology, symptomatology and diagnosis, hygiene and sanitation, chemistry, histology, pathology, and principles and practice of chiropractic, including clinical instruction in vertebral palpation, nerve tracing, and adjusting; and • Passage of an examination prescribed by the State’s chiropractic examiners covering the subjects listed above. After June 30, 1974 Individuals commencing their studies in a chiropractic college after June 30, 1974, must meet all of the above three standards and all of the following additional requirements: • Satisfactory completion of 2 years of pre-chiropractic study at the college level; • Satisfactory completion of a 4-year course of 8 months each year (instead of a 3-year course of 6 months each year) at a college or school of chiropractic that includes not less than 4,000 hours in the scientific and chiropractic courses specified in the second bullet under “Prior to July 1, 1974” above, plus courses in the use and effect of x-ray and chiropractic analysis; and • The practitioner must be over 21 years of age. B. Maintenance Therapy Under the Medicare program, Chiropractic maintenance therapy is not considered to be medically reasonable or necessary, and is therefore not payable. Maintenance therapy is defined as a treatment plan that seeks to prevent disease, promote health, and prolong and enhance the quality of life; or therapy that is performed to maintain or prevent deterioration of a chronic condition. When further clinical improvement cannot reasonably be expected from continuous ongoing care, and the chiropractic treatment becomes supportive rather than corrective in nature, the treatment

[2] (Benefit Policy Manual Ch. 15, §30.5, Chiropractor’s Services; p. 17)
life; or therapy that is performed to maintain or prevent deterioration of a chronic condition. When further clinical improvement cannot reasonably be expected from continuous ongoing care, and the chiropractic treatment becomes supportive rather than corrective in nature, the treatment is then considered maintenance therapy. For information on how to indicate on a claim a treatment is or is not maintenance, see §240.1.3.

[3] (Benefit Policy Manual Ch. 15, §240.1.3, Necessity for Treatment; p. 224)
The patient must have a significant health problem in the form of a neuromusculoskeletal condition necessitating treatment, and the manipulative services rendered must have a direct therapeutic relationship to the patient’s condition and provide reasonable expectation of recovery or improvement of function. The patient must have a subluxation of the spine as demonstrated by x-ray or physical exam, as described above. Most spinal joint problems fall into the following categories: • Acute subluxation-A patient’s condition is considered acute when the patient is being treated for a new injury, identified by x-ray or physical exam as specified above. The result of chiropractic manipulation is expected to be an improvement in, or arrest of progression, of the patient’s condition. • Chronic subluxation-A patient’s condition is considered chronic when it is not expected to significantly improve or be resolved with further treatment (as is the case with an acute condition), but where the continued therapy can be expected to result in some functional improvement. Once the clinical status has remained stable for a given condition, without expectation of additional objective clinical improvements, further manipulative treatment is considered maintenance therapy and is not covered. For Medicare purposes, a chiropractor must place an AT modifier on a claim when providing active/corrective treatment to treat acute or chronic subluxation. However the presence of the AT modifier may not in all instances indicate that the service is reasonable and necessary. As always, contractors may deny if appropriate after medical review. A. Maintenance Therapy Maintenance therapy includes services that seek to prevent disease, promote health and prolong and enhance the quality of life, or maintain or prevent deterioration of a chronic condition. When further clinical improvement cannot reasonably be expected from continuous ongoing care, and the chiropractic treatment becomes supportive rather than corrective in nature, the treatment is

[4] (Benefit Policy Manual Ch. 15, §240, Chiropractic Services - General; p. 219)
B3-2250, B3-4118 The term “physician” under Part B includes a chiropractor who meets the specified qualifying requirements set forth in §30.5 but only for treatment by means of manual manipulation of the spine to correct a subluxation. Effective for claims with dates of services on or after January 1, 2000, an x-ray is not required to demonstrate the subluxation. Implementation of the chiropractic benefit requires an appreciation of the differences between chiropractic theory and experience and traditional medicine due to fundamental differences regarding etiology and theories of the pathogenesis of disease. Judgments about the reasonableness of chiropractic treatment must be based on the application of chiropractic principles. So that Medicare beneficiaries receive equitable adjudication of claims based on such principles and are not deprived of the benefits intended by the law, A/B MACs (B) may use chiropractic consultation in A/B MAC (B) review of Medicare chiropractic claims. Payment is based on the physician fee schedule and made to the beneficiary or, on assignment, to the chiropractor. A. Verification of Chiropractor’s Qualifications A/B MACs (B) must establish a reference file of chiropractors eligible for payment as physicians under the criteria in §30.1. They pay only chiropractors on file. Information needed to establish such files is furnished by the CMS RO. The RO is notified by the appropriate State agency which chiropractors are licensed and whether each meets the national uniform standards.

[5] (Benefit Policy Manual Ch. 15, §240.1.3, Necessity for Treatment; p. 224)
enhance the quality of life, or maintain or prevent deterioration of a chronic condition. When further clinical improvement cannot reasonably be expected from continuous ongoing care, and the chiropractic treatment becomes supportive rather than corrective in nature, the treatment is then considered maintenance therapy. The AT modifier must not be placed on the claim when maintenance therapy has been provided. Claims without the AT modifier will be considered as maintenance therapy and denied. Chiropractors who give or receive from beneficiaries an ABN shall follow the instructions in Pub. 100-04, Medicare Claims Processing Manual, chapter 23, section 20.9.1.1 and include a GA (or in rare instances a GZ) modifier on the claim. B. Contraindications Dynamic thrust is the therapeutic force or maneuver delivered by the physician during manipulation in the anatomic region of involvement. A relative contraindication is a condition that adds significant risk of injury to the patient from dynamic thrust, but does not rule out the use of dynamic thrust. The doctor should discuss this risk with the patient and record this in the chart. The following are relative contraindications to dynamic thrust: Articular hyper mobility and circumstances where the stability of the joint is uncertain; Severe demineralization of bone; Benign bone tumors (spine); Bleeding disorders and anticoagulant therapy; and Radiculopathy with progressive neurological signs. Dynamic thrust is absolutely contraindicated near the site of demonstrated subluxation and proposed manipulation in the following: Acute arthropathies characterized by acute inflammation and ligamentous laxity and anatomic subluxation or dislocation; including acute rheumatoid arthritis and ankylosing spondylitis; Acute fractures and dislocations or healed fractures and dislocations with signs of instability; An unstable os odontoideum; Malignancies that involve the vertebral column; Infection of bones or joints of the vertebral column; Signs and symptoms of myelopathy or cauda equina syndrome; For cervical spinal manipulations, vertebrobasilar",Benefit Policy Manual Ch. 15 §30.5; Benefit Policy Manual Ch. 15 §240.1.3,True,True,tr-6c8cf942830412b01094f590b04aa9f5,"Medicare generally covers chiropractic services for specific, medically necessary conditions, such as certain types of back pain. Routine or maintenance therapy is typically not covered unless it is deemed medically necessary by a physician for a specific, documented condition.",False,1.0,1.0,"The answer accurately reflects the key facts provided in the reference and is fully supported by the excerpts. It correctly identifies that maintenance therapy is not considered medically reasonable or necessary, not payable, and not covered once clinical status has stabilized.",0.0,0.0,"Since no excerpts were provided to the answerer, the reference is considered NOT IN DOCUMENTS. According to the instructions, if the reference is not in the documents, the correct score is 1 only if the answer declines to answer; since the answerer provided a substantive answer, the correct score is 0. Additionally, because no excerpts were provided, no claims in the answer can be supported by the excerpts, resulting in a faithful score of 0."
q29,What chiropractic services does Medicare cover?,True,exact,Benefit Policy Manual Ch. 15 §30.5,Only manual manipulation of the spine to correct a subluxation.,manual manipulation of the spine; subluxation,"Medicare covers chiropractic manipulative treatment (CMT) of 5 spinal regions [4]. Coverage is specifically limited to treatment by means of manual manipulation of the spine to correct a subluxation, provided the treatment is legal in the state where performed [2, 5]. All other services furnished or ordered by chiropractors, including maintenance therapy, are not covered or payable [2, 3, 5].",False,"[1] (Benefit Policy Manual Ch. 15, §240, Chiropractic Services - General; p. 219)
B3-2250, B3-4118 The term “physician” under Part B includes a chiropractor who meets the specified qualifying requirements set forth in §30.5 but only for treatment by means of manual manipulation of the spine to correct a subluxation. Effective for claims with dates of services on or after January 1, 2000, an x-ray is not required to demonstrate the subluxation. Implementation of the chiropractic benefit requires an appreciation of the differences between chiropractic theory and experience and traditional medicine due to fundamental differences regarding etiology and theories of the pathogenesis of disease. Judgments about the reasonableness of chiropractic treatment must be based on the application of chiropractic principles. So that Medicare beneficiaries receive equitable adjudication of claims based on such principles and are not deprived of the benefits intended by the law, A/B MACs (B) may use chiropractic consultation in A/B MAC (B) review of Medicare chiropractic claims. Payment is based on the physician fee schedule and made to the beneficiary or, on assignment, to the chiropractor. A. Verification of Chiropractor’s Qualifications A/B MACs (B) must establish a reference file of chiropractors eligible for payment as physicians under the criteria in §30.1. They pay only chiropractors on file. Information needed to establish such files is furnished by the CMS RO. The RO is notified by the appropriate State agency which chiropractors are licensed and whether each meets the national uniform standards.

[2] (Benefit Policy Manual Ch. 15, §30.5, Chiropractor’s Services; p. 17)
B3-2020.26 A chiropractor must be licensed or legally authorized to furnish chiropractic services by the State or jurisdiction in which the services are furnished. In addition, a licensed chiropractor must meet the following uniform minimum standards to be considered a physician for Medicare coverage. Coverage extends only to treatment by means of manual manipulation of the spine to correct a subluxation provided such treatment is legal in the State where performed. All other services furnished or ordered by chiropractors are not covered. If a chiropractor orders, takes, or interprets an x-ray or other diagnostic procedure to demonstrate a subluxation of the spine, the x-ray can be used for documentation. However, there is no coverage or payment for these services or for any other diagnostic or therapeutic service ordered or furnished by the chiropractor. For detailed information on using x-rays to determine subluxation, see §240.1.2. In addition, in performing manual manipulation of the spine, some chiropractors use manual devices that are hand-held with the thrust of the force of the device being controlled manually. While such manual manipulation may be covered, there is no separate payment permitted for use of this device. A. Uniform Minimum Standards Prior to July 1, 1974 Chiropractors licensed or authorized to practice prior to July 1, 1974, and those individuals who commenced their studies in a chiropractic college before that date must meet all of the following three minimum standards to render payable services under the program: • Preliminary education equal to the requirements for graduation from an accredited high school or other secondary school; • Graduation from a college of chiropractic approved by the State’s chiropractic examiners that included the completion of a course of study covering a period of not less than 3 school years of 6 months each year in actual continuous attendance

[3] (Benefit Policy Manual Ch. 15, §30.5, Chiropractor’s Services; p. 17)
Graduation from a college of chiropractic approved by the State’s chiropractic examiners that included the completion of a course of study covering a period of not less than 3 school years of 6 months each year in actual continuous attendance covering adequate course of study in the subjects of anatomy, physiology, symptomatology and diagnosis, hygiene and sanitation, chemistry, histology, pathology, and principles and practice of chiropractic, including clinical instruction in vertebral palpation, nerve tracing, and adjusting; and • Passage of an examination prescribed by the State’s chiropractic examiners covering the subjects listed above. After June 30, 1974 Individuals commencing their studies in a chiropractic college after June 30, 1974, must meet all of the above three standards and all of the following additional requirements: • Satisfactory completion of 2 years of pre-chiropractic study at the college level; • Satisfactory completion of a 4-year course of 8 months each year (instead of a 3-year course of 6 months each year) at a college or school of chiropractic that includes not less than 4,000 hours in the scientific and chiropractic courses specified in the second bullet under “Prior to July 1, 1974” above, plus courses in the use and effect of x-ray and chiropractic analysis; and • The practitioner must be over 21 years of age. B. Maintenance Therapy Under the Medicare program, Chiropractic maintenance therapy is not considered to be medically reasonable or necessary, and is therefore not payable. Maintenance therapy is defined as a treatment plan that seeks to prevent disease, promote health, and prolong and enhance the quality of life; or therapy that is performed to maintain or prevent deterioration of a chronic condition. When further clinical improvement cannot reasonably be expected from continuous ongoing care, and the chiropractic treatment becomes supportive rather than corrective in nature, the treatment

[4] (NCCI Ch. 11, Sec. S, Chiropractic Manipulative Treatment; p. 28)
Medicare covers chiropractic manipulative treatment (CMT) of 5 spinal regions. Physical medicine and rehabilitation services described by CPT codes 97112, 97124 and 97140 are not separately reportable when performed in a spinal region undergoing CMT. If these physical medicine and rehabilitation services are performed in a different region than CMT and the provider/supplier is eligible to report physical medicine and rehabilitation codes under the Medicare program, the provider/supplier may report CMT and the above codes using modifier 59 or XS.

[5] (Benefit Policy Manual Ch. 15, §240.1.1, Manual Manipulation; p. 220)
B3-2251.1 Coverage of chiropractic service is specifically limited to treatment by means of manual manipulation, i.e., by use of the hands. Additionally, manual devices (i.e., those that are hand-held with the thrust of the force of the device being controlled manually) may be used by chiropractors in performing manual manipulation of the spine. However, no additional payment is available for use of the device, nor does Medicare recognize an extra charge for the device itself. No other diagnostic or therapeutic service furnished by a chiropractor or under the chiropractor’s order is covered. This means that if a chiropractor orders, takes, or interprets an x-ray, or any other diagnostic test, the x-ray or other diagnostic test, can be used for claims processing purposes, but Medicare coverage and payment are not available for those services. This prohibition does not affect the coverage of x-rays or other diagnostic tests furnished by other practitioners under the program. For example, an x-ray or any diagnostic test taken for the purpose of determining or demonstrating the existence of a subluxation of the spine is a diagnostic x-ray test covered under §1861(s)(3) of the Act if ordered, taken, and interpreted by a physician who is a doctor of medicine or osteopathy. Manual devices (i.e., those that are hand-held with the thrust of the force of the device being controlled manually) may be used by chiropractors in performing manual manipulation of the spine. However, no additional payment is available for use of the device, nor does Medicare recognize an extra charge for the device itself. Effective for claims with dates of service on or after January 1, 2000, an x-ray is not required to demonstrate the subluxation. However, an x-ray may be used for this purpose if the chiropractor so chooses. The word “correction” may be used in",NCCI Ch. 11 Sec. S,False,True,tr-6bd562a01cf771078459f5e372b3eb67,"Medicare covers chiropractic services for musculoskeletal conditions, provided the services are deemed medically necessary. Coverage is dependent on the specific diagnosis and the type of treatment provided. You must ensure the services meet Medicare's criteria for medical necessity to be covered.",False,1.0,1.0,"The answer includes the key facts from the reference (manual manipulation of the spine and subluxation) and provides additional specific details found in the excerpts (5 spinal regions, legality in the state, and exclusion of maintenance therapy) without contradicting the core requirement of the reference answer.",0.0,0.0,"The answer provides a substantive response instead of declining, even though no excerpts were provided. Since the answer does not mention the specific key facts from the reference (manual manipulation of the spine and subluxation), it is incorrect. Because no excerpts were provided to support the claims made, the answer is not faithful."
q30,"How long does a physician's Medicare opt-out last, and does it renew?",True,exact,Benefit Policy Manual Ch. 15 §40.9,"Two-year periods; affidavits filed on or after June 16, 2015 renew automatically every 2 years unless canceled in writing at least 30 days before the next period.",2 years; automatically renew; 30 days,"The initial opt-out period is 2 years [1, 2, 3, 4, 5]. For affidavits signed on or after June 16, 2015, the opt-out automatically renews every 2 years [2, 3]. Conversely, valid opt-out affidavits signed before June 16, 2015, will expire 2 years after the effective date of the opt-out, requiring a renewal affidavit within 30 days after the current period expires to extend the status [2, 3].",False,"[1] (Benefit Policy Manual Ch. 15, §40.14, Nonparticipating Physicians or Practitioners Who Opt Out of Medicare; p. 29)
A nonparticipating physician or practitioner may opt-out of Medicare at any time in accordance with the following: • The initial 2-year opt-out period begins the date the affidavit meeting the requirements of §40.9 is signed, provided the affidavit is filed within 10 days after the physician or practitioner signs his or her first private contract with a Medicare beneficiary. • If the physician or practitioner does not timely file any required affidavit, the initial 2-year opt- out period begins when the last such affidavit is filed. Any private contract entered into before the last required affidavit is filed becomes effective upon the filing of the last required affidavit and the furnishing of any items or services to a Medicare beneficiary under such contract before the last required affidavit is filed is subject to standard Medicare rules.

[2] (Benefit Policy Manual Ch. 15, §40.9, Requirements of the Opt-Out Affidavit; p. 24)
The private contracting/opt-out provisions at section 1802(b) of the Act were amended by section 106(a) of MACRA. Prior to the MACRA amendments, the law specified that physicians and practitioners may opt- out for a 2-year period. Individuals that wished to renew their opt-out at the end of a 2-year opt-out period were required to file new affidavits with their MAC. Section 106(a) of the MACRA amends section 1802(b)(3) of the Act to require that opt-out affidavits filed on or after June 16, 2015, automatically renew every 2 years. Therefore, physicians and practitioners that filed opt-out affidavits on or after June 16, 2015, are not required to file renewal affidavits to continue their opt-out status. Furthermore, physicians and practitioners who filed opt-out affidavits on or after June 16, 2015, and who do not want their opt-out status to automatically renew at the end of a 2-year opt-out period may cancel the automatic extension by notifying their MACs in writing at least 30 days prior to the start of the next 2-year opt-out period. Valid opt-out affidavits signed before June 16, 2015, will expire 2 years after the effective date of the opt-out. If physicians and practitioners that filed affidavits effective before June 16, 2015, want to extend their opt-out, they must submit a renewal affidavit within 30 days after the current opt-out period expires to all contractors with which they would have filed claims absent the opt-out. Under 1802(b)(3)(B) and (D) of the Act and Medicare regulations, a valid affidavit must: • Be in writing and be signed by the physician/practitioner; • Contain the physician’s or practitioner’s full name, address, telephone number, NPI or billing number (if one has been assigned), or, if an NPI has not been assigned, the physician’s or practitioner’s tax identification number (TIN); • State that, except

[3] (Benefit Policy Manual Ch. 15, §40.2, General Rules of Private Contracts; p. 20)
The following rules apply to physicians/practitioners who opt-out of Medicare: • A physician/practitioner may enter into one or more private contracts with Medicare beneficiaries for the purpose of furnishing items or services that would otherwise be covered by Medicare (provided the conditions in §40.1 are met). • A physician/practitioner who enters into at least one private contract with a Medicare beneficiary (under the conditions of §40.1) and who submits one or more affidavits in accordance with §40.9, opts-out of Medicare unless the opt-out is terminated early according to §40.35 or unless the physician/practitioner fails to maintain opt-out. (See §40.11.) • Valid opt-out affidavits signed on or after June 16, 2015, will automatically renew every 2 years. If physicians and practitioners who file affidavits effective on or after June 16, 2015, do not want their opt-out to automatically renew at the end of a 2 year opt-out period, they may cancel the renewal by notifying all contractors with which they filed an affidavit in writing at least 30 days prior to the start of the next opt-out period. Valid opt-out affidavits signed before June 16, 2015, will expire 2 years after the effective date of the opt-out. If physicians and practitioners that filed affidavits effective before June 16, 2015, want to extend their opt-out, they must submit a renewal affidavit within 30 days after the current opt-out period expires to all contractors with which they would have filed claims absent the opt-out. • Both the private contracts described in the first paragraph of this section and the physician’s or practitioner’s opt-out described in the second paragraph of this section are null and void if the physician/practitioner fails to properly opt-out in accordance with the conditions of these instructions. • Both the private contracts described in the first paragraph of this section

[4] (Benefit Policy Manual Ch. 15, §40.34, Cancellation of Opt-Out; p. 36)
A physician or practitioner may cancel opt-out by submitting a written notice to each MAC to which he or she would file claims absent the opt-out, not later than 30 days before the end of the current 2-year opt-out period, indicating that the physician or practitioner does not want to extend the application of the opt-out affidavit for a subsequent 2-year period.

[5] (Benefit Policy Manual Ch. 15, §40.35, Early Termination of Opt-Out; p. 36)
If a physician or practitioner changes his or her mind after the Medicare contractor has approved the affidavit, the opt-out may be terminated within 90 days of the effective date of the affidavit. To properly terminate an opt-out, a physician or practitioner must: • Not have previously opted out of Medicare; • Notify all Medicare contractors, with which the physician or practitioner filed an affidavit, of the termination of the opt-out no later than 90 days after the effective date of the initial 2-year period; • Refund to each beneficiary with whom the physician or practitioner has privately contracted all payment collected in excess of: º The Medicare limiting charge (in the case of physicians or practitioners); or º The deductible and coinsurance (in the case of practitioners). • Notify all beneficiaries with whom the physician or practitioner entered into private contracts of the physician’s or practitioner’s decision to terminate opt-out and of the beneficiaries’ rights to have claims filed on their behalf with Medicare for services furnished during the period between the effective date of the opt-out and the effective date of the termination of the opt-out period. When the physician or practitioner properly terminates opt-out in accordance with the second bullet above, the physician or practitioner (who was previously enrolled in Medicare) will be reinstated in Medicare as if there had been no opt-out, and the provision of §40.3 must not apply unless the physician or practitioner subsequently properly opts-out.",,False,True,tr-c231e73da9fd120fe32dc92da5e6d157,NOT IN DOCUMENTS,True,0.5,1.0,"The answer provides the duration (2 years) and the renewal status (automatically renews for affidavits on/after June 16, 2015), but it fails to mention the 30-day cancellation requirement which was listed as a key fact in the reference answer. All other claims made in the answer are supported by the excerpts.",1.0,1.0,"The answerer correctly stated that the information was not in the documents, as no excerpts were provided. According to the grading instructions, if the reference is not in the documents, a decline is correct (1) and faithful (1)."
q31,What is a Medically Unlikely Edit?,True,exact,NCCI Ch. 1 Sec. V,The maximum units of service for a HCPCS/CPT code reported on the vast majority of appropriate claims by the same provider for the same beneficiary on the same date of service.,"maximum units of service; same provider, beneficiary, date of service",Medically Unlikely Edits (MUEs) are units of service edits established by CMS to lower the Medicare Fee-For-Service Paid Claims Error Rate [1]. An MUE is defined as the maximum UOS reported for a HCPCS/CPT code on the vast majority of appropriately reported claims by the same provider/supplier for the same beneficiary on the same date of service [1].,False,"[1] (NCCI Ch. 1, Sec. V, Medically Unlikely Edits (MUEs); p. 28)
To lower the Medicare Fee-For-Service Paid Claims Error Rate, CMS has established units of service edits referred to as Medically Unlikely Edit(s)(MUEs). An MUE is the maximum UOS reported for a HCPCS/CPT code on the vast majority of appropriately reported claims by the same provider/supplier for the same beneficiary on the same date of service. All claims submitted to MACs and Durable Medical Equipment (DME) MACs, and outpatient facility services claims (e.g., Type of Bill 13X, 14X, 85X, 87X) are tested against MUEs. Prior to April 1, 2013, each line of a claim was adjudicated separately against the MUE value for the HCPCS/CPT code reported on that claim line. If the UOS on that claim line exceeded the MUE value, the entire claim line was denied. In the April 1, 2013, version of MUEs, CMS began introducing date of service (DOS) MUEs. Over time CMS will convert many, but not all, MUEs to DOS MUEs. Since April 1, 2013, MUEs are adjudicated either as claim line edits or DOS edits. If the MUE is adjudicated as a claim line edit, the UOS on each claim line are compared to the MUE value for the HCPCS/CPT code on that claim line. If the UOS exceed the MUE value, all UOS on that claim line are denied. If the MUE is adjudicated as a DOS MUE, all UOS on each claim line for the same date of service for the same HCPCS/CPT code are summed, and the sum is compared to the MUE value. If the summed UOS exceed the MUE value, all UOS for the HCPCS/CPT code for that date of service are denied. Denials due to claim line MUEs or DOS MUEs may be appealed to the local claims processing contractor. DOS MUEs are used for HCPCS/CPT codes where it

[2] (NCCI Ch. 1, Sec. V, Medically Unlikely Edits (MUEs); p. 28)
edits, claims processing contractors may have UOS edits that are more restrictive than MUEs. In such cases, the more restrictive claims processing contractor edit would be applied to the claim. Similarly, if the MUE is more restrictive than a claims processing contractor edit, the more restrictive MUE would apply.

[3] (NCCI Ch. 1, Sec. V, Medically Unlikely Edits (MUEs); p. 28)
surgical dressings, parenteral and enteral nutrition, immunosuppressive drugs, and oral anti-cancer drugs are typically based on a one-month supply. c. The MUE values take into account the requirement for reporting certain codes with date spans. d. The MUE value of a code may be “0” if the item is noncovered, not medically necessary, or not separately payable. e. The MUE value of a code may be “0” if the code is invalid for claim submission to the DME MAC. UOS denied based on an MUE may be appealed. Because a denial of services due to an MUE is a coding denial, not a medical necessity denial, the presence of an Advanced Beneficiary Notice of Noncoverage (ABN) shall not shift liability to the beneficiary for UOS denied based on an MUE. If during reopening or redetermination medical records are provided with respect to an MUE denial for an edit with an MAI of “3,” contractors will review the records to determine if the provider actually furnished units in excess of the MUE, if the codes were used correctly, and whether the services were medically reasonable and necessary. If the units were actually provided but one of the other conditions is not met, a change in denial reason may be warranted (for example, a change from the MUE denial based on incorrect coding to a determination that the item/service is not reasonable and necessary under section 1862(a)(1)). This may also be true for certain edits with an MAI of “1.” CMS interprets the notice delivery requirements under §1879 of the Social Security Act (the Act) as applying to situations in which a provider expects the initial claim determination to be a reasonable and necessary denial. Consistent with NCCI guidance, denials resulting from MUEs are not based on any of the statutory provisions

[4] (NCCI Ch. 11, Sec. V, Medically Unlikely Edits (MUEs); p. 33)
1. Medically Unlikely Edits (MUEs) are described in Chapter I, Section V. 2. Providers/suppliers should be cautious about reporting services on multiple lines of a claim using modifiers to bypass MUEs. The MUE values are set so that such occurrences should be uncommon. If a provider/supplier does this frequently for any HCPCS/CPT code, the provider/supplier may be coding units of service (UOS) incorrectly. The provider/supplier may consider contacting their national healthcare organization or the national medical/surgical society whose members commonly perform the procedure to clarify the correct reporting of UOS. 3. For purposes of reporting UOS for antigen preparation (i.e., CPT codes 95145-95170), the provider/supplier reports “number of doses.” Medicare defines a dose for reporting purposes as 1 milliliter (ml). Thus, if a physician prepares a 10 ml vial of antigen, the provider/supplier may only report a maximum of 10 UOS for that vial even if the number of actual administered doses is greater than 10. Medicare payment amounts for these codes were determined by dividing the practice expenses for a 10 ml vial into 10 doses. (See Internet-Only Manual (IOM), Publication 100-04 Medicare Claims Processing Manual (MCPM), Chapter 12, Section 200 (B)(7)). 4. CPT code 94681 (Oxygen uptake, expired gas analysis; including CO2 output, percentage oxygen extracted) may be reported one time per day. It includes rest and exercise determinations. 5. The unit of service for CPT codes 90849 (Multiple-family group psychotherapy) and 90853 (Group psychotherapy (other than of a multiple-family group)) is each separate and distinct therapy session even if it lasts longer than one hour. These are not timed codes and shall not be reported with a unit of service corresponding to any particular time interval. A practitioner may report only one unit of service on a single date of service. An outpatient facility may report one

[5] (NCCI Ch. 1, Sec. V, Medically Unlikely Edits (MUEs); p. 28)
was contrary to statute, regulation, or subregulatory guidance. This subregulatory guidance includes clear correct coding policy that is binding on both providers/suppliers and CMS claims processing contractors. Limitations created by anatomical, or coding limitations are incorporated in correct coding policy, both in the HIPAA mandated coding descriptors and CMS-approved coding guidance as well as specific guidance in the CMS and NCCI manuals. For example, it would be contrary to correct coding policy to report more than one unit of service for CPT 94002 (Ventilation assist and management . . . initial day) because such use could not accurately describe 2 initial days of management occurring on the same date of service as would be required by the code descriptor. As a result, claims processing contractors are instructed that an MAI of “2” denotes a claims processing restriction for which override during processing, reopening, or redetermination would be contrary to CMS policy. MUEs for HCPCS codes with an MAI of “3” are “per day edits based on clinical benchmarks.” MUEs assigned an MAI of “3” are based on criteria (e.g., nature of service, prescribing information) combined with data such that it would be possible but medically highly unlikely that higher values would represent correctly reported medically necessary services. If contractors have evidence (e.g., medical review) that UOS in excess of the MUE value were actually provided, were correctly coded and were medically necessary, the contractor may bypass the MUE for a HCPCS code with an MAI of “3” during claim processing, reopening, or redetermination, or in response to effectuation instructions from a reconsideration or higher-level appeal. An MUE or the lack of an MUE, does not necessarily indicate coverage status of a HCPCS/CPT code. The NCCI program does not establish medical necessity or payment policy. Both the MAI and MUE value",NCCI Ch. 1 Sec. V,True,True,tr-f580185f23c3672e282e04d7d808bca5,"A Medically Unlikely Edit (MUE) is a system used by Medicare to flag claims where the number of services billed for a specific diagnosis code is unusually high or unlikely. This edit helps prevent fraudulent or excessive billing by comparing the billed services against expected clinical patterns. If a claim triggers a MUE, it may be denied or require additional documentation.",False,1.0,1.0,"The answer accurately provides the definition of a Medically Unlikely Edit (MUE) as stated in the reference and the provided excerpts, including the key facts (maximum units of service, same provider, beneficiary, and date of service). It also correctly includes the context of why CMS established them.",0.0,0.0,"The answer provides a substantive response even though the reference information was not present in the provided excerpts. According to the instructions, if the reference is not in the documents, the correct score is 1 only if the answer declines to answer. Since the answer provides a substantive (and slightly inaccurate regarding 'diagnosis code') definition, the correct score is 0. Regarding faithfulness, since no excerpts were provided, none of the claims in the answer can be supported by the excerpts, resulting in a score of 0."
q32,"What is the difference between MUE adjudication indicators 1, 2 and 3?",True,exact,NCCI Ch. 1 Sec. V,1 is a claim-line edit; 2 is an absolute date-of-service edit based on policy; 3 is a date-of-service edit based on clinical benchmarks that contractors may bypass with evidence.,"1 claim line; 2 date of service, policy; 3 clinical benchmarks","An MAI of “1” indicates that the edit is a claim line MUE [1]. An MAI of “2” or “3” indicates that the edit is a DOS MUE [1]. Specifically, MUEs for HCPCS codes with an MAI of “2” are absolute date of service edits, described as “per day edits based on policy” [1]. For edits with an MAI of “3,” if medical records are provided during reopening or redetermination, contractors will review the records to determine if the provider furnished units in excess of the MUE, if the codes were used correctly, and whether the services were medically reasonable and necessary [5].",False,"[1] (NCCI Ch. 1, Sec. V, Medically Unlikely Edits (MUEs); p. 28)
all UOS for the HCPCS/CPT code for that date of service are denied. Denials due to claim line MUEs or DOS MUEs may be appealed to the local claims processing contractor. DOS MUEs are used for HCPCS/CPT codes where it would be extremely unlikely that more UOS than the MUE value would ever be performed on the same date of service for the same patient. The MUE files on the CMS NCCI website display an MUE Adjudication Indicator (MAI) for each HCPCS/CPT code. An MAI of “1” indicates that the edit is a claim line MUE. An MAI of “2” or “3” indicates that the edit is a DOS MUE. If a HCPCS/CPT code has an MUE that is adjudicated as a claim line edit, (i.e., MAI equal to “1”) appropriate use of CPT modifiers (i.e., 59 or XE, XP, XS, XU; 76, 77, 91, anatomic) may be used to report the same HCPCS/CPT code on separate lines of a claim. Each line of the claim with that HCPCS/CPT code will be separately adjudicated against the MUE value for that HCPCS/CPT code. Claims processing contractors have rules limiting use of these modifiers with some HCPCS/CPT codes. MUEs for HCPCS codes with an MAI of “2” are absolute date of service edits. These are “per day edits based on policy.” HCPCS codes with an MAI of “2” have been rigorously reviewed and vetted within CMS and obtain this MAI designation because UOS on the same date of service (DOS) in excess of the MUE value would be considered impossible because it was contrary to statute, regulation, or subregulatory guidance. This subregulatory guidance includes clear correct coding policy that is binding on both providers/suppliers and CMS claims processing contractors. Limitations created by anatomical, or coding limitations are incorporated in correct coding policy,

[2] (NCCI Ch. 1, Sec. V, Medically Unlikely Edits (MUEs); p. 28)
a reconsideration or higher-level appeal. An MUE or the lack of an MUE, does not necessarily indicate coverage status of a HCPCS/CPT code. The NCCI program does not establish medical necessity or payment policy. Both the MAI and MUE value for each HCPCS/CPT code are based on one or more of the following criteria: 1. Anatomic considerations may limit UOS based on anatomic structures. For example: a. The MUE value for an appendectomy is “1” since there is only 1 appendix. b. The MUE for a knee brace is “2” because there are 2 knees and Medicare policy does not cover back-up equipment. c. The MUE value for a lumbar spine procedure reported per lumbar vertebra or per lumbar interspace cannot exceed “5” since there are only 5 lumbar vertebrae or interspaces. d. The MUE value for a procedure reported per lung lobe cannot exceed “5” since there are only 5 lung lobes (3 in right lung and 2 in left lung). 2. CPT code descriptors/CPT coding instructions in the CPT Professional codebook may limit UOS. For example: a. A procedure described as the “initial 30 minutes” would have an MUE value of “1” because of the use of the term “initial.” A different code may be reported for additional time. b. If a code descriptor uses the plural form of the procedure, it must not be reported with multiple UOS. For example, if the code descriptor states “biopsies,” the code is reported with “1” unit of service regardless of the number of biopsies performed. c. The MUE value for a procedure with “per day,” “per week,” or “per month” in its code descriptor is “1” because MUEs are based on number of services per day of service. d. The MUE value of a code for a procedure described as

[3] (NCCI Ch. 1, Sec. V, Medically Unlikely Edits (MUEs); p. 28)
a procedure with “per day,” “per week,” or “per month” in its code descriptor is “1” because MUEs are based on number of services per day of service. d. The MUE value of a code for a procedure described as “unilateral” is “1” if there is a different code for the procedure described as “bilateral.” e. The code descriptors of a family of codes may define different levels of service, each having an MUE of “1.” For example, CPT codes 78102-78104 describe bone marrow imaging. CPT code 78102 is reported for imaging a “limited area.” CPT code 78103 is reported for imaging “multiple areas.” CPT code 78104 is reported for imaging the “whole body.” f. The MUE value for CPT code 86021 (Antibody identification; leukocyte antibodies) is “1” because the code descriptor is plural including testing for any and all leukocyte antibodies. On a single date of service only one specimen from a patient would be tested for leukocyte antibodies. g. When reporting codes, it is important to assure the accuracy of coding and the correct UOS by selecting a code that accurately identifies the service performed based on factors including but not limited to, the route of administration. For example, for intravitreal injection of bevacizumab, select an intravitreal code (e.g., C9257) rather than an intravenous code (e.g., J9035). 3. Edits based on established CMS policies may limit UOS. For example: a. The MUE value for a surgical or diagnostic procedure may be based on the bilateral surgery indicator on the Medicare Physician Fee Schedule Database (MPFSDB). i. If the bilateral surgery indicator is “0,” a bilateral procedure must be reported with “1” unit of service. There is no additional payment for the code if reported as a unilateral or bilateral procedure because of anatomy or physiology. Alternatively, the code

[4] (NCCI Ch. 1, Sec. V, Medically Unlikely Edits (MUEs); p. 28)
Act (the Act) as applying to situations in which a provider expects the initial claim determination to be a reasonable and necessary denial. Consistent with NCCI guidance, denials resulting from MUEs are not based on any of the statutory provisions that give liability protection to beneficiaries under Section 1879 of the Act. Thus, ABN issuance based on an MUE is NOT appropriate. A provider/supplier may not issue an ABN in connection with services denied due to an MUE and cannot bill the beneficiary for UOS denied based on an MUE. HCPCS J-code and drug related C and Q-code MUEs are based on prescribing information, how product is supplied, and/or 100% claims data for a six-month period of time. Using the prescribing information, the highest total daily dose for each drug was determined. This dose and its corresponding UOS were evaluated against paid and submitted claims data. Some of the guiding principles used in developing these edits are as follows: (1) If the prescribing information defined a maximum daily dose, this value was used to determine the MUE value. For some drugs there is an absolute maximum daily dose. For others there is a maximum “recommended” or “usual” dose. In the latter 2 cases, the daily dose calculation was evaluated against claims data. (2) If the maximum daily dose calculation is based on actual body weight, a dose based on a weight range of 110-150 kg was evaluated against the claims data. If the maximum daily dose calculation is based on ideal body weight, a dose based on a weight range of 90-110 kg was evaluated against claims data. If the maximum daily dose calculation is based on body surface area (BSA), a dose based on a BSA range of 2.4 - 3.0 square meters was evaluated against claims data. (3)

[5] (NCCI Ch. 1, Sec. V, Medically Unlikely Edits (MUEs); p. 28)
surgical dressings, parenteral and enteral nutrition, immunosuppressive drugs, and oral anti-cancer drugs are typically based on a one-month supply. c. The MUE values take into account the requirement for reporting certain codes with date spans. d. The MUE value of a code may be “0” if the item is noncovered, not medically necessary, or not separately payable. e. The MUE value of a code may be “0” if the code is invalid for claim submission to the DME MAC. UOS denied based on an MUE may be appealed. Because a denial of services due to an MUE is a coding denial, not a medical necessity denial, the presence of an Advanced Beneficiary Notice of Noncoverage (ABN) shall not shift liability to the beneficiary for UOS denied based on an MUE. If during reopening or redetermination medical records are provided with respect to an MUE denial for an edit with an MAI of “3,” contractors will review the records to determine if the provider actually furnished units in excess of the MUE, if the codes were used correctly, and whether the services were medically reasonable and necessary. If the units were actually provided but one of the other conditions is not met, a change in denial reason may be warranted (for example, a change from the MUE denial based on incorrect coding to a determination that the item/service is not reasonable and necessary under section 1862(a)(1)). This may also be true for certain edits with an MAI of “1.” CMS interprets the notice delivery requirements under §1879 of the Social Security Act (the Act) as applying to situations in which a provider expects the initial claim determination to be a reasonable and necessary denial. Consistent with NCCI guidance, denials resulting from MUEs are not based on any of the statutory provisions",NCCI Ch. 1 Sec. V; NCCI Ch. 1 Sec. V,True,True,tr-21722df2af7b42a04a64d297767d2608,NOT IN DOCUMENTS,True,0.5,1.0,"The answer correctly identifies the characteristics of MAI 1 and 2 as per the reference and excerpts. However, for MAI 3, it describes the review process mentioned in the excerpts but fails to state the key fact from the reference that it is based on 'clinical benchmarks'. Therefore, it states some but not all of the reference's key facts.",1.0,1.0,"Since no excerpts were provided, the information is not in the documents. The answer correctly declines to provide a substantive answer, which according to the instructions, results in a score of 1 for both correct and faithful."
q33,Why is the MUE for an appendectomy 1?,True,exact,NCCI Ch. 1 Sec. V,Anatomic: there is only one appendix.,only one appendix; anatomic,"The MUE value for an appendectomy is ""1"" because of anatomic considerations, specifically since there is only 1 appendix [2].",False,"[1] (NCCI Ch. 1, Sec. V, Medically Unlikely Edits (MUEs); p. 28)
surgical or medical procedures is “1” because the procedure is rarely, if ever, performed more than 1 time per day (e.g., colonoscopy, motion analysis tests). b. The MUE value for a procedure is “1” because of the amount of time required to perform the procedure (e.g., overnight sleep study). 6. The nature of equipment may limit UOS and is in general determined by the number of items of equipment that would be used. For example, the MUE value for a wheelchair code is “1” because only 1 wheelchair is used at 1 time and Medicare policy does not cover back-up equipment. 7. Although clinical judgment considerations and determinations based on input from numerous physicians and certified coders are sometimes initially used to establish some MUE values, these values are subsequently validated or changed based on submitted and/or paid claims data. 8. Prescribing information is based on FDA labeling as well as off-label information published in CMS-approved drug compendia. See below for additional information about how prescribing information is used in determining the MUE values. 9. Submitted and paid claims data (100%) from a six-month period is used to ascertain the distribution pattern of UOS typically reported for a given HCPCS/CPT code. 10. Published policies of the Durable Medical Equipment (DME) Medicare Administrative Contractors (MACs) may limit UOS for some durable medical equipment, prosthetics, orthotics, and supplies (DMEPOS). For example: a. The MUE values for many ostomy and urological supply codes, nebulizer codes, and CPAP accessory codes are typically based on a three-month supply of items. b. The MUE values for surgical dressings, parenteral and enteral nutrition, immunosuppressive drugs, and oral anti-cancer drugs are typically based on a one-month supply. c. The MUE values take into account the requirement for reporting certain codes with date spans. d. The MUE value of

[2] (NCCI Ch. 1, Sec. V, Medically Unlikely Edits (MUEs); p. 28)
a reconsideration or higher-level appeal. An MUE or the lack of an MUE, does not necessarily indicate coverage status of a HCPCS/CPT code. The NCCI program does not establish medical necessity or payment policy. Both the MAI and MUE value for each HCPCS/CPT code are based on one or more of the following criteria: 1. Anatomic considerations may limit UOS based on anatomic structures. For example: a. The MUE value for an appendectomy is “1” since there is only 1 appendix. b. The MUE for a knee brace is “2” because there are 2 knees and Medicare policy does not cover back-up equipment. c. The MUE value for a lumbar spine procedure reported per lumbar vertebra or per lumbar interspace cannot exceed “5” since there are only 5 lumbar vertebrae or interspaces. d. The MUE value for a procedure reported per lung lobe cannot exceed “5” since there are only 5 lung lobes (3 in right lung and 2 in left lung). 2. CPT code descriptors/CPT coding instructions in the CPT Professional codebook may limit UOS. For example: a. A procedure described as the “initial 30 minutes” would have an MUE value of “1” because of the use of the term “initial.” A different code may be reported for additional time. b. If a code descriptor uses the plural form of the procedure, it must not be reported with multiple UOS. For example, if the code descriptor states “biopsies,” the code is reported with “1” unit of service regardless of the number of biopsies performed. c. The MUE value for a procedure with “per day,” “per week,” or “per month” in its code descriptor is “1” because MUEs are based on number of services per day of service. d. The MUE value of a code for a procedure described as

[3] (NCCI Ch. 1, Sec. V, Medically Unlikely Edits (MUEs); p. 28)
surgical dressings, parenteral and enteral nutrition, immunosuppressive drugs, and oral anti-cancer drugs are typically based on a one-month supply. c. The MUE values take into account the requirement for reporting certain codes with date spans. d. The MUE value of a code may be “0” if the item is noncovered, not medically necessary, or not separately payable. e. The MUE value of a code may be “0” if the code is invalid for claim submission to the DME MAC. UOS denied based on an MUE may be appealed. Because a denial of services due to an MUE is a coding denial, not a medical necessity denial, the presence of an Advanced Beneficiary Notice of Noncoverage (ABN) shall not shift liability to the beneficiary for UOS denied based on an MUE. If during reopening or redetermination medical records are provided with respect to an MUE denial for an edit with an MAI of “3,” contractors will review the records to determine if the provider actually furnished units in excess of the MUE, if the codes were used correctly, and whether the services were medically reasonable and necessary. If the units were actually provided but one of the other conditions is not met, a change in denial reason may be warranted (for example, a change from the MUE denial based on incorrect coding to a determination that the item/service is not reasonable and necessary under section 1862(a)(1)). This may also be true for certain edits with an MAI of “1.” CMS interprets the notice delivery requirements under §1879 of the Social Security Act (the Act) as applying to situations in which a provider expects the initial claim determination to be a reasonable and necessary denial. Consistent with NCCI guidance, denials resulting from MUEs are not based on any of the statutory provisions

[4] (NCCI Ch. 1, Sec. V, Medically Unlikely Edits (MUEs); p. 28)
report UOS up to the MUE value on each date of service. Providers/suppliers may only report supply items that are medically reasonable and necessary. Most MUE values are set so that a provider or supplier would only very occasionally have a claim line denied. If a provider/supplier encounters a code with frequent denials due to the MUE or frequent use of a CPT modifier to bypass the MUE, the provider or supplier should consider the following: (1) Is the HCPCS/CPT code being used correctly? (2) Is the unit of service being counted correctly? (3) Are all reported services medically reasonable and necessary? and (4) Why does the provider’s or supplier’s practice differ from national patterns? A provider or supplier may choose to discuss these questions with the local Medicare contractor or a national healthcare organization whose members frequently perform the procedure. Most MUE values are published on the CMS MUE webpage. However, some MUE values are not published and are confidential. These values shall not be published in oral or written form by any party that acquires one or more of them. MUEs are not utilization edits. Although the MUE value for some codes may represent the commonly reported UOS (e.g., MUE of “1” for appendectomy), the usual UOS for many HCPCS/CPT codes is less than the MUE value. Claims reporting UOS less than the MUE value may be subject to review by claims processing contractors, Unified Program Integrity Contractor (UPICS), Recovery Audit Contractors (RACs), and U.S. Department of Justice (DOJ). Since MUEs are coding edits, rather than medical necessity edits, claims processing contractors may have UOS edits that are more restrictive than MUEs. In such cases, the more restrictive claims processing contractor edit would be applied to the claim. Similarly, if the MUE is more restrictive than a claims

[5] (NCCI Ch. 1, Sec. V, Medically Unlikely Edits (MUEs); p. 28)
a procedure with “per day,” “per week,” or “per month” in its code descriptor is “1” because MUEs are based on number of services per day of service. d. The MUE value of a code for a procedure described as “unilateral” is “1” if there is a different code for the procedure described as “bilateral.” e. The code descriptors of a family of codes may define different levels of service, each having an MUE of “1.” For example, CPT codes 78102-78104 describe bone marrow imaging. CPT code 78102 is reported for imaging a “limited area.” CPT code 78103 is reported for imaging “multiple areas.” CPT code 78104 is reported for imaging the “whole body.” f. The MUE value for CPT code 86021 (Antibody identification; leukocyte antibodies) is “1” because the code descriptor is plural including testing for any and all leukocyte antibodies. On a single date of service only one specimen from a patient would be tested for leukocyte antibodies. g. When reporting codes, it is important to assure the accuracy of coding and the correct UOS by selecting a code that accurately identifies the service performed based on factors including but not limited to, the route of administration. For example, for intravitreal injection of bevacizumab, select an intravitreal code (e.g., C9257) rather than an intravenous code (e.g., J9035). 3. Edits based on established CMS policies may limit UOS. For example: a. The MUE value for a surgical or diagnostic procedure may be based on the bilateral surgery indicator on the Medicare Physician Fee Schedule Database (MPFSDB). i. If the bilateral surgery indicator is “0,” a bilateral procedure must be reported with “1” unit of service. There is no additional payment for the code if reported as a unilateral or bilateral procedure because of anatomy or physiology. Alternatively, the code",NCCI Ch. 1 Sec. V,True,True,tr-330f20c70f7df38f4f462ccec1f39341,NOT IN DOCUMENTS,True,1.0,1.0,The answer correctly identifies the key facts (anatomic considerations and the fact that there is only one appendix) as stated in the reference and supported by the excerpts.,1.0,1.0,"Since the excerpts provided are '(none)', the reference is considered NOT IN DOCUMENTS. According to the instructions, if the reference is NOT IN DOCUMENTS, the answer is correct if it declines. The answer 'NOT IN DOCUMENTS' is a decline, so correct is 1. For a declined answer, faithful is 1."
q34,"When should modifier 59 be used instead of XE, XS, XP or XU?",True,exact,NCCI Ch. 1 Sec. E,Only when no more descriptive modifier is available; the X{EPSU} modifiers should be used when they apply. Modifier 59 indicates different anatomic sites or encounters and should not be appended to an E/M service.,only if no more descriptive modifier; X modifiers preferred; not with E/M,"Modifier 59 should be used only if no other modifier more appropriately describes the relationships of the 2 or more procedure codes [4]. Specifically, modifier 59 should be used only if no more descriptive modifier is available, and the use of modifier 59 best explains the circumstances [1], [4].",False,"[1] (NCCI Ch. 1, Sec. E, Modifiers and Modifier Indicators; p. 14)
used rather than modifier 59. Only if no more descriptive modifier is available, and the use of modifier 59 best explains the circumstances, should modifier 59 be used. Note: Modifier 59 should not be appended to an E/M service. To report a separate and distinct E/M service with a non-E/M service performed on the same date, see modifier 25. Modifier 59 and other NCCI PTP-associated modifiers should not be used to bypass a PTP edit unless the proper criteria for use of the modifier are met. Documentation in the medical record must satisfy the criteria required by any NCCI PTP-associated modifier used. Modifier 59 shall not be used with code 77427 (Radiation treatment management, 5 treatments). NCCI PTP edits define when 2 procedure HCPCS/CPT codes may not be reported together, except under special circumstances. If an edit allows use of NCCI PTP- associated modifiers, the 2 procedure codes may be reported together when the 2 procedures are performed at 2 different patient encounters or 2 different anatomic sites. MAC processing systems use NCCI PTP-associated modifiers to allow payment of both codes of an edit. Modifiers 59 or XE, XP, XS, XU, and other NCCI PTP-associated modifiers shall NOT be used to bypass an NCCI PTP edit unless the proper criteria for use of the modifier are met. Documentation in the medical record must satisfy the criteria required by any NCCI PTP-associated modifier used. Some examples of the appropriate use of modifiers 59 or XE, XP, XS, XU, are contained in the individual chapter policies. One of the common misuses of modifier 59 is related to the portion of the definition of modifier 59 allowing its use to describe “different procedure or surgery.” The code descriptors of the 2 codes of a code pair edit usually represent different procedures or surgeries.

[2] (NCCI Ch. 1, Sec. E, Modifiers and Modifier Indicators; p. 14)
interphalangeal joint is pared. Modifiers 59 or XS may be reported with code 11720 if 1 to 5 nails are debrided, and a hyperkeratotic lesion is pared on a toe other than 1 with a debrided toenail or the hyperkeratotic lesion is proximal to the skin overlying the distal interphalangeal joint of a toe on which a nail is debrided. e. Modifiers XE, XS, XP, XU: These modifiers were effective January 1, 2015. These modifiers were developed to provide greater reporting specificity in situations where modifier 59 was previously reported and may be used in lieu of modifier 59 whenever possible. The modifiers are defined as follows: XE – “Separate Encounter, A service that is distinct because it occurred during a separate encounter.” This modifier shall only be used to describe separate encounters on the same date of service. XS – “Separate Structure, A service that is distinct because it was performed on a separate organ/structure” XP – “Separate Practitioner, A service that is distinct because it was performed by a different practitioner” XU – “Unusual Non-Overlapping Service, the use of a service that is distinct because it does not overlap usual components of the main service”

[3] (NCCI Ch. 1, Sec. E, Modifiers and Modifier Indicators; p. 14)
modifier 59 is related to the portion of the definition of modifier 59 allowing its use to describe “different procedure or surgery.” The code descriptors of the 2 codes of a code pair edit usually represent different procedures or surgeries. The edit indicates that the 2 procedures/surgeries cannot be reported together if performed at the same anatomic site and same patient encounter. The provider/supplier cannot use modifier 59 for such an edit based on the 2 codes being different procedures/surgeries. However, if the 2 procedures/surgeries are performed at separate patient encounters or at separate anatomic sites on the same date of service, modifiers 59 or XE or XS may be appended to indicate that they are different procedures/surgeries on that date of service. Modifier 59 or XS is used appropriately for different anatomic sites during the same encounter only when procedures which are not ordinarily performed or encountered on the same day are performed on different organs, or different anatomic regions, or in limited situations on different, non-contiguous lesions in different anatomic regions of the same organ. There are several exceptions to this general principle about misuse of modifiers 59 or XE, XP, XS, XU that apply to some code pair edits for procedures performed at the same patient encounter. 1. When a diagnostic procedure precedes a surgical or non-surgical therapeutic procedure and is the basis on which the decision to perform the surgical or non-surgical therapeutic procedure is made, that diagnostic procedure may be considered to be a separate and distinct procedure as long as (a) it occurs before the therapeutic procedure and is not interspersed with services that are required for the therapeutic intervention; (b) it clearly provides the information needed to decide whether to proceed with the therapeutic procedure; and (c) it does not constitute a service

[4] (NCCI Ch. 1, Sec. E, Modifiers and Modifier Indicators; p. 14)
the principle stated in this paragraph is applicable regardless of whether the selected code pair combination is included in the NCCI tables. A provider/supplier shall not select laparoscopic and open HCPCS/CPT codes to report because the combination is not included in the NCCI tables. d. Modifier 59: Modifier 59 is an important NCCI PTP-associated modifier that is often used incorrectly. For the NCCI program, its primary purpose is to indicate that 2 or more procedures are performed at different anatomic sites or different patient encounters. One function of NCCI PTP edits is to prevent payment for codes that report overlapping services, except in those instances where the services are “separate and distinct.” Modifier 59 shall only be used if no other modifier more appropriately describes the relationships of the 2 or more procedure codes (see Section E for modifiers XE, XP, XS, XU). The CPT Professional codebook defines modifier 59 as follows: Modifier 59: Distinct Procedural Service: Under certain circumstances, it may be necessary to indicate that a procedure or service was distinct or independent from other non-E/M services performed on the same day. Modifier 59 is used to identify procedures/services, other than E/M services, that are not normally reported together, but are appropriate under the circumstances. Documentation must support a different session, different procedure or surgery, different site or organ system, separate incision/excision, separate lesion, or separate injury (or area of injury in extensive injuries) not ordinarily encountered or performed on the same day by the same individual. However, when another already established modifier is appropriate, it should be used rather than modifier 59. Only if no more descriptive modifier is available, and the use of modifier 59 best explains the circumstances, should modifier 59 be used. Note: Modifier 59 should not be appended to an E/M service. To

[5] (NCCI Ch. 1, Sec. E, Modifiers and Modifier Indicators; p. 14)
circumstances. A CCMI of “9” indicates that the use of NCCI PTP-associated modifiers is not specified. This indicator is used for all code pairs that have a deletion date that is the same as the effective date. This indicator prevents blank spaces from appearing in the indicator field. The CCMI can be found in the files containing Medicare NCCI PTP edits on the CMS Medicare NCCI Procedure to Procedure (PTP) Edits webpage. It is very important that NCCI PTP-associated modifiers only be used when appropriate. In general, these circumstances relate to separate patient encounters, separate anatomic sites, or separate specimens. (See subsequent discussion of modifiers in this section.) Most edits involving paired organs or structures (e.g., eyes, ears, extremities, lungs, kidneys) have NCCI PTP modifier indicators of “1” because the 2 codes of the code pair edit may be reported if performed on the contralateral organs or structures. Most of these code pairs should not be reported with NCCI PTP- associated modifiers when performed on the ipsilateral organ or structure unless there is a specific coding rationale to bypass the edit. The existence of the NCCI PTP edit indicates that the 2 codes generally cannot be reported together unless the 2 corresponding procedures are performed at 2 separate patient encounters or 2 separate anatomic locations. However, if the 2 corresponding procedures are performed at the same patient encounter and in contiguous structures in the same organ or anatomic region, NCCI PTP-associated modifiers generally should not be used. The appropriate use of most of these modifiers is straightforward. However, further explanation is provided regarding modifiers 25, 58, 59, XE, XP, XS, and XU. Although modifier 22 is not a modifier that bypasses an NCCI PTP edit, its use is occasionally relevant to an NCCI PTP edit and is discussed below. a.",NCCI Ch. 1 Sec. E; NCCI Ch. 1 Sec. E,True,True,tr-a435ac4aa92fb06bd0ea235a9a683796,NOT IN DOCUMENTS,True,0.5,1.0,"The answer correctly identifies that modifier 59 should be used only when no more descriptive modifier is available, which covers the first two key facts (only if no more descriptive modifier; X modifiers preferred). However, it misses the third key fact: that modifier 59 should not be used with E/M services.",1.0,1.0,"The excerpts provided are empty, meaning the reference is not in the documents. The answer correctly declines by stating 'NOT IN DOCUMENTS'. According to the instructions, for a declined answer when the reference is not in the documents, the correct score is 1 and the faithful score is 1."
q35,Can a modifier be added just to get past an NCCI edit?,True,paraphrase,NCCI Ch. 1 Sec. E,No. A modifier shall not be appended solely to bypass an NCCI PTP edit if the clinical circumstances do not justify it.,not solely to bypass; clinical circumstances,"No, a modifier shall not be appended to a HCPCS/CPT code solely to bypass an NCCI PTP edit if the clinical circumstances do not justify its use [2]. Furthermore, modifier 59 and other NCCI PTP-associated modifiers shall NOT be used to bypass an NCCI PTP edit unless the proper criteria for use of the modifier are met [4].",False,"[1] (NCCI Ch. 1, Sec. E, Modifiers and Modifier Indicators; p. 14)
is provided regarding modifiers 25, 58, 59, XE, XP, XS, and XU. Although modifier 22 is not a modifier that bypasses an NCCI PTP edit, its use is occasionally relevant to an NCCI PTP edit and is discussed below. a. Modifier 22: The CPT Professional codebook defines modifier 22 as “Increased Procedural Services.” This modifier shall not be reported unless the service(s) performed is (are) substantially more extensive than the usual service(s) included in the procedure described by the HCPCS/CPT code reported. When an NCCI PTP edit allows use of NCCI PTP-associated modifiers to bypass the edit and the clinical circumstances justify use of one of these modifiers, both services may be reported with the NCCI PTP-associated modifier. However, if the NCCI PTP edit does not allow use of NCCI PTP-associated modifiers to bypass it and the procedure qualifies as an unusual procedural service, the physician may report the Column One HCPCS/CPT code of the NCCI PTP edit with modifier 22. The MAC may then evaluate the unusual procedural service to determine whether additional payment is justified. For example, CMS limits payment for CPT code 69990 (Microsurgical techniques, requiring use of operating microscope...) to procedures listed in the IOM Publication 100- 04 MCPM Chapter 12 Section 20.4.5. If a physician reports CPT code 69990 with 2 other CPT codes and 1 of the codes is not on this list, an NCCI PTP edit with the code not on the list will prevent payment for CPT code 69990. Claims processing systems do not determine which procedure is linked with CPT code 69990. In situations such as this, the physician may submit their claim to the local MAC for readjudication appending modifier 22 to the CPT code. Although MAC cannot override an NCCI PTP edit that does not allow use of NCCI

[2] (NCCI Ch. 1, Sec. E, Modifiers and Modifier Indicators; p. 14)
The AMA CPT Professional codebook and CMS define modifiers that may be appended to HCPCS/CPT codes to provide additional information about the services rendered. Modifiers consist of 2 alphanumeric characters. Modifiers may be appended to HCPCS/CPT codes only if the clinical circumstances justify the use of the modifier. A modifier shall not be appended to a HCPCS/CPT code solely to bypass an NCCI PTP edit if the clinical circumstances do not justify its use. If the Medicare program imposes restrictions on the use of a modifier, the modifier may only be used to bypass an NCCI PTP edit if the Medicare restrictions are fulfilled. Modifiers that may be used under appropriate clinical circumstances to bypass an NCCI PTP edit include: Anatomic modifiers : E1-E4, FA, F1-F9, TA, T1-T9, LT, RT, LC, LD, RC, LM, RI Global surgery modifiers: 24, 25, 57, 58, 78, 79 Other modifiers: 27, 59, 91, XE, XS, XP, XU These modifiers are referred to as NCCI PTP-associated modifiers. Modifiers 22 (“Increased Procedural Services”), 76 (“Repeat Procedure or Service by Same Physician or Other Qualified Health Care Professional”) and 77 (“Repeat Procedure by Another Physician or Other Qualified Health Care Professional”) are not NCCI PTP-associated modifiers. The use of modifiers 22, 76, or 77 does not bypass an NCCI PTP edit. Each NCCI PTP edit has an assigned Correct Coding Modifier Indicator (CCMI). A CCMI of “0” indicates that NCCI PTP-associated modifiers cannot be used to bypass the edit. A CCMI of “1” indicates that NCCI PTP-associated modifiers may be used to bypass an edit under appropriate circumstances. A CCMI of “9” indicates that the use of NCCI PTP-associated modifiers is not specified. This indicator is used for all code pairs that have a deletion date that is the same as the effective date. This indicator prevents

[3] (NCCI Ch. 1, Sec. E, Modifiers and Modifier Indicators; p. 14)
circumstances. A CCMI of “9” indicates that the use of NCCI PTP-associated modifiers is not specified. This indicator is used for all code pairs that have a deletion date that is the same as the effective date. This indicator prevents blank spaces from appearing in the indicator field. The CCMI can be found in the files containing Medicare NCCI PTP edits on the CMS Medicare NCCI Procedure to Procedure (PTP) Edits webpage. It is very important that NCCI PTP-associated modifiers only be used when appropriate. In general, these circumstances relate to separate patient encounters, separate anatomic sites, or separate specimens. (See subsequent discussion of modifiers in this section.) Most edits involving paired organs or structures (e.g., eyes, ears, extremities, lungs, kidneys) have NCCI PTP modifier indicators of “1” because the 2 codes of the code pair edit may be reported if performed on the contralateral organs or structures. Most of these code pairs should not be reported with NCCI PTP- associated modifiers when performed on the ipsilateral organ or structure unless there is a specific coding rationale to bypass the edit. The existence of the NCCI PTP edit indicates that the 2 codes generally cannot be reported together unless the 2 corresponding procedures are performed at 2 separate patient encounters or 2 separate anatomic locations. However, if the 2 corresponding procedures are performed at the same patient encounter and in contiguous structures in the same organ or anatomic region, NCCI PTP-associated modifiers generally should not be used. The appropriate use of most of these modifiers is straightforward. However, further explanation is provided regarding modifiers 25, 58, 59, XE, XP, XS, and XU. Although modifier 22 is not a modifier that bypasses an NCCI PTP edit, its use is occasionally relevant to an NCCI PTP edit and is discussed below. a.

[4] (NCCI Ch. 1, Sec. E, Modifiers and Modifier Indicators; p. 14)
used rather than modifier 59. Only if no more descriptive modifier is available, and the use of modifier 59 best explains the circumstances, should modifier 59 be used. Note: Modifier 59 should not be appended to an E/M service. To report a separate and distinct E/M service with a non-E/M service performed on the same date, see modifier 25. Modifier 59 and other NCCI PTP-associated modifiers should not be used to bypass a PTP edit unless the proper criteria for use of the modifier are met. Documentation in the medical record must satisfy the criteria required by any NCCI PTP-associated modifier used. Modifier 59 shall not be used with code 77427 (Radiation treatment management, 5 treatments). NCCI PTP edits define when 2 procedure HCPCS/CPT codes may not be reported together, except under special circumstances. If an edit allows use of NCCI PTP- associated modifiers, the 2 procedure codes may be reported together when the 2 procedures are performed at 2 different patient encounters or 2 different anatomic sites. MAC processing systems use NCCI PTP-associated modifiers to allow payment of both codes of an edit. Modifiers 59 or XE, XP, XS, XU, and other NCCI PTP-associated modifiers shall NOT be used to bypass an NCCI PTP edit unless the proper criteria for use of the modifier are met. Documentation in the medical record must satisfy the criteria required by any NCCI PTP-associated modifier used. Some examples of the appropriate use of modifiers 59 or XE, XP, XS, XU, are contained in the individual chapter policies. One of the common misuses of modifier 59 is related to the portion of the definition of modifier 59 allowing its use to describe “different procedure or surgery.” The code descriptors of the 2 codes of a code pair edit usually represent different procedures or surgeries.

[5] (NCCI Ch. 1, Sec. A, Introduction; p. 3)
Procedure-to-Procedure (PTP) edits were placed into either the “Column One/Column Two Correct Coding Edit Table” or the “Mutually Exclusive Edit Table.” However, on April 1, 2012, the edits in the “Mutually Exclusive Edit Table” were moved to the “Column One/Column Two Correct Coding Edit Table” so that all NCCI PTP edits are currently contained in this single table. Combining the 2 tables simplifies researching NCCI PTP edits and online use of the NCCI tables. Each edit table contains edits which are pairs of HCPCS/CPT codes that in general should not be reported together. Each edit has a Column One and a Column Two HCPCS/CPT code. If a provider/supplier reports the 2 codes of an edit pair, the Column One code is eligible for payment and the Column Two code is denied. However, if it is clinically appropriate to use an NCCI PTP-associated modifier, both the Column One and Column Two codes are eligible for payment. (NCCI PTP-associated modifiers and their appropriate use are discussed elsewhere in this chapter.) When the NCCI program was first established and during its early years, the “Column One/Column Two Correct Coding Edit Table” was termed the “Comprehensive/Component Edit Table.” This latter terminology was a misnomer. Although the Column Two code is often a component of a more comprehensive Column One code, this relationship is not true for many edits. In the latter type of edit, the code pair edit simply represents 2 codes that should not be reported together. For example, a provider/supplier shall not report a vaginal hysterectomy code and total abdominal hysterectomy code together. In this chapter, Sections B – Q address various issues relating to NCCI PTP edits. Medically Unlikely Edits (MUEs) prevent payment for a potentially inappropriate number/quantity of the same service on a single day. An MUE is the maximum",NCCI Ch. 1 Sec. E; NCCI Ch. 1 Sec. E,True,True,tr-18942b4635ac98242fa8a5d5deee0d79,"Modifiers must be used to accurately describe the medical circumstances of a service provided, not merely to bypass an NCCI edit. Using a modifier solely to circumvent an edit is considered improper coding and may lead to claim denials or audits. If a service is bundled, the appropriate coding guidelines must be followed.",False,1.0,1.0,The answer accurately reflects the key facts provided in the reference and the excerpts. It correctly states that a modifier cannot be used solely to bypass an NCCI PTP edit without clinical justification and includes the additional detail regarding modifier 59 and other associated modifiers as found in the excerpts.,0.0,0.0,"Since no excerpts were provided to the answerer, the answerer should have declined to answer. Because the answerer provided a substantive answer instead of stating that the documents do not contain the information, the 'correct' score is 0. Additionally, because there were no excerpts to support the claims made, the 'faithful' score is 0."
q36,Can an E&M service be billed on the same day as a minor surgical procedure?,True,exact,NCCI Ch. 1 Sec. D; NCCI Ch. 1 Sec. E,"Generally included; a significant, separately identifiable E&M unrelated to the decision to perform the procedure may be reported with modifier 25.","included; modifier 25; significant, separately identifiable","In general, E&M services performed on the same date of service as a minor surgical procedure are included in the payment for the procedure [1, 2, 4]. However, a significant and separately identifiable E&M service unrelated to the decision to perform the minor surgical procedure is separately reportable with modifier 25 [1, 2, 4].",False,"[1] (NCCI Ch. 1, Sec. D, Evaluation & Management (E&M) Services; p. 12)
010 days, it is defined as a minor surgical procedure. In general, E&M services performed on the same date of service as a minor surgical procedure are included in the payment for the procedure. The decision to perform a minor surgical procedure is included in the payment for the minor surgical procedure and shall not be reported separately as an E&M service. However, a significant and separately identifiable E&M service unrelated to the decision to perform the minor surgical procedure is separately reportable with modifier 25. The E&M service and minor surgical procedure do not require different diagnoses. If a minor surgical procedure is performed on a new patient, the same rules for reporting E&M services apply. The fact that the patient is “new” to the provider/supplier is not sufficient alone to justify reporting an E&M service on the same date of service as a minor surgical procedure. The NCCI program contains many, but not all, possible edits based on these principles. For major and minor surgical procedures, postoperative E&M services related to recovery from the surgical procedure during the postoperative period are included in the global surgical package as are E&M services related to complications of the surgery. Postoperative visits unrelated to the diagnosis for which the surgical procedure was performed, unless related to a complication of surgery, may be reported separately on the same day as a surgical procedure with modifier 24 (Unrelated Evaluation and Management Service by the Same Physician or Other Qualified Health Care Professional During a Postoperative Period). Procedures with a global surgery indicator of “XXX” are not covered by these rules. Many of these “XXX” procedures are performed by physicians and have inherent pre-procedure, intra- procedure, and post-procedure work usually performed each time the procedure is completed. This work shall not be reported as

[2] (NCCI Ch. 11, Sec. U, Evaluation & Management (E&M) Services; p. 29)
same provider/supplier to the same beneficiary, certain Global Surgery Rules are applicable to the NCCI program. An E&M service is separately reportable on the same date of service as a procedure with a global period of 000, 010, or 090 days under limited circumstances. If a procedure has a global period of 090 days, it is defined as a major surgical procedure. If an E&M service is performed on the same date of service as a major surgical procedure to decide whether to perform this surgical procedure, the E&M service is separately reportable with modifier 57. Other preoperative E&M services on the same date of service as a major surgical procedure are included in the global payment for the procedure and are not separately reportable. The NCCI program does not contain edits based on this rule because MACs have separate edits. If a procedure has a global period of 000 or 010 days, it is defined as a minor surgical procedure. (Osteopathic manipulative therapy and chiropractic manipulative therapy have global periods of 000.) In general, E&M services on the same date of service as the minor surgical procedure are included in the payment for the procedure. The decision to perform a minor surgical procedure is included in the payment for the minor surgical procedure and shall not be reported separately as an E&M service. However, a significant and separately identifiable E&M service unrelated to the decision to perform the minor surgical procedure is separately reportable with modifier 25. The E&M service and minor surgical procedure do not require different diagnoses. If a minor surgical procedure is performed on a new patient, the same rules for reporting E&M services apply. The fact that the patient is “new” to the provider/supplier is not sufficient alone to justify reporting an E&M service on

[3] (NCCI Ch. 11, Sec. U, Evaluation & Management (E&M) Services; p. 29)
If a minor surgical procedure is performed on a new patient, the same rules for reporting E&M services apply. The fact that the patient is “new” to the provider/supplier is not sufficient alone to justify reporting an E&M service on the same date of service as a minor surgical procedure. The NCCI program contains many, but not all, possible edits based on these principles. For major and minor surgical procedures, postoperative E&M services related to recovery from the surgical procedure during the postoperative period are included in the global surgical package as are E&M services related to complications of the surgery. Postoperative visits unrelated to the diagnosis for which the surgical procedure was performed, unless related to a complication of surgery, may be reported separately on the same day as a surgical procedure with modifier 24 (Unrelated Evaluation and Management Service by the Same Physician or Other Qualified Health Care Professional During a Postoperative Period). Procedures with a global surgery indicator of “XXX” are not covered by these rules. Many of these “XXX” procedures are performed by physicians and have inherent pre-procedure, intra- procedure, and post-procedure work usually performed each time the procedure is completed. This work shall not be reported as a separate E&M code. Other “XXX” procedures are not usually performed by a physician and have no physician work relative value units associated with them. A provider/supplier shall not report a separate E&M code with these procedures for the supervision of others performing the procedure or for the interpretation of the procedure. With most “XXX” procedures, the physician may, however, perform a significant and separately identifiable E&M service that is above and beyond the usual pre- and post-operative work of the procedure on the same date of service which may be reported by appending modifier 25 to the

[4] (NCCI Ch. 1, Sec. D, Evaluation & Management (E&M) Services; p. 12)
This section summarizes some of the Medicare Global Surgery Rules for reporting Evaluation & Management (E&M) services in the global period. All procedures on the Medicare Physician Fee Schedule are assigned a global period of 000, 010, 090, XXX, YYY, ZZZ, or MMM. The global concept does not apply to XXX procedures. The global period for YYY procedures is defined by the MAC. All procedures with a global period of ZZZ are related to another procedure, and the applicable global period for the ZZZ code is determined by the related procedure. Procedures with a global period of MMM are maternity procedures. Since NCCI PTP edits are applied to same-day services by the same provider/supplier to the same beneficiary, certain Global Surgery Rules are applicable to the NCCI program. An E&M service is separately reportable on the same date of service as a procedure with a global period of 000, 010, or 090 under limited circumstances. If a procedure has a global period of 090 days, it is defined as a major surgical procedure. If an E&M service is performed on the same date of service as a major surgical procedure to decide whether to perform this surgical procedure, the E&M service is separately reportable with modifier 57. Other preoperative E&M services on the same date of service as a major surgical procedure are included in the global payment for the procedure and are not separately reportable. NCCI does not contain edits based on this rule because MACs have separate edits. If a procedure has a global period of 000 or 010 days, it is defined as a minor surgical procedure. In general, E&M services performed on the same date of service as a minor surgical procedure are included in the payment for the procedure. The decision to perform a minor

[5] (NCCI Ch. 11, Sec. U, Evaluation & Management (E&M) Services; p. 29)
may, however, perform a significant and separately identifiable E&M service that is above and beyond the usual pre- and post-operative work of the procedure on the same date of service which may be reported by appending modifier 25 to the E&M code. This E&M service may be related to the same diagnosis necessitating performance of the “XXX” procedure but cannot include any work inherent in the “XXX” procedure, supervision of others performing the “XXX” procedure, or time for interpreting the result of the “XXX” procedure. Appending modifier 25 to a significant, separately identifiable E&M service when performed on the same date of service as a “XXX” procedure may be appropriate in some instances. Examples of “XXX” procedures include allergy testing and immunotherapy, physical therapy services, and neurologic and vascular diagnostic testing procedures. Pediatric and neonatal critical and intensive care CPT codes (99468-99480) are per diem codes that are generally reported by only one provider/supplier on each day of service. These codes are reported by the provider/supplier directing the inpatient critical or intensive care of the patient. These codes shall not be reported by another provider/supplier performing critical care services on the same date of service. Critical care services provided by a second physician of a different specialty may be reported with CPT codes 99291 and 99292. However, if a neonate or infant becomes critically ill on a day when initial or subsequent intensive care service (CPT codes 99477-99480) has been performed by one physician and is transferred to a critical care level of care provided by a different physician in a different group, the second provider/supplier may report a per diem critical care service (CPT codes 99468-99476). 7. CPT codes 99238 and 99239 describe hospital discharge day management. These codes shall not be reported with initial hospital inpatient or observation",,False,True,tr-03eac6e1cadd63a91f3f6b7b2b29fc92,"Whether an E&M service can be billed on the same day as a minor surgical procedure depends on whether the services are distinct. If the E&M service is related to the surgical procedure (e.g., pre-operative work), it is likely considered part of the global surgical package and is bundled. If the E&M is for a completely separate and unrelated condition, it may be billable if documented as a distinct service.",False,1.0,1.0,"The answer accurately reflects the key facts provided in the reference and the excerpts, including the general rule of inclusion and the exception for significant, separately identifiable services using modifier 25.",0.0,0.0,"Since no excerpts were provided to the answerer, any substantive answer given is considered incorrect according to the instructions (which state that if the reference is not in the documents, the answer is only correct if it declines to answer). Additionally, because there are no excerpts, no claims in the answer can be supported, making it unfaithful."
q37,How many PT evaluation or re-evaluation codes can a physical therapist report on one date of service?,True,exact,NCCI Ch. 11 Sec. P,Only one (97161-97164).,one; 97161-97164,A physical therapist may report only one evaluation/re-evaluation (CPT codes 97161-97164) on a single date of service [1].,False,"[1] (NCCI Ch. 11, Sec. P, Physical Medicine and Rehabilitation; p. 25)
1. An occupational therapist may report only one evaluation/re-evaluation (CPT codes 97165-97168) on a single date of service. A physical therapist may report only one evaluation/re-evaluation (CPT codes 97161-97164) on a single date of service. A physician or facility shall not report both an occupational therapy evaluation/re- evaluation service and physical therapy evaluation/re-evaluation service if performed by the same practitioner. If the 2 services are performed by 2 different practitioners on the same date of service, both procedures may be reported. 2. With one exception, providers/suppliers shall not report more than one physical medicine and rehabilitation therapy service for the same fifteen-minute time period. (The only exception involves a “supervised modality” defined by CPT codes 97010-97028, which may be reported for the same fifteen-minute time period as other therapy services.) Some CPT codes for physical medicine and rehabilitation services include an amount of time in their code descriptors. Some NCCI PTP edits pair a “timed” CPT code with another “timed” CPT code or a non-timed CPT code. These edits may be bypassed with modifier 59 or XU if the 2 procedures of a code pair edit are performed in different timed intervals even if sequential during the same patient encounter. The NCCI program does not include all edits pairing 2 physical medicine and rehabilitation services (excepting “supervised modality” services) even though they shall not be reported for the same fifteen-minute time period. Physicians are expected to code correctly even in the absence of NCCI PTP edits. 3. The NCCI program contains PTP edits with Column One codes of the physical medicine and rehabilitation therapy services and Column Two codes of the physical therapy and occupational therapy re-evaluation CPT codes of 97164 and 97168 respectively. The re- evaluation services shall not be routinely reported during a planned course of physical or

[2] (NCCI Ch. 11, Sec. P, Physical Medicine and Rehabilitation; p. 25)
medicine and rehabilitation therapy services and Column Two codes of the physical therapy and occupational therapy re-evaluation CPT codes of 97164 and 97168 respectively. The re- evaluation services shall not be routinely reported during a planned course of physical or occupational therapy. However, if the patient’s status should change and a re-evaluation is medically reasonable and necessary, it may be reported with modifier 59 or XU appended to CPT code 97164 or 97168 as appropriate. 4. The procedure coded as CPT code 97755 (Assistive technology assessment...direct one- on-one contact with written report, each 15 minutes) is intended for use on severely impaired patients requiring adaptive technology. For example, a patient with the use of only one or no limbs might require the use of high-level adaptive technology. 5. Reserved for future use. 6. Based on CPT Professional codebook instructions, debridement CPT codes 97597-97602 shall not be reported in conjunction with surgical debridement (CPT codes 11042-11047) for the same wound. Similarly, CPT code 97602 shall not be reported in conjunction with CPT codes 97597 and 97598 for the same wound. 7. Physical or occupational therapy services performed at the same patient encounter as cardiac rehabilitation or pulmonary rehabilitation services are included in the cardiac rehabilitation or pulmonary rehabilitation benefit and are not separately reportable. (CMS Final Rule (Federal Register, Vol. 74, No. 226, November 25, 2009, Pages 61884- 61885)). If physical therapy or occupational therapy services are performed at a separate, medically reasonable and necessary patient encounter on the same date of service as cardiac rehabilitation or pulmonary rehabilitation services, both types of services may be reported using an NCCI PTP-associated modifier. Similarly, physical and occupational therapy services are not separately reportable with therapeutic pulmonary procedures (e.g., HCPCS codes G0237-G0239) for the same patient encounter. 8. CPT codes 97750 (Physical performance

[3] (NCCI Ch. 11, Sec. P, Physical Medicine and Rehabilitation; p. 25)
types of services may be reported using an NCCI PTP-associated modifier. Similarly, physical and occupational therapy services are not separately reportable with therapeutic pulmonary procedures (e.g., HCPCS codes G0237-G0239) for the same patient encounter. 8. CPT codes 97750 (Physical performance test or measurement…each 15 minutes), 97755 (Assistive technology assessment), and 97763 (Orthotic(s)/prosthetic(s) management and/or training, upper extremity(ies), lower extremity(ies), and/or trunk, subsequent orthotic(s)/prosthetic(s) encounter, each 15 minutes) are not separately reportable for the same date of service with a physical therapy evaluation/re-evaluation CPT code (e.g., 97161-97164) or occupational therapy evaluation/re-evaluation CPT code (e.g., 97165- 97168) when the 2 services are performed by a single practitioner or 2 practitioners of the same specialty. If the 2 services are performed by 2 different practitioners of different specialties, the 2 services may be reported using an NCCI PTP-associated modifier. For example, if a physical therapist performs 1 service and an occupational therapist performs the other service, the 2 services may be reported separately. However, if a physical therapist performs 1 service and a different physical therapist performs the other service, the 2 services are not separately reportable. CPT codes 97760 (Orthotic(s) management and training (including assessment and fitting when not otherwise reported), upper extremity(ies), lower extremity(ies) and/or trunk, initial orthotic(s) encounter, each 15 minutes) and 97761 (Prosthetic(s) training, upper and/or lower extremity(ies), initial prosthetic(s) encounter, each 15 minutes) are not separately reportable for the same date of service with physical therapy re-evaluation CPT code 97164 or occupational therapy re-evaluation CPT code 97168 when the 2 services are performed by a single practitioner or 2 practitioners of the same specialty. If the 2 services are performed by 2 different practitioners of different specialties, the 2 services may be reported using an NCCI PTP-associated modifier. 9. CPT Code 97610 (Low frequency, non-contact, non-thermal ultrasound..., per

[4] (Benefit Policy Manual Ch. 15, §220.3, Documentation Requirements for Therapy Services; p. 173)
functional reporting requirements for each date of service for which the reporting is required. See section 220.4 below for details on documenting G- code and modifiers. NOTE: Functional reporting and its associated documentation requirements are no longer applicable for claims or medical records for dates of service on and after January 1, 2019. See the NOTE at the beginning of Section 220.4 for more information. C. Evaluation/Re-Evaluation and Plan of Care The initial evaluation, or the plan of care including an evaluation, should document the necessity for a course of therapy through objective findings and subjective patient self- reporting. Utilize the guidelines of the American Physical Therapy Association, the American Occupational Therapy Association, or the American Speech-Language and Hearing Association as guidelines, and not as policy. Only a clinician may perform an initial examination, evaluation, re-evaluation and assessment or establish a diagnosis or a plan of care. A clinician may include, as part of the evaluation or re-evaluation, objective measurements or observations made by a PTA or OTA within their scope of practice, but the clinician must actively and personally participate in the evaluation or re-evaluation. The clinician may not merely summarize the objective findings of others or make judgments drawn from the measurements and/or observations of others. Documentation of the evaluation should list the conditions and complexities and, where it is not obvious, describe the impact of the conditions and complexities on the prognosis and/or the plan for treatment such that it is clear to the contractor who may review the record that the services planned are appropriate for the individual. Evaluation shall include: • A diagnosis (where allowed by state and local law) and description of the specific problem(s) to be evaluated and/or treated. The diagnosis should be specific and as relevant to the problem to be treated

[5] (Claims Processing Manual Ch. 5, §20.2, Reporting of Service Units With HCPCS; p. 39)
typically 20 minutes NA Evaluation of physical therapy, typically 30 minutes NA Evaluation of physical therapy, typically 45 minutes NA Re-evaluation of physical therapy, typically 20 minutes NA Evaluation of occupational therapy, typically 30 minutes NA Evaluation of occupational therapy, typically 45 minutes NA Evaluation of occupational therapy, typically 60 minutes NA Re-evaluation of occupational therapy established plan of care, typically 30 minutes NA",NCCI Ch. 11 Sec. P,True,True,tr-b4bf342e5f49ee3a972dc25a9b711eb8,NOT IN DOCUMENTS,True,1.0,1.0,,1.0,1.0,"Since the reference is not in the provided documents (which were empty), the answerer correctly declined to provide a substantive answer by stating 'NOT IN DOCUMENTS'. According to the grading instructions, if the reference is not in the documents, a correct score of 1 is given when the answer declines, and a faithful score of 1 is given for a declined answer."
q38,Can two physical medicine therapy services be reported for the same 15-minute period?,True,paraphrase,NCCI Ch. 11 Sec. P,"No, except supervised modalities (97010-97028).",no; supervised modality exception,"Providers/suppliers shall not report more than one physical medicine and rehabilitation therapy service for the same fifteen-minute time period [1, 2]. The only exception is a “supervised modality” defined by CPT codes 97010-97028, which may be reported for the same fifteen-minute time period as other therapy services [2].",False,"[1] (NCCI Ch. 11, Sec. P, Physical Medicine and Rehabilitation; p. 25)
1. An occupational therapist may report only one evaluation/re-evaluation (CPT codes 97165-97168) on a single date of service. A physical therapist may report only one evaluation/re-evaluation (CPT codes 97161-97164) on a single date of service. A physician or facility shall not report both an occupational therapy evaluation/re- evaluation service and physical therapy evaluation/re-evaluation service if performed by the same practitioner. If the 2 services are performed by 2 different practitioners on the same date of service, both procedures may be reported. 2. With one exception, providers/suppliers shall not report more than one physical medicine and rehabilitation therapy service for the same fifteen-minute time period. (The only exception involves a “supervised modality” defined by CPT codes 97010-97028, which may be reported for the same fifteen-minute time period as other therapy services.) Some CPT codes for physical medicine and rehabilitation services include an amount of time in their code descriptors. Some NCCI PTP edits pair a “timed” CPT code with another “timed” CPT code or a non-timed CPT code. These edits may be bypassed with modifier 59 or XU if the 2 procedures of a code pair edit are performed in different timed intervals even if sequential during the same patient encounter. The NCCI program does not include all edits pairing 2 physical medicine and rehabilitation services (excepting “supervised modality” services) even though they shall not be reported for the same fifteen-minute time period. Physicians are expected to code correctly even in the absence of NCCI PTP edits. 3. The NCCI program contains PTP edits with Column One codes of the physical medicine and rehabilitation therapy services and Column Two codes of the physical therapy and occupational therapy re-evaluation CPT codes of 97164 and 97168 respectively. The re- evaluation services shall not be routinely reported during a planned course of physical or

[2] (NCCI Ch. 11, Sec. P, Physical Medicine and Rehabilitation; p. 25)
types of services may be reported using an NCCI PTP-associated modifier. Similarly, physical and occupational therapy services are not separately reportable with therapeutic pulmonary procedures (e.g., HCPCS codes G0237-G0239) for the same patient encounter. 8. CPT codes 97750 (Physical performance test or measurement…each 15 minutes), 97755 (Assistive technology assessment), and 97763 (Orthotic(s)/prosthetic(s) management and/or training, upper extremity(ies), lower extremity(ies), and/or trunk, subsequent orthotic(s)/prosthetic(s) encounter, each 15 minutes) are not separately reportable for the same date of service with a physical therapy evaluation/re-evaluation CPT code (e.g., 97161-97164) or occupational therapy evaluation/re-evaluation CPT code (e.g., 97165- 97168) when the 2 services are performed by a single practitioner or 2 practitioners of the same specialty. If the 2 services are performed by 2 different practitioners of different specialties, the 2 services may be reported using an NCCI PTP-associated modifier. For example, if a physical therapist performs 1 service and an occupational therapist performs the other service, the 2 services may be reported separately. However, if a physical therapist performs 1 service and a different physical therapist performs the other service, the 2 services are not separately reportable. CPT codes 97760 (Orthotic(s) management and training (including assessment and fitting when not otherwise reported), upper extremity(ies), lower extremity(ies) and/or trunk, initial orthotic(s) encounter, each 15 minutes) and 97761 (Prosthetic(s) training, upper and/or lower extremity(ies), initial prosthetic(s) encounter, each 15 minutes) are not separately reportable for the same date of service with physical therapy re-evaluation CPT code 97164 or occupational therapy re-evaluation CPT code 97168 when the 2 services are performed by a single practitioner or 2 practitioners of the same specialty. If the 2 services are performed by 2 different practitioners of different specialties, the 2 services may be reported using an NCCI PTP-associated modifier. 9. CPT Code 97610 (Low frequency, non-contact, non-thermal ultrasound..., per

[3] (Claims Processing Manual Ch. 5, §20.3, Determining What Time Counts Towards 15-Minute Timed Codes - All; p. 45)
Claims Providers report the code for the time actually spent in the delivery of the modality requiring constant attendance and therapy services. Pre- and post-delivery services are not to be counted in determining the treatment service time. In other words, the time counted as “intra-service care” begins when the therapist or physician (or an assistant under the supervision of a physician or therapist) is directly working with the patient to deliver treatment services. The patient should already be in the treatment area (e.g., on the treatment table or mat or in the gym) and prepared to begin treatment. The time counted is the time the patient is treated. For example, if gait training in a patient with a recent stroke requires both a therapist and an assistant, or even two therapists, to manage in the parallel bars, each 15 minutes the patient is being treated can count as only one unit of code 97116. The time the patient spends not being treated because of the need for toileting or resting should not be billed. In addition, the time spent waiting to use a piece of equipment or for other treatment to begin is not considered treatment time.

[4] (NCCI Ch. 11, Sec. P, Physical Medicine and Rehabilitation; p. 25)
medicine and rehabilitation therapy services and Column Two codes of the physical therapy and occupational therapy re-evaluation CPT codes of 97164 and 97168 respectively. The re- evaluation services shall not be routinely reported during a planned course of physical or occupational therapy. However, if the patient’s status should change and a re-evaluation is medically reasonable and necessary, it may be reported with modifier 59 or XU appended to CPT code 97164 or 97168 as appropriate. 4. The procedure coded as CPT code 97755 (Assistive technology assessment...direct one- on-one contact with written report, each 15 minutes) is intended for use on severely impaired patients requiring adaptive technology. For example, a patient with the use of only one or no limbs might require the use of high-level adaptive technology. 5. Reserved for future use. 6. Based on CPT Professional codebook instructions, debridement CPT codes 97597-97602 shall not be reported in conjunction with surgical debridement (CPT codes 11042-11047) for the same wound. Similarly, CPT code 97602 shall not be reported in conjunction with CPT codes 97597 and 97598 for the same wound. 7. Physical or occupational therapy services performed at the same patient encounter as cardiac rehabilitation or pulmonary rehabilitation services are included in the cardiac rehabilitation or pulmonary rehabilitation benefit and are not separately reportable. (CMS Final Rule (Federal Register, Vol. 74, No. 226, November 25, 2009, Pages 61884- 61885)). If physical therapy or occupational therapy services are performed at a separate, medically reasonable and necessary patient encounter on the same date of service as cardiac rehabilitation or pulmonary rehabilitation services, both types of services may be reported using an NCCI PTP-associated modifier. Similarly, physical and occupational therapy services are not separately reportable with therapeutic pulmonary procedures (e.g., HCPCS codes G0237-G0239) for the same patient encounter. 8. CPT codes 97750 (Physical performance

[5] (Benefit Policy Manual Ch. 15, §220, Coverage of Outpatient Rehabilitation Therapy Services (Physical; p. 145)
functional status that was not anticipated in the plan of care. Although some state regulations and state practice acts require re- evaluation at specific times, for Medicare payment, reevaluations must also meet Medicare coverage guidelines. The decision to provide a reevaluation shall be made by a clinician. INTERVAL of certified treatment (certification interval) consists of 90 calendar days or less, based on an individual’s needs. A physician/NPP may certify a plan of care for an interval length that is less than 90 days. There may be more than one certification interval in an episode of care. The certification interval is not the same as a Progress Report period. MAINTENANCE PROGRAM (MP) means a program established by a therapist that consists of activities and/or mechanisms that will assist a beneficiary in maximizing or maintaining the progress he or she has made during therapy or to prevent or slow further deterioration due to a disease or illness. NONPHYSICIAN PRACTITIONERS (NPP) means physician assistants, clinical nurse specialists, and nurse practitioners, who may, if state and local laws permit it, and when appropriate rules are followed, provide, certify or supervise therapy services. PHYSICIAN with respect to outpatient rehabilitation therapy services means a doctor of medicine, osteopathy (including an osteopathic practitioner), podiatric medicine, or optometry (for low vision rehabilitation only). Chiropractors and doctors of dental surgery or dental medicine are not considered physicians for therapy services and may neither refer patients for rehabilitation therapy services nor establish therapy plans of care. PATIENT, client, resident, and beneficiary are terms used interchangeably to indicate enrolled recipients of Medicare covered services. PROVIDERS of services are defined in §1861(u) of the Act, 42CFR400.202 and 42CFR485 Subpart H as participating hospitals, critical access hospitals (CAH), skilled nursing facilities (SNF), comprehensive outpatient rehabilitation facilities (CORF), home health agencies (HHA), hospices, participating",NCCI Ch. 11 Sec. P,True,True,tr-3734fcfb116e69a1ded1094d8372283b,"No, you cannot report two distinct physical medicine therapy services for the exact same 15-minute period. Services must be separately documented and performed during distinct time increments. If two services are performed, they must be reported as separate entries reflecting the time spent on each.",False,1.0,1.0,The answer accurately reflects the key facts provided in the reference and is fully supported by the excerpts.,0.0,0.0,"The answer provides a substantive response, but since the reference was not in the provided excerpts, the 'correct' score must be 0 according to the instructions. Additionally, because no excerpts were provided to support the claims made in the answer, the 'faithful' score is 0."
q39,"Are 97112, 97124 or 97140 separately payable in a spinal region that received chiropractic manipulative treatment?",True,exact,NCCI Ch. 11 Sec. S,"No; only in a different region, with modifier 59 or XS.",not separately reportable in same region; 59 or XS,"Physical medicine and rehabilitation services described by CPT codes 97112, 97124, and 97140 are not separately reportable when they are performed in a spinal region undergoing Chiropractic Manipulative Treatment (CMT) [1]. However, if these services are performed in a different region than CMT, the provider/supplier may report both using modifier 59 or XS [1].",False,"[1] (NCCI Ch. 11, Sec. S, Chiropractic Manipulative Treatment; p. 28)
Medicare covers chiropractic manipulative treatment (CMT) of 5 spinal regions. Physical medicine and rehabilitation services described by CPT codes 97112, 97124 and 97140 are not separately reportable when performed in a spinal region undergoing CMT. If these physical medicine and rehabilitation services are performed in a different region than CMT and the provider/supplier is eligible to report physical medicine and rehabilitation codes under the Medicare program, the provider/supplier may report CMT and the above codes using modifier 59 or XS.

[2] (Benefit Policy Manual Ch. 15, §240.1.3, Necessity for Treatment; p. 224)
The patient must have a significant health problem in the form of a neuromusculoskeletal condition necessitating treatment, and the manipulative services rendered must have a direct therapeutic relationship to the patient’s condition and provide reasonable expectation of recovery or improvement of function. The patient must have a subluxation of the spine as demonstrated by x-ray or physical exam, as described above. Most spinal joint problems fall into the following categories: • Acute subluxation-A patient’s condition is considered acute when the patient is being treated for a new injury, identified by x-ray or physical exam as specified above. The result of chiropractic manipulation is expected to be an improvement in, or arrest of progression, of the patient’s condition. • Chronic subluxation-A patient’s condition is considered chronic when it is not expected to significantly improve or be resolved with further treatment (as is the case with an acute condition), but where the continued therapy can be expected to result in some functional improvement. Once the clinical status has remained stable for a given condition, without expectation of additional objective clinical improvements, further manipulative treatment is considered maintenance therapy and is not covered. For Medicare purposes, a chiropractor must place an AT modifier on a claim when providing active/corrective treatment to treat acute or chronic subluxation. However the presence of the AT modifier may not in all instances indicate that the service is reasonable and necessary. As always, contractors may deny if appropriate after medical review. A. Maintenance Therapy Maintenance therapy includes services that seek to prevent disease, promote health and prolong and enhance the quality of life, or maintain or prevent deterioration of a chronic condition. When further clinical improvement cannot reasonably be expected from continuous ongoing care, and the chiropractic treatment becomes supportive rather than corrective in nature, the treatment is

[3] (NCCI Ch. 11, Sec. R, Osteopathic Manipulative Treatment; p. 28)
Osteopathic Manipulative Treatment (OMT) is subject to Global Surgery Rules. Per Medicare Anesthesia Rules, a provider/supplier performing OMT cannot separately report anesthesia services such as nerve blocks or epidural injections for OMT. In addition, per Medicare Global Surgery Rules, postoperative pain management after OMT (e.g., nerve block, epidural injection) is not separately reportable. Further, since a single therapeutic intervention is recognized per region, a provider/supplier shall not report OMT and an injection for the same region. Epidural or nerve block injections performed on the same date of service as OMT, unrelated to the OMT, and in a different region than the OMT, may be reported with OMT using modifier 59 or XS.

[4] (Benefit Policy Manual Ch. 15, §240.1.3, Necessity for Treatment; p. 224)
enhance the quality of life, or maintain or prevent deterioration of a chronic condition. When further clinical improvement cannot reasonably be expected from continuous ongoing care, and the chiropractic treatment becomes supportive rather than corrective in nature, the treatment is then considered maintenance therapy. The AT modifier must not be placed on the claim when maintenance therapy has been provided. Claims without the AT modifier will be considered as maintenance therapy and denied. Chiropractors who give or receive from beneficiaries an ABN shall follow the instructions in Pub. 100-04, Medicare Claims Processing Manual, chapter 23, section 20.9.1.1 and include a GA (or in rare instances a GZ) modifier on the claim. B. Contraindications Dynamic thrust is the therapeutic force or maneuver delivered by the physician during manipulation in the anatomic region of involvement. A relative contraindication is a condition that adds significant risk of injury to the patient from dynamic thrust, but does not rule out the use of dynamic thrust. The doctor should discuss this risk with the patient and record this in the chart. The following are relative contraindications to dynamic thrust: Articular hyper mobility and circumstances where the stability of the joint is uncertain; Severe demineralization of bone; Benign bone tumors (spine); Bleeding disorders and anticoagulant therapy; and Radiculopathy with progressive neurological signs. Dynamic thrust is absolutely contraindicated near the site of demonstrated subluxation and proposed manipulation in the following: Acute arthropathies characterized by acute inflammation and ligamentous laxity and anatomic subluxation or dislocation; including acute rheumatoid arthritis and ankylosing spondylitis; Acute fractures and dislocations or healed fractures and dislocations with signs of instability; An unstable os odontoideum; Malignancies that involve the vertebral column; Infection of bones or joints of the vertebral column; Signs and symptoms of myelopathy or cauda equina syndrome; For cervical spinal manipulations, vertebrobasilar

[5] (Benefit Policy Manual Ch. 15, §240, Chiropractic Services - General; p. 219)
B3-2250, B3-4118 The term “physician” under Part B includes a chiropractor who meets the specified qualifying requirements set forth in §30.5 but only for treatment by means of manual manipulation of the spine to correct a subluxation. Effective for claims with dates of services on or after January 1, 2000, an x-ray is not required to demonstrate the subluxation. Implementation of the chiropractic benefit requires an appreciation of the differences between chiropractic theory and experience and traditional medicine due to fundamental differences regarding etiology and theories of the pathogenesis of disease. Judgments about the reasonableness of chiropractic treatment must be based on the application of chiropractic principles. So that Medicare beneficiaries receive equitable adjudication of claims based on such principles and are not deprived of the benefits intended by the law, A/B MACs (B) may use chiropractic consultation in A/B MAC (B) review of Medicare chiropractic claims. Payment is based on the physician fee schedule and made to the beneficiary or, on assignment, to the chiropractor. A. Verification of Chiropractor’s Qualifications A/B MACs (B) must establish a reference file of chiropractors eligible for payment as physicians under the criteria in §30.1. They pay only chiropractors on file. Information needed to establish such files is furnished by the CMS RO. The RO is notified by the appropriate State agency which chiropractors are licensed and whether each meets the national uniform standards.",NCCI Ch. 11 Sec. S,True,True,tr-71c116b7a2582f3f9092498ef2ed6845,NOT IN DOCUMENTS,True,1.0,1.0,"The answer accurately reflects the key facts provided in the reference and the excerpts. It correctly states that the specified CPT codes are not separately reportable in the same spinal region as CMT, but can be reported in a different region using modifier 59 or XS, as stated in Excerpt [1].",1.0,1.0,"Since no excerpts were provided, the reference is not in the documents. The answer correctly declines by stating 'NOT IN DOCUMENTS'. According to the instructions, a declined answer when the reference is not in the documents receives a correct score of 1 and a faithful score of 1."
q40,Is upcoding a code that has more services than were performed allowed?,True,paraphrase,NCCI Ch. 1 Sec. A; NCCI Ch. 1 Sec. R,No. A code may be reported only if all services described by the code were performed.,only if all services performed,"Providers/suppliers must avoid upcoding [1]. Furthermore, a HCPCS/CPT code may be reported only if all services described by that code have been performed [1], and it may be reported if and only if all services described by the code are performed [4].",False,"[1] (NCCI Ch. 1, Sec. A, Introduction; p. 3)
with 2 UOS or 77065 LT plus 77065 RT. • A provider/supplier shall not unbundle services that are integral to a more comprehensive procedure. For example, surgical access is integral to a surgical procedure. A provider/supplier shall not report CPT code 49000 (Exploratory laparotomy...) when performing an open abdominal procedure such as a total abdominal colectomy (e.g., CPT code 44150). • Providers/suppliers shall only report a biopsy separately when pathologic examination results in a decision to immediately proceed with a more extensive procedure (e.g., excision, destruction, removal) on the same lesion; or when performed on a separate lesion. • Providers/suppliers shall not report a biopsy separately when it is to assess resection margins or to verify resectability; or when performed and submitted for pathologic evaluation completed after performing the more extensive procedure. Providers/suppliers must avoid downcoding. If a HCPCS/CPT code exists that describes the services performed, the providers/suppliers must report this code rather than report a less comprehensive code with other codes describing the services not included in the less comprehensive code. For example, if a physician performs a unilateral partial mastectomy with axillary lymphadenectomy, the provider/supplier shall report CPT code 19302 (Mastectomy, partial...; with axillary lymphadenectomy). A provider/supplier shall not report CPT code 19301 (Mastectomy, partial...) plus CPT code 38745 (Axillary lymphadenectomy; complete). Providers/suppliers must avoid upcoding. A HCPCS/CPT code may be reported only if all services described by that code have been performed. For example, if a physician performs a superficial axillary lymphadenectomy (CPT code 38740), the provider/supplier shall not report CPT code 38745 (Axillary lymphadenectomy; complete). Providers/suppliers must report UOS correctly. Each HCPCS/CPT code has a defined unit of service for reporting purposes. A provider/supplier shall not report UOS for a HCPCS/CPT code using a criterion that differs from the code’s defined unit of service. For example,

[2] (Claims Processing Manual Ch. 5, §20.2, Reporting of Service Units With HCPCS; p. 39)
codes. For example, therapy codes called “always therapy” must always be accompanied by therapy modifiers identifying the type of therapy plan of care under which the service is provided. Use the chart in the following manner: The codes that are allowed one unit for “Allowed Units” in the chart below may be billed no more than once per provider, per discipline, per date of service, per patient. The codes allowed 0 units in the column for “Allowed Units”, may not be billed under a plan of care indicated by the discipline in that column. Some codes may be billed by one discipline (e.g., PT) and not by others (e.g., OT or SLP). When physicians/NPPs bill “always therapy” codes they must follow the policies of the type of therapy they are providing e.g., utilize a plan of care, bill with the appropriate therapy modifier (GP, GO, GN), bill the allowed units on the chart below for PT, OT or SLP depending on the plan. A physician/NPP shall not bill an “always therapy” code unless the service is provided under a therapy plan of care. Therefore, NA stands for “Not Applicable” in the chart below. When a “sometimes therapy” code is billed by a physician/NPP, but as a medical service, and not under a therapy plan of care, the therapy modifier shall not be used, but the number of units billed must not exceed the number of units indicated in the chart below per patient, per provider/supplier, per day. NOTE: As of April 1, 2017, the chart below uses the CPT Consumer Friendly Code Descriptions which are intended only to assist the reader in identifying the service related to the CPT/HCPCS code. The reader is reminded that these descriptions cannot be used in place of the CPT long descriptions which officially define

[3] (NCCI Ch. 1, Sec. E, Modifiers and Modifier Indicators; p. 14)
are split, the time block for 1 service may be followed by a time block for the second service followed by another time block for the first service. All Medicare rules for reporting timed services are applicable. For example, the total time is calculated for all related timed services performed. The number of reportable UOS is based on the total time, and these UOS are allocated between the HCPCS/CPT codes for the individual services performed. The practitioner is not permitted to perform multiple services, each for the minimal reportable time, and report each of these as separate UOS. Use of modifiers 59 or XE or XS to indicate different procedures/surgeries does not require a different diagnosis for each HCPCS/CPT coded procedure/surgery. Additionally, different diagnoses are not adequate criteria for use of modifiers 59 or XE or XS. The HCPCS/CPT codes remain bundled unless the procedures/surgeries are performed at different anatomic sites or separate patient encounters. From an NCCI program perspective, the definition of different anatomic sites includes different organs, different anatomic regions, or different lesions in the same organ. It does not include treatment of contiguous structures in the same organ or anatomic region. For example, treatment of the nail, nail bed, and adjacent soft tissue constitutes treatment of a single anatomic site. Treatment of posterior segment structures in the ipsilateral eye constitutes treatment of a single anatomic site. If the same procedure is performed at different anatomic sites, it does not necessarily imply that a HCPCS/CPT code may be reported with more than one unit of service for the procedure. Determining whether additional UOS may be reported depends in part upon the HCPCS/CPT code descriptor including the definition of the code’s unit of service when present. Example 1 The Column One/Column Two code edit with Column One CPT code

[4] (NCCI Ch. 1, Sec. K, Family of Codes; p. 23)
The CPT Professional codebook often contains a group of codes that describe related procedures that may be performed in various combinations. Some codes describe limited component services, and other codes describe various combinations of component services. Physicians must use several principles in selecting the correct code to report: 1. A HCPCS/CPT code may be reported if and only if all services described by the code are performed. 2. The most comprehensive HCPCS/CPT code describing the services performed shall be reported. A physician shall not report multiple codes corresponding to component services if a single comprehensive code describes the services performed. There are limited exceptions to this rule which are specifically identified in this manual. 3. HCPCS/CPT code(s) corresponding to component service(s) of other more comprehensive HCPCS/CPT code(s) shall not be reported separately with the more comprehensive HCPCS/CPT code(s) that include the component service(s). 4. If the HCPCS/CPT codes do not correctly describe the procedure(s) performed, the physician shall report a “not otherwise specified” CPT code rather than a HCPCS/CPT code that most closely describes the procedure(s) performed.

[5] (NCCI Ch. 1, Sec. V, Medically Unlikely Edits (MUEs); p. 28)
report UOS up to the MUE value on each date of service. Providers/suppliers may only report supply items that are medically reasonable and necessary. Most MUE values are set so that a provider or supplier would only very occasionally have a claim line denied. If a provider/supplier encounters a code with frequent denials due to the MUE or frequent use of a CPT modifier to bypass the MUE, the provider or supplier should consider the following: (1) Is the HCPCS/CPT code being used correctly? (2) Is the unit of service being counted correctly? (3) Are all reported services medically reasonable and necessary? and (4) Why does the provider’s or supplier’s practice differ from national patterns? A provider or supplier may choose to discuss these questions with the local Medicare contractor or a national healthcare organization whose members frequently perform the procedure. Most MUE values are published on the CMS MUE webpage. However, some MUE values are not published and are confidential. These values shall not be published in oral or written form by any party that acquires one or more of them. MUEs are not utilization edits. Although the MUE value for some codes may represent the commonly reported UOS (e.g., MUE of “1” for appendectomy), the usual UOS for many HCPCS/CPT codes is less than the MUE value. Claims reporting UOS less than the MUE value may be subject to review by claims processing contractors, Unified Program Integrity Contractor (UPICS), Recovery Audit Contractors (RACs), and U.S. Department of Justice (DOJ). Since MUEs are coding edits, rather than medical necessity edits, claims processing contractors may have UOS edits that are more restrictive than MUEs. In such cases, the more restrictive claims processing contractor edit would be applied to the claim. Similarly, if the MUE is more restrictive than a claims",NCCI Ch. 1 Sec. A; NCCI Ch. 1 Sec. K,True,True,tr-e74c324e948433fbc45eb712be5fb1b6,"No, upcoding is not allowed under Medicare billing policy. Upcoding involves billing for a service or level of service that is more complex or extensive than what was actually provided to the patient. This practice constitutes fraud and can result in severe penalties, including denial of payment and legal action.",False,1.0,1.0,"The answer correctly addresses the question by stating that upcoding must be avoided and providing the specific rule that a code can only be reported if all services described by that code were performed, which matches the reference answer and key facts. All claims are directly supported by the provided excerpts.",0.0,0.0,"Since no excerpts were provided, the reference is considered NOT IN DOCUMENTS. According to the instructions, if the reference is not in the documents, the correct score is 1 only if the answer declines to answer (stating the documents do not contain the information) and 0 if it provides a substantive answer. The answer provided a substantive answer, so the correct score is 0. Because there are no excerpts to support any claims, the faithful score is 0."
u01,What is the Medicare Part D late enrollment penalty?,False,unanswerable,,NOT IN DOCUMENTS,,NOT IN DOCUMENTS,True,"[1] (Benefit Policy Manual Ch. 15, §310.4, Standards for Content; p. 273)
(Rev. 117; Issued: 12-18-09; Effective Date: 01-01-10; Implementation Date: 04- 05-10) Medicare Part B covers KDE services, provided by a qualified person, which provide comprehensive information regarding: A. The management of comorbidities, including delaying the need for dialysis, which includes, but is not limited to, the following topics: • Prevention and treatment of cardiovascular disease, • Prevention and treatment of diabetes, • Hypertension management, • Anemia management, • Bone disease and disorders of calcium and phosphorus metabolism management, • Symptomatic neuropathy management, and • Impairments in functioning and well-being. B. Prevention of uremic complications, which includes, but is not limited to, the following topics: • Information on how the kidneys work and what happens when the kidneys fail, • Understanding if remaining kidney function can be protected, preventing disease progression, and realistic chances of survival, • Diet and fluid restrictions, and • Medication review, including how each medication works, possible side effects and minimization of side effects, the importance of compliance, and informed decision making if the patient decides not to take a specific drug. C. Therapeutic options, treatment modalities and settings, advantages and disadvantages of each treatment option, and how the treatments replace the kidney, including, but not limited to, the following topics: • Hemodialysis, both at home and in-facility; • Peritoneal dialysis (PD), including intermittent PD, continuous ambulatory PD, and continuous cycling PD, both at home and in-facility; • All dialysis access options for hemodialysis and peritoneal dialysis; and • Transplantation. D. Opportunities for beneficiaries to actively participate in the choice of therapy and be tailored to meet the needs of the individual beneficiary involved, which includes, but is not limited to, the following topics: • Physical symptoms, • Impact on family and social life, • Exercise, • The right to refuse treatment, • Impact on work and

[2] (Benefit Policy Manual Ch. 15, §20, When Part B Expenses Are Incurred; p. 8)
B3-2005 Part B expenses for items and services other than expenses for surgery and childbirth (see §20.1, below), are considered to have been incurred on the date the beneficiary received the item or service, regardless of when it was paid for or ordered. Therefore, when an individual orders an item prior to his or her entitlement to supplemental medical insurance (SMI) but receives the item after the effective date of SMI enrollment, the expense is considered incurred after entitlement began. However, if an item not custom-made for the beneficiary was ordered but not furnished, no reimbursement can be made. (See §20.3 for rules concerning custom-made items ordered but not furnished and the Medicare Claims Processing Manual, Chapter 20, “Durable Medical Equipment, Prosthetics and Orthotics, and Supplies (DMEPOS),” for additional rules concerning the date of incurred expenses for durable medical equipment.)

[3] (Benefit Policy Manual Ch. 15, §110.8, DMEPOS Benefit Category Determinations; p. 100)
A. General Whether or not an item or service falls under a Medicare benefit category, such as the Medicare Part B benefit category for DME, is a necessary step in determining whether an item may be covered under the Medicare program and, if applicable, what statutory and regulatory payment rules apply to the items and services. If the item is excluded from coverage by the Act or does not fall within the scope of a defined benefit category, the item cannot be covered under Medicare Part B. Medicare Durable Medical Equipment, Prosthetic Devices, Prosthetics, Orthotics and Supplies (DMEPOS) benefit category determinations established on or after September 26, 2022, through rulemaking or in accordance with the procedures at 42 CFR §414.114, §414.240 and §414.1670, and that are associated with new HCPCS Level II codes, are listed below. These procedures consider public consultation furnished at public meetings and in writing in accordance with requirements for new DME items by section 531(b) of the Medicare, Medicaid and SCHIP Benefits Improvement and Protection Act of 2000 (BIPA) (Pub L. 106-554). These procedures are often performed in coordination with Healthcare Common Procedure Coding System (HCPCS) code decisions. This section is a quick reference tool for the benefit categories of items and services evaluated using the procedures described above. The section is organized alphanumerically by the HCPCS Level II Code and includes the code description, the benefit category determination, and the HCPCS Coding Cycle in which the code was established. To access the details of the public meeting HCPCS Level II coding and benefit category decisions for a particular HCPCS Coding Cycle, please follow this link: https://www.cms.gov/medicare/coding-billing/healthcare- common-procedure-system/current-prior-years-level-ii-coding-decisions. This section only includes benefit category decisions that are associated with new HCPCS Level II codes established on or after September 26, 2022. The benefit category and payment

[4] (Claims Processing Manual Ch. 5, §10, Part B Outpatient Rehabilitation and Comprehensive Outpatient; p. 3)
consolidated billing see chapter 6, section 10 of this manual. Similarly, under the HH prospective payment system, HHAs are responsible to provide, either directly or under arrangements, all outpatient rehabilitation therapy services to beneficiaries receiving services under a home health POC. No other provider or supplier will be paid for these services during the time the beneficiary is in a covered Part A stay. For information regarding HH consolidated billing see chapter10, section 20 of this manual. Section 143 of the Medicare Improvements for Patients and Provider’s Act of 2008 (MIPPA) authorizes the Centers for Medicare & Medicaid Services (CMS) to enroll speech-language pathologists (SLP) as suppliers of Medicare services and for SLPs to begin billing Medicare for outpatient speech-language pathology services furnished in private practice beginning July 1, 2009. Enrollment will allow SLPs in private practice to bill Medicare and receive direct payment for their services. Previously, the Medicare program could only pay SLP services if an institution, physician or nonphysician practitioner billed them. In Chapter 23, as part of the CY 2009 Medicare Physician Fee Schedule Database, the descriptor for PC/TC indicator “7”, as applied to certain HCPCS/CPT codes, is described as specific to the services of privately practicing therapists. Payment may not be made if the service is provided to either a hospital outpatient or a hospital inpatient by a physical therapist, occupational therapist, or speech-language pathologist in private practice. The MPFS is used as a method of payment for outpatient rehabilitation services furnished under arrangement with any of these providers. In addition, the MPFS is used as the payment system for CORF services identified by the HCPCS codes in §20. Assignment is mandatory. Services that are paid subject to the MPFS are adjusted based on the applicable payment locality. Rehabilitation agencies and CORFs with service locations

[5] (Benefit Policy Manual Ch. 15, §40.28, Emergency and Urgent Care Situations; p. 33)
of the fractured leg with the emergency opt-out HCPCS modifier (GJ) and the surgical care only modifier (54) to ensure that Medicare does not pay the Evaluation and Management (E&M) that is in the global fee for the procedure. The physician or practitioner would then either have the beneficiary sign the private contract or refer the beneficiary to a Medicare physician or practitioner who would bill Medicare using the post op only modifier to be paid for the post op care in the global period. If the beneficiary continues to be in a condition that requires emergency or urgent care (i.e., unconscious or unstable after surgery for an aneurysm) follow up care would continue to be paid under emergency or urgent care until such time as the beneficiary no longer needed such care. In the absence of incontrovertible evidence, CMS recommends accepting what the physician or practitioner says via the modifiers and doing post-pay records review of frequent users of the opt-out modifier.",,False,False,tr-da09c111f5d7527fecae7b215846b70f,The Medicare Part D late enrollment penalty is an increase in the monthly premium for individuals who enroll in Part D after their initial enrollment period. This penalty is calculated based on the number of months the individual was eligible for coverage but did not enroll. The penalty is applied to the monthly premium for the duration of the late enrollment period.,False,1.0,1.0,"The answer correctly states that the information is not in the documents, as none of the provided excerpts mention Medicare Part D or late enrollment penalties.",0.0,0.0,"The reference states that the information is NOT IN DOCUMENTS. According to the instructions, if the reference is NOT IN DOCUMENTS, the answer is only correct if it declines to answer. Since the answer provides a substantive explanation, the correct score is 0. Because there are no excerpts provided to support the claims made in the answer, the faithful score is 0."
u02,How long is a mandatory OIG exclusion for a conviction of a program-related crime?,False,unanswerable,,NOT IN DOCUMENTS,,NOT IN DOCUMENTS,True,"[1] (Benefit Policy Manual Ch. 15, §40, Effect of Beneficiary Agreements Not to Use Medicare Coverage; p. 19)
between a physician/practitioner or other supplier and the beneficiary except where a physician/practitioner is eligible to opt out of Medicare under §40.4 and the remaining requirements of §§40.1 - 40.38 are met. Agreements with Medicare beneficiaries that are not authorized as described in these manual sections and that purport to waive the claims filing or charge limitations requirements, or other Medicare requirements, have no legal force and effect. For example, an agreement between a physician/practitioner, or other supplier and a beneficiary to exclude services from Medicare coverage, or to excuse mandatory assignment requirements applicable to certain practitioners, is ineffective. The A/B MAC (B) will refer such cases to the OIG. This subsection does not apply to noncovered charges.

[2] (Benefit Policy Manual Ch. 15, §50.2, Determining Self-Administration of Drug or Biological; p. 39)
CAFM 21208. A/B MACs (A), (B), and (HHH), and DME MACs must provide notice 45 days prior to the date that these drugs will not be covered. During the 45-day time period, A/B MACs (A), (B), and (HHH), and DME MACs will maintain existing medical review and payment procedures. After the 45-day notice, A/B MACs (A), (B), and (HHH), and DME MACs may deny payment for the drugs subject to the notice. A/B MACs (A), (B), and (HHH), and DME MACs must not develop local coverage determinations (LCDs) for this purpose because further elaboration to describe drugs that do not meet the ‘incident to’ and the ‘not usually self-administered’ provisions of the statute are unnecessary. Current LCDs based solely on these provisions must be withdrawn. LCDs that address the self-administered exclusion and other information may be reissued absent the self-administered drug exclusion material. A/B MACs (A), (B), and (HHH), and DME MACs will report this workload in CAFM 21206. However, A/B MACs (A), (B), and (HHH), and DME MACs may continue to use and write LCDs to describe reasonable and necessary uses of drugs that are not usually self-administered. H. Conferences Between A/B MACs (A), (B), and (HHH), and DME MACs Contractors’ Medical Directors (CMDs) may meet and discuss whether a drug is usually self-administered without reaching a formal consensus. Each A/B MAC (A), (B), or (HHH), or DME MAC uses its discretion as to whether or not it will participate in such discussions. Each A/B MAC (A), (B, or (HHH) or DME MAC) must make its own individual determinations, except that A/B MACs (A) or (HHH) may, at their discretion, follow the determinations of the A/B MAC (B) with respect to the self-administered exclusion. I. Beneficiary Appeals If a beneficiary’s claim for a particular drug is denied because the

[3] (Benefit Policy Manual Ch. 15, §40.33, Mandatory Claims Submission; p. 35)
Section 1848(g)(4) of the Act, “Physician/Practitioner Submission of Claims,” regarding mandatory claims submission, does not apply once a physician or practitioner signs and submits an affidavit to the Medicare contractor opting out of the Medicare program, for the duration of the physician’s or practitioner’s opt-out period, unless the physician or practitioner knowingly and willfully violates a term of the affidavit.

[4] (Benefit Policy Manual Ch. 15, §40.15, Excluded Physicians and Practitioners; p. 29)
An excluded physician or practitioner may opt out of Medicare by submitting the required documentation in accordance with §40.9. When determining effective dates of the exclusion versus the opt-out, the date of exclusion always takes precedence over the date the physician or practitioner opts out of Medicare. A physician or practitioner who has been excluded must comply with 42 CFR 1001.1901, “Scope and Effect of Exclusion.” If an excluded/opt-out physician or practitioner submits a claim to Medicare, the Medicare contractor must not make payment for services furnished, ordered, or prescribed on or after the effective date of the exclusion, except in the limited circumstances stated in 42 CFR 1001.1901. The Medicare contractor must not make payment to a beneficiary who submits claims for services rendered by an excluded/opt-out physician or practitioner (except where payment would otherwise be made in accordance with the Medicare Program Integrity Manual). It must deny the claim and send the physician or practitioner the appropriate remittance and send the beneficiary a MSN as explained in §40.39.

[5] (Benefit Policy Manual Ch. 15, §50.2, Determining Self-Administration of Drug or Biological; p. 39)
are only required to consider the following types of evidence: peer reviewed medical literature, standards of medical practice, evidence-based practice guidelines, FDA approved label, and package inserts. A/B MACs (A), (B), and (HHH), and DME MACs may also consider other evidence submitted by interested individuals or groups subject to their judgment. A/B MACs (A), (B), and (HHH), and DME MACs should also use these evidentiary criteria when reviewing requests for making a determination as to whether a drug is usually self-administered, and requests for reconsideration of a pending or published determination. Note that prior to August 1, 2002, one of the principal factors used to determine whether a drug was subject to the self-administered exclusion was whether the FDA label contained instructions for self-administration. However, CMS notes that under the new standard, the fact that the FDA label includes instructions for self- administration is not, by itself, a determining factor that a drug is subject to this exclusion. G. Provider Notice of Noncovered Drugs A/B MACs (A), (B), and (HHH), and DME MACs must describe on their Web site the process they will use to determine whether a drug is usually self-administered and thus does not meet the “incident to” benefit category. A/B MACs (A), (B), and (HHH), and DME MACs must publish a list of the injectable drugs that are subject to the self-administered exclusion on their Web site, including the data and rationale that led to the determination. A/B MACs (A), (B), and (HHH), and DME MACs will report the workload associated with developing new coverage statements in CAFM 21208. A/B MACs (A), (B), and (HHH), and DME MACs must provide notice 45 days prior to the date that these drugs will not be covered. During the 45-day time period, A/B MACs (A), (B), and (HHH), and DME",,False,False,tr-7d6de4daf8cdcde296a1a890a13ff525,NOT IN DOCUMENTS,True,1.0,1.0,"The answer correctly states that the information is not in the documents, as none of the provided excerpts mention the duration of a mandatory OIG exclusion for a conviction of a program-related crime.",1.0,1.0,"The answer correctly states that the information is not in the documents, matching the reference answer."
u03,Does Medicare cover dry needling performed by a physical therapist?,False,unanswerable,,NOT IN DOCUMENTS,,NOT IN DOCUMENTS,True,"[1] (Benefit Policy Manual Ch. 15, §220.2, Reasonable and Necessary Outpatient Rehabilitation Therapy; p. 166)
of physical therapy and occupational therapy by or under the supervision of a therapist. Services that do not require the performance or supervision of a therapist are not skilled and are not considered reasonable or necessary therapy services, even if they are performed or supervised by a qualified professional. Medicare coverage does not turn on the presence or absence of a beneficiary’s potential for improvement from the therapy, but rather on the beneficiary’s need for skilled care. (For additional guidance, see subsection D below related to Maintenance Programs.) • If the contractor determines the services furnished were of a type that could have been safely and effectively performed only by or under the supervision of such a qualified professional, the contractor shall presume that such services were properly supervised when required. However, this presumption is rebuttable and, if in the course of processing a claim, the contractor finds that services were not furnished under proper supervision, it shall deny the claim and bring this matter to the attention of the Division of Survey and Certification of the Regional Office. • While a beneficiary’s particular medical condition is a valid factor in deciding if skilled therapy services are needed, a beneficiary’s diagnosis or prognosis cannot be the sole factor in deciding that a service is or is not skilled. The key issue is whether the skills of a therapist are needed to treat the illness or injury, or whether the services can be carried out by nonskilled personnel. See items C and D for descriptions of covered skilled services; and • The amount, frequency, and duration of the services must be reasonable under accepted standards of practice. The contractor shall consult local professionals or the state or national therapy associations in the development of any utilization guidelines. NOTE: Claims for therapy

[2] (Benefit Policy Manual Ch. 15, §220.2, Reasonable and Necessary Outpatient Rehabilitation Therapy; p. 166)
fitness and flexibility and activities to provide diversion or general motivation, do not constitute therapy services for Medicare purposes. Also, services not provided under a therapy plan of care, or provided by staff who are not qualified or appropriately supervised, are not payable therapy services. Examples of coverage policies that apply to all outpatient therapy claims are in this chapter, in Pub. 100-04, chapter 5, and Pub. 100-08, chapter 13. Some policies in other manuals are repeated here for emphasis and clarification. Further details on documenting reasonable and necessary services are found in section 220.3 of this chapter. B. Reasonable and Necessary To be considered reasonable and necessary, each of the following conditions must be met. (This is a representative list of required conditions and does not fully describe reasonable and necessary services. See the remainder of this section and associated information in section 230.) • The services shall be considered under accepted standards of medical practice to be a specific and effective treatment for the patient’s condition. Acceptable practices for therapy services are found in: o Medicare manuals (such as this manual and Publications 100-03 and 100-04), o Contractors Local Coverage Determinations (LCDs and NCDs are available on the Medicare Coverage Database: http://www.cms.hhs.gov/mcd, and o Guidelines and literature of the professions of physical therapy, occupational therapy and speech-language pathology. • The services shall be of such a level of complexity and sophistication or the condition of the patient shall be such that the services required can be safely and effectively performed only by a therapist, or in the case of physical therapy and occupational therapy by or under the supervision of a therapist. Services that do not require the performance or supervision of a therapist are not skilled and are not considered reasonable or necessary therapy services, even if

[3] (Benefit Policy Manual Ch. 15, §230.1, Practice of Physical Therapy; p. 193)
and in accordance with state laws. A physical therapist must supervise PTAs. The level and frequency of supervision differs by setting (and by state or local law). General supervision is required for PTAs in all settings except private practice (which requires direct supervision) unless state practice requirements are more stringent, in which case state or local requirements must be followed. See specific settings for details. For example, in clinics, rehabilitation agencies, and public health agencies, 42CFR485.713 indicates that when a PTA provides services, either on or off the organization’s premises, those services are supervised by a qualified physical therapist who makes an onsite supervisory visit at least once every 30 days or more frequently if required by state or local laws or regulation. The services of a PTA shall not be billed as services incident to a physician/NPP’s service, because they do not meet the qualifications of a therapist. The cost of supplies (e.g., theraband, hand putty, electrodes) used in furnishing covered therapy care is included in the payment for the HCPCS codes billed by the physical therapist, and are, therefore, not separately billable. Separate coverage and billing provisions apply to items that meet the definition of brace in §130. Services provided by aides, even if under the supervision of a therapist, are not therapy services and are not covered by Medicare. Although an aide may help the therapist by providing unskilled services, those services that are unskilled are not covered by Medicare and shall be denied as not reasonable and necessary if they are billed as therapy services. D. Application of Medicare Guidelines to PT Services This subsection will be used in the future to illustrate the application of the above guidelines to some of the physical therapy modalities and procedures utilized in the treatment of patients.

[4] (Benefit Policy Manual Ch. 15, §230.4, Services Furnished by a Therapist in Private Practice (TPP); p. 206)
A. General See section 220 of this chapter for definitions. Therapist refers only to a qualified physical therapist, occupational therapist or speech-language pathologist. TPP refers to therapists in private practice (qualified physical therapists, occupational therapists and speech-language pathologists). In order to qualify to bill Medicare directly as a therapist, each individual must be enrolled as a private practitioner and employed in one of the following practice types: an unincorporated solo practice, unincorporated partnership, unincorporated group practice, physician/NPP group or groups that are not professional corporations, if allowed by state and local law. Physician/NPP group practices may employ TPP if state and local law permits this employee relationship. For purposes of this provision, a physician/NPP group practice is defined as one or more physicians/NPPs enrolled with Medicare who may bill as one entity. For further details on issues concerning enrollment, see the provider enrollment Web site at www.cms.hhs.gov/MedicareProviderSupEnroll and Pub. 100-08, Medicare Program Integrity Manual, chapter15, section 15.4.4.9. Private practice also includes therapists who are practicing therapy as employees of another supplier, of a professional corporation or other incorporated therapy practice. Private practice does not include individuals when they are working as employees of an institutional provider. Services should be furnished in the therapist’s or group’s office or in the patient’s home. The office is defined as the location(s) where the practice is operated, in the state(s) where the therapist (and practice, if applicable) is legally authorized to furnish services, during the hours that the therapist engages in the practice at that location. If services are furnished in a private practice office space, that space shall be owned, leased, or rented by the practice and used for the exclusive purpose of operating the practice. For descriptions of aquatic therapy in a community center pool see section 220C of this chapter. Therapists

[5] (Benefit Policy Manual Ch. 15, §220, Coverage of Outpatient Rehabilitation Therapy Services (Physical; p. 145)
Medicare covered services. PROVIDERS of services are defined in §1861(u) of the Act, 42CFR400.202 and 42CFR485 Subpart H as participating hospitals, critical access hospitals (CAH), skilled nursing facilities (SNF), comprehensive outpatient rehabilitation facilities (CORF), home health agencies (HHA), hospices, participating clinics, rehabilitation agencies or outpatient rehabilitation facilities (ORF). Providers are also defined as public health agencies with agreements only to furnish outpatient therapy services, or community mental health centers with agreements only to furnish partial hospitalization or intensive outpatient services. To qualify as providers of services, these providers must meet certain conditions enumerated in the law and enter into an agreement with the Secretary in which they agree not to charge any beneficiary for covered services for which the program will pay and to refund any erroneous collections made. Note that the word PROVIDER in sections 220 and 230 is not used to mean a person who provides a service, but is used as in the statute to mean a facility or agency such as rehabilitation agency or home health agency. QUALIFIED PROFESSIONAL means a physical therapist, occupational therapist, speech-language pathologist, physician, nurse practitioner, clinical nurse specialist, or physician’s assistant, who is licensed or certified by the state to furnish therapy services, and who also may appropriately furnish therapy services under Medicare policies. Qualified professional may also include a physical therapist assistant (PTA) or an occupational therapy assistant (OTA) when furnishing services under the supervision of a qualified therapist, who is working within the state scope of practice in the state in which the services are furnished. Assistants are limited in the services they may furnish (see section 230.1 and 230.2) and may not supervise other therapy caregivers. QUALIFIED PERSONNEL means staff (auxiliary personnel) who have been educated and trained as therapists and qualify to furnish therapy services only under",,False,False,tr-9de6b4e0e49adf319adb2cc370e7ca0b,NOT IN DOCUMENTS,True,1.0,1.0,"The answer correctly states that the information is not in the documents, as 'dry needling' is not mentioned in any of the provided excerpts. Since the reference answer is 'NOT IN DOCUMENTS', the answer is correct and faithful.",1.0,1.0,"The reference answer states 'NOT IN DOCUMENTS' and the answer provided is 'NOT IN DOCUMENTS'. According to the instructions, if the reference is NOT IN DOCUMENTS, the answer is correct if it declines. Since the answer declines, it is correct. For a declined answer, faithful is 1."
u04,What is the 2026 Part B deductible in dollars?,False,unanswerable,,NOT IN DOCUMENTS,,NOT IN DOCUMENTS,True,"[1] (Claims Processing Manual Ch. 5, §10.3, Application of Financial Limitations; p. 9)
(Additions, deletions or changes to the therapy code list are updated via a Recurring Update Notification) Financial limitations on outpatient therapy services, as described above, began for therapy services rendered on or after on January 1, 2006. References and polices relevant to the exceptions process in this chapter apply only when exceptions to therapy caps are in effect. For dates of service before October 1, 2012, limits apply to outpatient Part B therapy services furnished in all settings except outpatient hospitals, including hospital emergency departments. These excluded hospital services are reported on types of bill 12x or 13x, or 85x. Effective for dates of service on or after October 1, 2012, the limits also apply to outpatient Part B therapy services furnished in outpatient hospitals other than CAHs and hospitals in Maryland. During this period, only type of bill 12x claims with a CMS certification number in the CAH range, type of bill 12x and 13x claims with a CMS certification number beginning with the State code for Maryland, and type of bill 85x claims are excluded. Effective for dates of service on or after January 1, 2014, the limits also apply to CAHs. Effective for dates of service on or after January 1, 2016, the limits also apply to hospitals in Maryland. Effective for dates of service on or after January 1, 2018, the KX modifier threshold applies to all the therapy provider types to which the limits applied. Contractors apply the financial limitations or thresholds to the MPFS amount (or the amount charged if it is smaller) for therapy services for each beneficiary. As with any Medicare payment, beneficiaries pay the coinsurance (20 percent) and any deductible that may apply. Medicare will pay the remaining 80 percent of the limit after the deductible is met. These amounts will

[2] (Claims Processing Manual Ch. 5, §10, Part B Outpatient Rehabilitation and Comprehensive Outpatient; p. 3)
as the payment system for CORF services identified by the HCPCS codes in §20. Assignment is mandatory. Services that are paid subject to the MPFS are adjusted based on the applicable payment locality. Rehabilitation agencies and CORFs with service locations in different payment localities shall follow the instructions for multiple service locations in chapter 1, section 170.1.1. The Medicare allowed charge for the services is the lower of the actual charge or the MPFS amount. The Medicare payment for the services is 80 percent of the allowed charge after the Part B deductible is met. Coinsurance is made at 20 percent of the lower of the actual charge or the MPFS amount. The general coinsurance rule (20 percent of the actual charges) does not apply when making payment under the MPFS. This is a final payment. The MPFS does not apply to outpatient rehabilitation services furnished by critical access hospitals (CAHs) or hospitals in Maryland. CAHs are to be paid on a reasonable cost basis. Maryland hospitals are paid under the Maryland All-Payer Model. Contractors process outpatient rehabilitation claims from hospitals, including CAHs, SNFs, HHAs, CORFs, outpatient rehabilitation agencies, and outpatient physical therapy providers for which they have received a tie in notice from the Regional Office (RO). These provider types submit their claims to the contractors using the ASC X12 837 institutional claim format or the CMS-1450 paper form when permissible. Contractors also process claims from physicians, certain nonphysician practitioners (NPPs), therapists in private practices (TPPs), (which are limited to physical and occupational therapists, and speech-language pathologists in private practices), and physician-directed clinics that bill for services furnished incident to a physician’s service (see Pub. 100-02, Medicare Benefit Policy Manual, chapter 15, for a definition of “incident to”). These provider types submit their claims to the contractor using the

[3] (Benefit Policy Manual Ch. 15, §10, Supplementary Medical Insurance (SMI) Provisions; p. 7)
certain of these services when furnished to hospital and SNF inpatients. Payment may not be made under Part B for services furnished an individual if the individual is entitled to have payment made for those services under Part A. An individual is considered entitled to have payment made under Part A if the expenses incurred were used to satisfy a Part A deductible or coinsurance amount, or if payment would be made under Part A except for the lack of a request for payment or lack of a physician certification. Some medical services may be considered for coverage under more than one of the above-enumerated categories. For example, electrocardiograms (EKGs) can be covered as physician’s services or as other diagnostic tests. It is sufficient to determine that the requirements for coverage under one category are met to permit payment. Membership dues, subscription fees, charges for service policies, insurance premiums, and other payments analogous to premiums which entitle enrollees to services or to repairs or replacement of devices or equipment or parts thereof without charge or at a reduced charge, are not considered expenses incurred for covered items or services furnished under such contracts or undertakings. Examples of such arrangements are memberships in ambulance companies, insurance for replacement of prosthetic lenses, and service contracts for durable medical equipment.

[4] (Benefit Policy Manual Ch. 15, §110.8, DMEPOS Benefit Category Determinations; p. 100)
A. General Whether or not an item or service falls under a Medicare benefit category, such as the Medicare Part B benefit category for DME, is a necessary step in determining whether an item may be covered under the Medicare program and, if applicable, what statutory and regulatory payment rules apply to the items and services. If the item is excluded from coverage by the Act or does not fall within the scope of a defined benefit category, the item cannot be covered under Medicare Part B. Medicare Durable Medical Equipment, Prosthetic Devices, Prosthetics, Orthotics and Supplies (DMEPOS) benefit category determinations established on or after September 26, 2022, through rulemaking or in accordance with the procedures at 42 CFR §414.114, §414.240 and §414.1670, and that are associated with new HCPCS Level II codes, are listed below. These procedures consider public consultation furnished at public meetings and in writing in accordance with requirements for new DME items by section 531(b) of the Medicare, Medicaid and SCHIP Benefits Improvement and Protection Act of 2000 (BIPA) (Pub L. 106-554). These procedures are often performed in coordination with Healthcare Common Procedure Coding System (HCPCS) code decisions. This section is a quick reference tool for the benefit categories of items and services evaluated using the procedures described above. The section is organized alphanumerically by the HCPCS Level II Code and includes the code description, the benefit category determination, and the HCPCS Coding Cycle in which the code was established. To access the details of the public meeting HCPCS Level II coding and benefit category decisions for a particular HCPCS Coding Cycle, please follow this link: https://www.cms.gov/medicare/coding-billing/healthcare- common-procedure-system/current-prior-years-level-ii-coding-decisions. This section only includes benefit category decisions that are associated with new HCPCS Level II codes established on or after September 26, 2022. The benefit category and payment

[5] (Benefit Policy Manual Ch. 15, §30.6.1, Payment for Medicare Part B Services Furnished by Certain IHS Hospitals and; p. 18)
Clinics Section 1880 of the Act, as amended by §630 of the Medicare Modernization Act of 2003 (MMA), expands the scope of items and services for which payment may be made to IHS facilities, providers and suppliers to include all Part B covered items and services for which payment may be made under Part B, subject to certain limitations as specified in §1880(e)(1)(A) of the Act, for a 5-year period beginning January 1, 2005. Specifically, for the 5-year period beginning January 1, 2005, IHS facilities, providers and suppliers may bill Medicare for the following Part B services: • Durable medical equipment • Prosthetics and orthotics • Prosthetics devices • Therapeutic shoes • Surgical dressings and splint casts • Drugs (A/B MAC (B) and DME MAC) • Clinical laboratory services, and • Ambulance services • Screening and preventive services not already covered See Pub. 100.04, chapter 19, Medicare Claims Processing Manual, for more information on these benefits and the effective date for each of these benefits.",,False,False,tr-6dc200a4eb2e88d2642aa7b7fc46d4ac,NOT IN DOCUMENTS,True,1.0,1.0,"The answer correctly states that the information is not in the documents, as none of the provided excerpts contain the 2026 Part B deductible amount.",1.0,1.0,"The reference states the information is NOT IN DOCUMENTS, and the answer correctly declines by stating NOT IN DOCUMENTS. Per the instructions, a declined answer when the reference is NOT IN DOCUMENTS receives a 1 for both correct and faithful."
u05,How are MS-DRG relative weights calculated for inpatient stays?,False,unanswerable,,NOT IN DOCUMENTS,,NOT IN DOCUMENTS,True,"[1] (NCCI Ch. 1, Sec. E, Modifiers and Modifier Indicators; p. 14)
are split, the time block for 1 service may be followed by a time block for the second service followed by another time block for the first service. All Medicare rules for reporting timed services are applicable. For example, the total time is calculated for all related timed services performed. The number of reportable UOS is based on the total time, and these UOS are allocated between the HCPCS/CPT codes for the individual services performed. The practitioner is not permitted to perform multiple services, each for the minimal reportable time, and report each of these as separate UOS. Use of modifiers 59 or XE or XS to indicate different procedures/surgeries does not require a different diagnosis for each HCPCS/CPT coded procedure/surgery. Additionally, different diagnoses are not adequate criteria for use of modifiers 59 or XE or XS. The HCPCS/CPT codes remain bundled unless the procedures/surgeries are performed at different anatomic sites or separate patient encounters. From an NCCI program perspective, the definition of different anatomic sites includes different organs, different anatomic regions, or different lesions in the same organ. It does not include treatment of contiguous structures in the same organ or anatomic region. For example, treatment of the nail, nail bed, and adjacent soft tissue constitutes treatment of a single anatomic site. Treatment of posterior segment structures in the ipsilateral eye constitutes treatment of a single anatomic site. If the same procedure is performed at different anatomic sites, it does not necessarily imply that a HCPCS/CPT code may be reported with more than one unit of service for the procedure. Determining whether additional UOS may be reported depends in part upon the HCPCS/CPT code descriptor including the definition of the code’s unit of service when present. Example 1 The Column One/Column Two code edit with Column One CPT code

[2] (NCCI Ch. 11, Sec. U, Evaluation & Management (E&M) Services; p. 29)
a different group, the second provider/supplier may report a per diem critical care service (CPT codes 99468-99476). 7. CPT codes 99238 and 99239 describe hospital discharge day management. These codes shall not be reported with initial hospital inpatient or observation care (CPT codes 99221- 99223) for the same date of service. If a physician provides initial hospital care or observation care on the same day as discharge, the services shall be reported with CPT codes 99234-99236 (Hospital inpatient or observation care with admission and discharge on the same date of service). Additionally, CPT codes 99238 and 99239 include all physician services provided to the patient on the date of discharge. The provider/supplier shall not report another E&M CPT code (e.g., 99202-99215, 99281-99285) on the same date of service that the provider/supplier reports CPT code 99238 or 99239. 8. HCPCS codes G0396 and G0397 describe alcohol and/or substance (other than tobacco) abuse structured assessment and intervention services. These codes shall not be reported separately with an E&M, psychiatric diagnostic, or psychotherapy service code for the same work/time. HCPCS codes G0396 and G0397 describe services that are similar to those described by CPT codes 99408 and 99409 which are not covered under the Medicare program. Where CPT codes 99408 and 99409 are covered by State Medicaid programs, the policies explained in the previous paragraph for G0396/G0397 also apply to 99408/99409. 9. Transesophageal echocardiography (TEE) monitoring (CPT code 93318) without probe placement is not separately reportable by a physician performing critical care E&M services. However, if a physician places a transesophageal probe to be used for TEE monitoring on the same date of service that the physician performs critical care E&M services, CPT code 93318 may be reported with modifier 59 or XU. The time necessary for probe placement shall not be included

[3] (NCCI Ch. 11, Sec. U, Evaluation & Management (E&M) Services; p. 29)
may, however, perform a significant and separately identifiable E&M service that is above and beyond the usual pre- and post-operative work of the procedure on the same date of service which may be reported by appending modifier 25 to the E&M code. This E&M service may be related to the same diagnosis necessitating performance of the “XXX” procedure but cannot include any work inherent in the “XXX” procedure, supervision of others performing the “XXX” procedure, or time for interpreting the result of the “XXX” procedure. Appending modifier 25 to a significant, separately identifiable E&M service when performed on the same date of service as a “XXX” procedure may be appropriate in some instances. Examples of “XXX” procedures include allergy testing and immunotherapy, physical therapy services, and neurologic and vascular diagnostic testing procedures. Pediatric and neonatal critical and intensive care CPT codes (99468-99480) are per diem codes that are generally reported by only one provider/supplier on each day of service. These codes are reported by the provider/supplier directing the inpatient critical or intensive care of the patient. These codes shall not be reported by another provider/supplier performing critical care services on the same date of service. Critical care services provided by a second physician of a different specialty may be reported with CPT codes 99291 and 99292. However, if a neonate or infant becomes critically ill on a day when initial or subsequent intensive care service (CPT codes 99477-99480) has been performed by one physician and is transferred to a critical care level of care provided by a different physician in a different group, the second provider/supplier may report a per diem critical care service (CPT codes 99468-99476). 7. CPT codes 99238 and 99239 describe hospital discharge day management. These codes shall not be reported with initial hospital inpatient or observation

[4] (NCCI Ch. 11, Sec. U, Evaluation & Management (E&M) Services; p. 29)
rectal exam (DRE) is a very quick and simple examination taking only a few seconds. We believe it is rarely the sole reason for a physician encounter and is usually part of an E/M encounter. In those instances when it is the only service furnished or it is furnished as part of an otherwise non-covered service, we will pay separately for code G0102. In those instances when it is furnished on the same day as a covered E/M service, we believe it is appropriate to bundle it into the payment for the covered E/M encounter.” Because of the intensive nature of caring for critically ill patients, certain practitioner services in addition to patient history, examination, and medical decision making are included in the evaluation and management associated with critical and intensive care. Per CPT Professional codebook instructions, services not separately reportable by practitioners reporting critical care CPT codes 99291 and 99292 include, but are not limited to, the interpretation of cardiac output measurements, chest X-rays (CPT codes 71045 and 71046), blood gases, and data stored in computers (e.g., ECGs, blood pressures, hematologic data), gastric intubation (CPT codes 43752, 43753), temporary transcutaneous monitoring (CPT code 92953), ventilator management (CPT codes 94002-94004, 94660, 94662), and vascular access procedures (CPT codes 36000, 36410, 36600). However, facilities may separately report these services with critical care CPT codes 99291 and 99292. (CPT codes 93561 and 93562 were deleted January 1, 2022). (CPT code 94662 was deleted January 1, 2026.) Per CPT Professional codebook instructions, practitioner inpatient neonatal and pediatric critical and intensive care services (i.e., CPT codes 99468-99480) include the same services included in critical care CPT codes 99291 and 99292 as well as additional services listed in the CPT Professional codebook specific to neonatal and pediatric critical and intensive care services. These services shall

[5] (NCCI Ch. 11, Sec. U, Evaluation & Management (E&M) Services; p. 29)
not double count time if reporting more than one E&M service for the same date of service or same monthly period. 6. E&M codes describing observation/inpatient care services with admission and discharge on same date (CPT codes 99234-99236) shall not be reported on the same date of service as initial hospital care per diem codes (99221-99223), subsequent hospital care per diem codes (99231-99233), or hospital discharge day management codes (99238-99239). The prolonged service with or without direct face-to-face patient contact E&M codes (CPT/HCPCS codes 99417, 99418, G2212, G0316) may be reported in conjunction with some E&M codes. (CPT Codes 99354-99357 were deleted January 1, 2023.) Since critical care (CPT codes 99291-99292) and prolonged E&M services (CPT/HCPCS codes 99417, 99418, G2212, G0316) are reported based on time, providers/suppliers shall not include the time devoted to performing separately reportable services when determining the amount of critical care or prolonged provider E&M service time. (CPT Codes 99354-99357 were deleted January 1, 2023.) E&M services, in general, are cognitive services, and significant procedural services are not included in E&M services. Certain procedural services that arise directly from the E&M service are included as part of the E&M service. For example, cleansing of traumatic lesions, closure of lacerations with adhesive strips, application of dressings, counseling and educational services are included in E&M services. Digital rectal examination for prostate screening (HCPCS code G0102) is not separately reportable with an E&M code. CMS published this policy in the Federal Register, November 2, 1999, Page 59414 as follows: “As stated in the July 1999 proposed rule, a digital rectal exam (DRE) is a very quick and simple examination taking only a few seconds. We believe it is rarely the sole reason for a physician encounter and is usually part of an E/M encounter. In those instances when it",,False,False,tr-32ba1e9ff5e37298f994ca4c199dac1a,NOT IN DOCUMENTS,True,1.0,1.0,"The answer correctly states that the information is not in the documents, as the provided excerpts discuss NCCI modifiers and E&M services but do not mention MS-DRG relative weights or their calculation.",1.0,1.0,"The reference answer states that the information is NOT IN DOCUMENTS, and the answer correctly declines to provide a substantive answer. According to the grading instructions, for a declined answer where the reference is NOT IN DOCUMENTS, the correct score is 1 and the faithful score is 1."
u06,What is the MIPS performance threshold for the 2026 performance year?,False,unanswerable,,NOT IN DOCUMENTS,,NOT IN DOCUMENTS,True,"[1] (Claims Processing Manual Ch. 5, §10.3.4, Therapy Cap Manual Review Threshold to Ensure Appropriate; p. 16)
Therapy Section 50202 of the Bipartisan Budget Act of 2018 retains the targeted medical review (MR) process (first established through Section 202 of the Medicare Access and CHIP Reauthorization Act of 2015 (MACRA)), but at a lower threshold amount of $3,000. For CY 2018 (and each calendar year until 2028 at which time it is indexed annually by the MEI), the MR threshold is $3,000 for PT and SLP services and $3,000 for OT services. The targeted MR process means that not all claims exceeding the MR threshold amount are subject to review as they once were. For a general overview of the MR process, go to the Medical Review and Education website at: https://www.cms.gov/Research-Statistics- Data-and-Systems/Monitoring-Programs/Medicare-FFS-Compliance-Programs/Medical- Review/index.html

[2] (Claims Processing Manual Ch. 5, §10.2, The Financial Limitation Legislation; p. 8)
for the covered stay. Also, limitations do not apply to any therapy services covered under prospective payment systems for home health or inpatient hospitals, including critical access hospitals. The limitation is based on therapy services the Medicare beneficiary receives, not the type of practitioner who provides the service. Physical therapists, speech-language pathologists, and occupational therapists, as well as physicians and certain nonphysician practitioners, could render a therapy service. B. Moratoria and Exceptions for Therapy Claims Since the creation of therapy caps, Congress has enacted several moratoria. The Deficit Reduction Act of 2005 directed CMS to develop exceptions to therapy caps for calendar year 2006 and the exceptions have been extended periodically. The cap exception for therapy services billed by outpatient hospitals was part of the original legislation and applies as long as caps are in effect. Exceptions to caps based on the medical necessity of the service are in effect only when Congress legislates the exceptions. C. Repeal of Original Legislation and Replacement with Thresholds to Ensure Appropriate Therapy. Section 50202 of the Bipartisan Budget Act of 2018 repeals application of the Medicare outpatient therapy caps but retains the former cap amounts as a threshold of incurred expenses above which claims must include a modifier as a confirmation that services are medically necessary as justified by appropriate documentation in the medical record. This is termed the KX modifier threshold. Along with this KX modifier threshold, the new law retains the targeted medical review process but at a lower threshold amount of $3,000. For more information about the medical review (MR) threshold see the below section 10.3.4.

[3] (Benefit Policy Manual Ch. 15, §220.4, Functional Reporting; p. 188)
NOTE: In the calendar year (CY) 2019 Physician Fee Schedule (PFS) final rule, CMS-1693- F, after consideration of stakeholder comments for burden reduction, a review of all of the requirements under section 3005(g) of Middle Class Tax Relief and Jobs Creation Act of 2012 (MCTRJCA), and in light of the statutory amendments to section 1833(g) of the Act, via section 50202 of Bipartisan Budget Act of 2018 to repeal the therapy caps, CMS concluded that continued collection of functional reporting data through the same or reduced format would not yield additional information to inform future analyses or to serve as a basis for reforms to the payment system for therapy services. To reduce the burden of reporting for providers of therapy services, the CY 2019 PFS final rule ended the requirements of reporting the functional limitation nonpayable HCPCS G-codes and severity modifiers on claims for therapy services and the associated documentation requirements in medical records, effective for dates of service on and after January 1, 2019. The rule also revised regulation text at 42 CFR 410.59, 410.60, 410.61, 410.62, 410.105, accordingly. The instructions below apply only to dates of service when the functional reporting requirements were effective, January 1, 2013 through December 31, 2018. A. Selecting the G-codes to Use in Functional Reporting. There are 42 functional G-codes, 14 sets of three codes each, for that can be used in identifying the functional limitation being reported. Six of the G-code sets are generally for PT and OT functional limitations and eight sets of G-codes are for SLP functional limitations. (For a list of these codes and descriptors, see Pub. 100-04, Medicare Claims Processing Manual, chapter 5, section 10.6 F.) Only one functional limitation shall be reported at a time. Consequently, the clinician must select the G-code set for the functional

[4] (NCCI Ch. 11, Sec. J, Pulmonary Services; p. 18)
inhalation treatment during the second episode of care may be reported with modifier 76 appended to CPT code 94640. If inhalation drugs are administered in a continuous treatment or a series of “back-to- back” continuous treatments exceeding one hour, CPT codes 94644 (Continuous inhalation treatment with aerosol medication for acute airway obstruction; first hour) and 94645 (...; each additional hour) may be reported instead of CPT code 94640. 9. CPT code 94640 (Pressurized or non-pressurized inhalation treatment for acute airway obstruction... (IPPB) device) and CPT code 94664 (Demonstration and/or evaluation of patient utilization of an aerosol generator... (IPPB) device) generally should not be reported for the same patient encounter. The demonstration and/or evaluation described by CPT code 94664 is included in CPT code 94640 if it uses the same device (e.g., aerosol generator) that is used in the performance of CPT code 94640. If performed at separate patient encounters on the same date of service, the 2 services may be reported separately. 10. Practitioner ventilation management (e.g., CPT codes 94002-94005, 94660, 94662) and critical care (e.g., CPT codes 99291, 99292, 99466-99486) include respiratory flow volume loop (CPT code 94375) and breathing response to hypoxia (CPT code 94450) testing if performed. (CPT code 94662 was deleted January 1, 2026.)

[5] (NCCI Ch. 1, Sec. D, Evaluation & Management (E&M) Services; p. 12)
This section summarizes some of the Medicare Global Surgery Rules for reporting Evaluation & Management (E&M) services in the global period. All procedures on the Medicare Physician Fee Schedule are assigned a global period of 000, 010, 090, XXX, YYY, ZZZ, or MMM. The global concept does not apply to XXX procedures. The global period for YYY procedures is defined by the MAC. All procedures with a global period of ZZZ are related to another procedure, and the applicable global period for the ZZZ code is determined by the related procedure. Procedures with a global period of MMM are maternity procedures. Since NCCI PTP edits are applied to same-day services by the same provider/supplier to the same beneficiary, certain Global Surgery Rules are applicable to the NCCI program. An E&M service is separately reportable on the same date of service as a procedure with a global period of 000, 010, or 090 under limited circumstances. If a procedure has a global period of 090 days, it is defined as a major surgical procedure. If an E&M service is performed on the same date of service as a major surgical procedure to decide whether to perform this surgical procedure, the E&M service is separately reportable with modifier 57. Other preoperative E&M services on the same date of service as a major surgical procedure are included in the global payment for the procedure and are not separately reportable. NCCI does not contain edits based on this rule because MACs have separate edits. If a procedure has a global period of 000 or 010 days, it is defined as a minor surgical procedure. In general, E&M services performed on the same date of service as a minor surgical procedure are included in the payment for the procedure. The decision to perform a minor",,False,False,tr-bfbd07727580bbd077e1b1deb0e6903d,NOT IN DOCUMENTS,True,1.0,1.0,"The answer correctly states that the information is not in the documents, as none of the provided excerpts mention MIPS or its performance thresholds for 2026.",1.0,1.0,"The answer correctly states that the information is not in the documents, which matches the reference answer."
u07,What is the Medicare ambulance mileage payment rate?,False,unanswerable,,NOT IN DOCUMENTS,,NOT IN DOCUMENTS,True,"[1] (Benefit Policy Manual Ch. 15, §30.6.1, Payment for Medicare Part B Services Furnished by Certain IHS Hospitals and; p. 18)
Clinics Section 1880 of the Act, as amended by §630 of the Medicare Modernization Act of 2003 (MMA), expands the scope of items and services for which payment may be made to IHS facilities, providers and suppliers to include all Part B covered items and services for which payment may be made under Part B, subject to certain limitations as specified in §1880(e)(1)(A) of the Act, for a 5-year period beginning January 1, 2005. Specifically, for the 5-year period beginning January 1, 2005, IHS facilities, providers and suppliers may bill Medicare for the following Part B services: • Durable medical equipment • Prosthetics and orthotics • Prosthetics devices • Therapeutic shoes • Surgical dressings and splint casts • Drugs (A/B MAC (B) and DME MAC) • Clinical laboratory services, and • Ambulance services • Screening and preventive services not already covered See Pub. 100.04, chapter 19, Medicare Claims Processing Manual, for more information on these benefits and the effective date for each of these benefits.

[2] (Benefit Policy Manual Ch. 15, §40.28, Emergency and Urgent Care Situations; p. 33)
of the fractured leg with the emergency opt-out HCPCS modifier (GJ) and the surgical care only modifier (54) to ensure that Medicare does not pay the Evaluation and Management (E&M) that is in the global fee for the procedure. The physician or practitioner would then either have the beneficiary sign the private contract or refer the beneficiary to a Medicare physician or practitioner who would bill Medicare using the post op only modifier to be paid for the post op care in the global period. If the beneficiary continues to be in a condition that requires emergency or urgent care (i.e., unconscious or unstable after surgery for an aneurysm) follow up care would continue to be paid under emergency or urgent care until such time as the beneficiary no longer needed such care. In the absence of incontrovertible evidence, CMS recommends accepting what the physician or practitioner says via the modifiers and doing post-pay records review of frequent users of the opt-out modifier.

[3] (Benefit Policy Manual Ch. 15, §260.4, Coverage of Services in ASCs, Which are Not ASC Services; p. 234)
mandate that payment for an intraocular lens (IOL) inserted during or subsequent to cataract surgery in an ASC be included in the facility payment rate. This bundling of the payment for an IOL with the facility fee is effective for services furnished on or after March 12, 1990. More information on coverage of prosthetic devices may be found in §120. Further information on the coverage of IOLs may be found in §260.2. Non-Implantable Prosthetic Devices - If the ASC furnishes non-implantable prosthetic devices to beneficiaries, the ASC is treated as a supplier, and all the rules and conditions ordinarily applicable to suppliers are applicable, including obtaining a supplier number and billing the DME MAC where applicable. Ambulance Services If the ASC furnishes ambulance services, they are covered as ambulance services pursuant to the terms and conditions of the Medicare Benefit Policy Manual, Chapter 10, “Ambulance Services,” §§10. The facility may obtain approval as an ambulance supplier to bill covered ambulance services. Leg, Arm, Back, and Neck Braces These items of equipment, like prosthetic devices, are covered under Part B, but are not included in the ASC facility payment amount. Coverage of these items is described in §130. If the ASC furnishes these to beneficiaries, it is treated as a supplier, and all the rules and conditions ordinarily applicable to suppliers are applicable, including obtaining a supplier number and billing the DME MAC where applicable. Artificial Legs, Arms, and Eyes Like prosthetic devices and braces, this equipment is not considered part of an ASC facility service and so is not included in the ASC facility payment rate. Information regarding the coverage of these items is set out in §130. If the ASC furnishes these items to beneficiaries, it is treated as a supplier, and all the rules and conditions ordinarily applicable

[4] (Claims Processing Manual Ch. 5, §10, Part B Outpatient Rehabilitation and Comprehensive Outpatient; p. 3)
practices), and physician-directed clinics that bill for services furnished incident to a physician’s service (see Pub. 100-02, Medicare Benefit Policy Manual, chapter 15, for a definition of “incident to”). These provider types submit their claims to the contractor using the ASC X 12 837 professional claim format or the CMS-1500 paper form when permissible. There are different fee rates for nonfacility and facility services. Chapter 23 describes the differences in these two rates. (See fields 28 and 29 of the record therein described). Facility rates apply to professional services performed in a facility other than the professional’s office. Nonfacility rates apply when the service is performed in the professional’s office. The nonfacility rate (that is paid when the provider performs the services in its own facility) accommodates overhead and indirect expenses the provider incurs by operating its own facility. Thus it is somewhat higher than the facility rate. Contractors pay the nonfacility rate on institutional claims for services performed in the provider’s facility. Contractors may pay professional claims using the facility or nonfacility rate depending upon where the service is performed (place of service on the claim), and the provider specialty. Contractors pay the codes in §20 under the MPFS on professional claims regardless of whether they may be considered rehabilitation services. However, contractors must use this list for institutional claims to determine whether to pay under outpatient rehabilitation rules or whether payment rules for other types of service may apply, e.g., OPPS for hospitals, reasonable costs for CAHs. Note that because a service is considered an outpatient rehabilitation service does not automatically imply payment for that service. Additional criteria, including coverage, plan of care and physician certification must also be met. These criteria are described in Pub. 100-02, Medicare Benefit Policy Manual, chapters 1 and 15. Payment for rehabilitation

[5] (Claims Processing Manual Ch. 5, §10, Part B Outpatient Rehabilitation and Comprehensive Outpatient; p. 3)
does not automatically imply payment for that service. Additional criteria, including coverage, plan of care and physician certification must also be met. These criteria are described in Pub. 100-02, Medicare Benefit Policy Manual, chapters 1 and 15. Payment for rehabilitation services provided to Part A inpatients of hospitals or SNFs is included in the respective PPS rate. Also, for SNFs (but not hospitals), if the beneficiary has Part B, but not Part A coverage (e.g., Part A benefits are exhausted), the SNF must bill for any rehabilitation service. Payment for rehabilitation therapy services provided by home health agencies under a home health plan of care is included in the home health PPS rate. HHAs may submit bill type 34X and be paid under the MPFS if there are no home health services billed under a home health plan of care at the same time, and there is a valid rehabilitation POC (e.g., the patient is not homebound). An institutional employer (other than a SNF) of the TPPs, or physician performing outpatient services, (e.g., hospital, CORF, etc.), or a clinic billing on behalf of the physician or therapist may bill the contractor on a professional claim. The MPFS is the basis of payment for outpatient rehabilitation services furnished by TPPs, physicians, and certain nonphysician practitioners or for diagnostic tests provided incident to the services of such physicians or nonphysician practitioners. (See Pub. 100- 02, Medicare Benefit Policy Manual, Chapter 15, for a definition of “incident to, therapist, therapy and related instructions."") Such services are billed to the contractor on the professional claim format. Assignment is mandatory. The following table identifies the provider and supplier types, and identifies which claim format they may use to submit claims for outpatient therapy services to the contractor. “Provider/Supplier Service” Type Format Bill Type Comment Inpatient",,False,False,tr-4bf9f536514750d2a6691337e72b1ab8,NOT IN DOCUMENTS,True,1.0,1.0,"The answer correctly states that the information is not in the documents, which matches the reference answer.",1.0,1.0,"The reference answer states that the information is NOT IN DOCUMENTS, and the answer correctly declines by stating 'NOT IN DOCUMENTS'. According to the instructions, for a declined answer where the reference is NOT IN DOCUMENTS, the correct score is 1 and the faithful score is 1."
u08,What are the billing requirements for remote patient monitoring code 99453?,False,unanswerable,,NOT IN DOCUMENTS,,NOT IN DOCUMENTS,True,"[1] (Benefit Policy Manual Ch. 15, §320.6.2, Remote Monitoring and Monitoring Services; p. 284)
Qualified home infusion therapy suppliers are required to ensure the safe and effective provision and administration of home infusion therapy on a 7-day-a-week, 24-hour-a-day basis. Monitoring the patient receiving infusion therapy in their home is an important standard of practice that is an integral part of providing medical care to patients in their home. The expectation is that home infusion therapy suppliers would provide ongoing patient monitoring and continual reassessment of the patient to evaluate response to treatment, drug complications, adverse reactions, and patient compliance. The plan of care would indicate the need for routine monitoring and specify the interval for evaluation and documentation of patient-reported response to therapy, any adverse effects or infusion complications, verify pump rate, obtain blood work, and obtain any necessary vital signs. Direct communication and coordination with the patient, caregivers, and clinicians regarding any change in the patient’s condition is on-going so that any adjustment to treatment is made as needed and in a timely fashion. This can be done remotely or directly during in-home patient visits at specified intervals. Remote monitoring may be performed through telephone or other electronic communication, based on the plan of care and the patient’s preference of communication. Remote monitoring may include the use of a telecommunications system through which patients are monitored by electronic submission of self-obtained vital signs, such as weight, blood pressure, and heart rate. The patient must be instructed on obtaining vital signs and on self-monitoring equipment use. An off-site monitoring service may also be utilized to communicate any abnormal results to the clinician for adjustments to the plan of care as needed. Qualified home infusion therapy suppliers may use all available remote monitoring methods that are safe and appropriate for their patients and clinicians and as specified in the plan of care as long as

[2] (Benefit Policy Manual Ch. 15, §320.6.2, Remote Monitoring and Monitoring Services; p. 284)
to the plan of care as needed. Qualified home infusion therapy suppliers may use all available remote monitoring methods that are safe and appropriate for their patients and clinicians and as specified in the plan of care as long as adequate security and privacy protections are utilized.

[3] (NCCI Ch. 11, Sec. L, Neurology and Neuromuscular Procedures; p. 21)
for each procedure must be distinct and not overlapping with the time period for the other procedure. CPT code 95941 describes continuous intraoperative neurophysiology monitoring from outside the operating room (remote or nearby) or monitoring of more than one case while in the operating room. This code is not valid for Medicare practitioner services. It is a packaged service under Medicare Hospital OPPS (Outpatient Prospective Payment System).

[4] (NCCI Ch. 11, Sec. U, Evaluation & Management (E&M) Services; p. 29)
a different group, the second provider/supplier may report a per diem critical care service (CPT codes 99468-99476). 7. CPT codes 99238 and 99239 describe hospital discharge day management. These codes shall not be reported with initial hospital inpatient or observation care (CPT codes 99221- 99223) for the same date of service. If a physician provides initial hospital care or observation care on the same day as discharge, the services shall be reported with CPT codes 99234-99236 (Hospital inpatient or observation care with admission and discharge on the same date of service). Additionally, CPT codes 99238 and 99239 include all physician services provided to the patient on the date of discharge. The provider/supplier shall not report another E&M CPT code (e.g., 99202-99215, 99281-99285) on the same date of service that the provider/supplier reports CPT code 99238 or 99239. 8. HCPCS codes G0396 and G0397 describe alcohol and/or substance (other than tobacco) abuse structured assessment and intervention services. These codes shall not be reported separately with an E&M, psychiatric diagnostic, or psychotherapy service code for the same work/time. HCPCS codes G0396 and G0397 describe services that are similar to those described by CPT codes 99408 and 99409 which are not covered under the Medicare program. Where CPT codes 99408 and 99409 are covered by State Medicaid programs, the policies explained in the previous paragraph for G0396/G0397 also apply to 99408/99409. 9. Transesophageal echocardiography (TEE) monitoring (CPT code 93318) without probe placement is not separately reportable by a physician performing critical care E&M services. However, if a physician places a transesophageal probe to be used for TEE monitoring on the same date of service that the physician performs critical care E&M services, CPT code 93318 may be reported with modifier 59 or XU. The time necessary for probe placement shall not be included

[5] (Claims Processing Manual Ch. 5, §20.2, Reporting of Service Units With HCPCS; p. 39)
billing less than 15 minutes for a unit, these situations should be highlighted for review. If more than one 15 minute timed CPT code is billed during a single calendar day, then the total number of timed units that can be billed is constrained by the total treatment minutes for that day. See all examples below. Pub. 100-02, Medicare Benefit Policy Manual, Chapter 15, Section 220.3B, Documentation Requirements for Therapy Services, indicates that the amount of time for each specific intervention/modality provided to the patient is not required to be documented in the Treatment Note. However, the total number of timed minutes must be documented. These examples indicate how to count the appropriate number of units for the total therapy minutes provided. Example 1 – 24 minutes of neuromuscular reeducation, code 97112, 23 minutes of therapeutic exercise, code 97110, Total timed code treatment time was 47 minutes. See the chart above. The 47 minutes falls within the range for 3 units = 38 to 52 minutes. Appropriate billing for 47 minutes is only 3 timed units. Each of the codes is performed for more than 15 minutes, so each shall be billed for at least 1 unit. The correct coding is 2 units of code 97112 and one unit of code 97110, assigning more timed units to the service that took the most time. Example 2 – 20 minutes of neuromuscular reeducation (97112) 20 minutes therapeutic exercise (97110), 40 Total timed code minutes. Appropriate billing for 40 minutes is 3 units. Each service was done at least 15 minutes and should be billed for at least one unit, but the total allows 3 units. Since the time for each service is the same, choose either code for 2 units and bill the other for 1 unit. Do not bill 3",,False,False,tr-ee401fee8692806718707a22e2db6df6,NOT IN DOCUMENTS,True,1.0,1.0,"The answer correctly states that the information is not in the documents, as code 99453 is not mentioned in the provided excerpts. According to the instructions, if the reference is NOT IN DOCUMENTS, a correct score of 1 is given when the answer declines.",1.0,1.0,"The reference answer states that the information is NOT IN DOCUMENTS. The answer provided also states NOT IN DOCUMENTS, which is a correct decline according to the instructions. For a declined answer, the faithfulness score is 1."
u09,How does Medicare Advantage HCC risk adjustment work?,False,unanswerable,,NOT IN DOCUMENTS,,NOT IN DOCUMENTS,True,"[1] (Benefit Policy Manual Ch. 15, §40.37, Application to the Medicare Advantage Program; p. 36)
The Medicare Managed Care Manual contains instructions for Medicare Advantage plans about the impact on managed care. The manual provides in general that Medicare Advantage plans: • Must acquire and maintain information from Medicare contractors on physicians and practitioners who have opted out of Medicare. • Must make no payment directly or indirectly for Medicare covered services furnished to a Medicare beneficiary by a physician or practitioner who has opted out of Medicare, except for emergency or urgent care services furnished to a beneficiary who has not previously entered into a private contract with the physician or practitioner, in accordance with §40.28. The Medicare contractor must maintain mutually agreeable means of advising Medicare Advantage plans of who has opted out. Disputes with Medicare Advantage plans about the provision of opt out information should be referred to the regional office staff for resolution.

[2] (Benefit Policy Manual Ch. 15, §280.5.2, A Social Determinants of Health (SDOH) Risk Assessment in; p. 258)
AWV, which allow that the health risk assessment may be administered independently by the beneficiary or administered by a health professional prior to or as part of the AWV encounter (§ 410.15(a) “Health risk assessment”). This clarification is consistent with prior CMS guidance on coding and billing date of service on professional Medicare claims. See Pub. 100-04, Medicare Claims Processing Manual, chapter 18, section 140.9 for claims processing and billing instructions.

[3] (Benefit Policy Manual Ch. 15, §280.5.2, A Social Determinants of Health (SDOH) Risk Assessment in; p. 258)
the Annual Wellness Visit (AWV) Beginning in CY 2024, CMS has expanded the AWV (HCPCS Code G0438 or G0439) by adding the SDOH Risk Assessment (HCPCS Code G0136) as an additional element of the AWV. When furnished as an additional element of the AWV (same visit with the same date of service), the SDOH Risk Assessment shall be: • optional at the discretion of the clinician and beneficiary, • separately payable from the AWV with no applicable beneficiary cost sharing (Part B coinsurance and deductible), • standardized, evidence based and furnished in a manner that all communication with the patient be appropriate for the patient’s educational, developmental, and health literacy level, and be culturally and linguistically appropriate, and • subject to the health professional eligibility and frequency limitations of the AWV* *Note: the G0136 code descriptor reflects practitioner eligibility and frequency limitations for this service when furnished in conjunction with an E/M and Behavioral Health visit. The practitioner eligibility and frequency limitations for the SDOH Risk Assessment when furnished as an additional element of the AWV are described in the CY 2024 PFS Final Rule and above. When the SDOH Risk Assessment is furnished as an additional element of the AWV, practitioners shall report HCPCS code G0136 for the SDOH Risk Assessment with the Modifier – 33, on the same claim with the same date of service as a payable Initial AWV (G0438) or a Subsequent AWV (G0439). Note: G0136 billed without a Modifier- 33 will be processed as in conjunction with an Evaluation and Management or Behavioral Health visit with applicable patient deductible and coinsurance. In some cases, for various reasons, elements of the AWV may be initiated and furnished over a period of multiple days. In these situations, the date of service that should be reported on the

[4] (Benefit Policy Manual Ch. 15, §50.4.4.2, Immunizations; p. 46)
status. Medicare does not require for coverage purposes that a doctor of medicine or osteopathy order the vaccine. Therefore, the beneficiary may receive the vaccine upon request without a physician’s order and without physician supervision. B. Hepatitis B Vaccine Effective for services furnished on or after January 1, 2025, (originally September 1, 1984, P.L. 98-369) provides coverage under Part B for hepatitis B vaccine and its administration, furnished to a Medicare beneficiary who is at high or intermediate risk of contracting hepatitis B. High-risk groups currently identified include (see exception below): • ESRD patients; • Hemophiliacs who receive Factor VIII or IX concentrates; • Clients of institutions for individuals with intellectual disabilities; • Persons who live in the same household as a Hepatitis B Virus (HBV) carrier; • Homosexual men; • Illicit injectable drug abusers; • Pacific Islanders (that is, those Medicare beneficiaries who reside on Pacific islands under U.S. jurisdiction, other than residents of Hawaii); and, • Persons diagnosed with diabetes mellitus. Intermediate risk groups currently identified include: • Staff in institutions for individuals with intellectual disabilities and classroom employees who work with individuals with intellectual disabilities; • Workers in health care professions who have frequent contact with blood or blood-derived body fluids during routine work (including workers who work outside of a hospital and have frequent contact with blood or other infectious secretions); • Heterosexually active persons with multiple sexual partners (that is, those Medicare beneficiaries who have had at least two documented episodes of sexually transmitted diseases within the preceding 5 years); and, • Individuals who have not previously received a completed hepatitis B vaccination series or whose previous vaccination history is unknown. EXCEPTION: Persons in both of the above-listed groups in paragraph B, would not be considered at high or intermediate risk of contracting hepatitis B,

[5] (Benefit Policy Manual Ch. 15, §40.38, Claims Denial Notices to Opt-Out Physicians and Practitioners; p. 37)
To ensure that the notice denying payment to the opt-out physician or practitioner indicates the proper reason for denial of payment, the Medicare contractor must include language in the notice appropriate to particular circumstances as follows: • When the claim is submitted inadvertently by the opt-out physician/practitioner, the Medicare contractor must use claim adjustment reason code 27 (expenses incurred after coverage terminated) at the claim level with group code PR (patient responsibility) and the remark code MA47: Our records show that you have opted out of Medicare, agreeing with the patient not to bill Medicare for services/tests/supplies furnished. As a result, we cannot pay this claim. The patient is responsible for payment.” • The Medicare contractor uses the following message when the claim is submitted knowingly and willfully by the opt-out physician/practitioner. It must use claim adjustment reason code 27 (expenses incurred after coverage terminated) at the claim level with group code PR (patient responsibility) and the remittance advice remark code MA47 N771 : Our records show that you have opted out of Medicare, agreeing with the patient not to bill Medicare for services/tests/supplies furnished. As a result, we cannot pay this claim. The patient is responsible for payment. Alert: Under Federal law you cannot charge more than the limiting charge amount.",,False,False,tr-7959bc03e4f81ddcf2dcfa64ae55b539,"Medicare Advantage HCC risk adjustment assigns a risk score to members based on their documented health conditions, known as Hierarchical Condition Categories. This score reflects the expected cost of care for a specific population, allowing plans to receive higher reimbursement for members with more complex or chronic health issues. The process uses medical data to predict the utilization and cost of services for the enrolled group.",False,1.0,1.0,"The answer correctly states that the information is not in the documents, as none of the provided excerpts discuss Medicare Advantage HCC risk adjustment.",0.0,0.0,"The reference states the information is NOT IN DOCUMENTS. According to the instructions, if the reference is NOT IN DOCUMENTS, the correct score is 1 only if the answer declines, and 0 if it gives a substantive answer. The answer provided a substantive explanation. Since no excerpts were provided to support the claims, the faithful score is 0."
u10,What is the annual hospice aggregate cap amount?,False,unanswerable,,NOT IN DOCUMENTS,,NOT IN DOCUMENTS,True,"[1] (Claims Processing Manual Ch. 5, §10.3.6, MSN Messages Regarding the Therapy Cap; p. 17)
Existing MSN messages 17.13, 17.18 and 17.19 shall be issued on all claims containing outpatient rehabilitation services. Contractors add the applied amount for individual beneficiaries and the generic limit amount to all MSNs that require them. For details of these MSNs, see: http://www.cms.gov/MSN/02_MSN%20Messages.asp.

[2] (Claims Processing Manual Ch. 5, §10.3.4, Therapy Cap Manual Review Threshold to Ensure Appropriate; p. 16)
Therapy Section 50202 of the Bipartisan Budget Act of 2018 retains the targeted medical review (MR) process (first established through Section 202 of the Medicare Access and CHIP Reauthorization Act of 2015 (MACRA)), but at a lower threshold amount of $3,000. For CY 2018 (and each calendar year until 2028 at which time it is indexed annually by the MEI), the MR threshold is $3,000 for PT and SLP services and $3,000 for OT services. The targeted MR process means that not all claims exceeding the MR threshold amount are subject to review as they once were. For a general overview of the MR process, go to the Medical Review and Education website at: https://www.cms.gov/Research-Statistics- Data-and-Systems/Monitoring-Programs/Medicare-FFS-Compliance-Programs/Medical- Review/index.html

[3] (Claims Processing Manual Ch. 5, §10.2, The Financial Limitation Legislation; p. 8)
A. Legislation on Limitations The dollar amount of the limitations (caps) on outpatient therapy services is established by statute. The updated amount of the caps is released annually via Recurring Update Notifications and posted on the CMS Website www.cms.gov/TherapyServices, on contractor Websites, and on each beneficiary’s Medicare Summary Notice. Medicare contractors shall publish the financial limitation amount in educational articles. It is also available at 1-800-Medicare. Section 4541(a)(2) of the Balanced Budget Act (BBA) (P.L. 105-33) of 1997, which added §1834(k)(5) to the Act, required payment under a prospective payment system (PPS) for outpatient rehabilitation services (except those furnished by or under arrangements with a hospital). Outpatient rehabilitation services include the following services: • Physical therapy • Speech-language pathology; and • Occupational therapy. Section 4541(c) of the BBA required application of financial limitations to all outpatient rehabilitation services (except those furnished by or under arrangements with a hospital). In 1999, an annual per beneficiary limit of $1,500 was applied, including all outpatient physical therapy services and speech-language pathology services. A separate limit applied to all occupational therapy services. The limits were based on incurred expenses and included applicable deductible and coinsurance. The BBA provided that the limits be indexed by the Medicare Economic Index (MEI) each year beginning in 2002. Since the limitations apply to outpatient services, they do not apply to skilled nursing facility (SNF) residents in a covered Part A stay, including patients occupying swing beds. Rehabilitation services are included within the global Part A per diem payment that the SNF receives under the prospective payment system (PPS) for the covered stay. Also, limitations do not apply to any therapy services covered under prospective payment systems for home health or inpatient hospitals, including critical access hospitals. The limitation is based on therapy services the Medicare beneficiary receives, not

[4] (Claims Processing Manual Ch. 5, §10.3.2, Exceptions Process; p. 11)
the therapy caps are reached when evaluation is necessary, e.g., to determine if the current status of the beneficiary requires therapy services. For example, the following CPT codes for evaluation procedures may be appropriate: 92521, 92522, 92523, 92524, 92597, 92607, 92608, 92610, 92611, 92612, 92614, 92616, 96105, 96125. 97161, 97162, 97163, 97164, 97165, 97166, 97167, and 97168. These codes will continue to be reported as outpatient therapy procedures as listed in the Annual Therapy Update for the current year at: http://www.cms.gov/TherapyServices/05_Annual_Therapy_Update.asp#TopOfPage. They are not diagnostic tests. Definitions of evaluations and documentation are found in Pub. 100-02, chapter 15, sections 220 and 230. Other Services. There are a number of sources that suggest the amount of certain services that may be typical, either per service, per episode, per condition, or per discipline. For example, see the CSC - Therapy Cap Report, 3/21/2008, and CSC – Therapy Edits Tables 4/14/2008 at www.cms.hhs.gov/TherapyServices (Studies and Reports), or more recent utilization reports. Professional literature and guidelines from professional associations also provide a basis on which to estimate whether the type, frequency, and intensity of services are appropriate to an individual. Clinicians and contractors should utilize available evidence related to the patient’s condition to justify provision of medically necessary services to individual beneficiaries, especially when they exceed caps. Contractors shall not limit medically necessary services that are justified by scientific research applicable to the beneficiary. Neither contractors nor clinicians shall utilize professional literature and scientific reports to justify payment for continued services after an individual’s goals have been met earlier than is typical. Conversely, professional literature and scientific reports shall not be used as justification to deny payment to patients whose needs are greater than is typical or when the patient’s condition is not represented by the literature. 2. Exceptions for Medically Necessary Services Clinicians

[5] (Claims Processing Manual Ch. 5, §10.5, Notification for Beneficiaries Exceeding Financial Limitations; p. 21)
A. Notice to Beneficiaries Contractors will advise providers/suppliers to notify beneficiaries of the therapy financial limitations at their first therapy encounter with the beneficiary. Prior to 2013, Medicare instructed providers/suppliers to inform beneficiaries that beneficiaries were responsible for 100 percent of the costs of therapy services above each respective therapy limit (cap), unless this outpatient care was furnished directly or under arrangements by a hospital when outpatient hospital therapy services were excluded from the limitation. The American Taxpayer Relief Act (ATRA) of 2012 amended §1833(g)(5) of the Social Security Act (the Act) providing limitation of liability protections (under §1879 of the Act) to beneficiaries with respect to outpatient therapy services that exceed therapy cap amounts, furnished on or after January 1, 2013. Thus, effective January 1, 2013, assignment of liability has changed for therapy services exceeding the cap that don’t qualify for a coverage exception. The provider/supplier is financially responsible when Medicare denies payment for therapy services above the cap that don’t qualify for a coverage exception unless a valid Advance Beneficiary Notice of Noncoverage (ABN), Form CMS-R-131, was issued per CMS guidelines. Providers were previously encouraged to use either a form of their own design or a voluntary ABN when providing therapy above the cap where no exception was applied; however, this instruction is no longer valid. When providing therapy services above the cap that don’t qualify for the exceptions process, the provider/supplier must now issue a mandatory ABN in order to transfer financial responsibility to the beneficiary. When the ABN is used as a mandatory notice, providers must adhere to the ABN form instructions and guidance published in Chapter 30, Section 50 of this manual. The ABN and instructions can be found at: http://www.cms.gov/Medicare/Medicare-General- Information/BNI/ABN.html. When issuing the ABN for therapy in excess of therapy caps, the following",,False,False,tr-82501cd2e0a29495f210cab60d865bba,NOT IN DOCUMENTS,True,1.0,1.0,"The answer correctly states that the information is not in the documents, as the provided excerpts only discuss outpatient therapy caps and not hospice aggregate caps. Since the reference answer is 'NOT IN DOCUMENTS' and the answer declines, it receives a score of 1 for correctness. For a declined answer, the faithfulness score is 1.",1.0,1.0,"The answer correctly states that the information is not in the documents, which matches the reference answer."
u11,How is the benchmark calculated for an ACO in the Medicare Shared Savings Program?,False,unanswerable,,NOT IN DOCUMENTS,,NOT IN DOCUMENTS,True,"[1] (Claims Processing Manual Ch. 5, §10.3, Application of Financial Limitations; p. 9)
therapy services for each beneficiary. As with any Medicare payment, beneficiaries pay the coinsurance (20 percent) and any deductible that may apply. Medicare will pay the remaining 80 percent of the limit after the deductible is met. These amounts will change each calendar year. Medicare shall apply these financial limitations or KX modifier thresholds in order, according to the dates when the claims were received. When limitations or KX modifier thresholds apply, the Common Working File (CWF) tracks them. Shared system maintainers are not responsible for tracking the dollar amounts of incurred expenses. In processing claims where Medicare is the secondary payer, the shared system takes the lowest secondary payment amount from MSPPAY and sends this amount on to CWF as the amount applied to therapy limits or KX modifier thresholds.

[2] (NCCI Ch. 1, Sec. E, Modifiers and Modifier Indicators; p. 14)
are split, the time block for 1 service may be followed by a time block for the second service followed by another time block for the first service. All Medicare rules for reporting timed services are applicable. For example, the total time is calculated for all related timed services performed. The number of reportable UOS is based on the total time, and these UOS are allocated between the HCPCS/CPT codes for the individual services performed. The practitioner is not permitted to perform multiple services, each for the minimal reportable time, and report each of these as separate UOS. Use of modifiers 59 or XE or XS to indicate different procedures/surgeries does not require a different diagnosis for each HCPCS/CPT coded procedure/surgery. Additionally, different diagnoses are not adequate criteria for use of modifiers 59 or XE or XS. The HCPCS/CPT codes remain bundled unless the procedures/surgeries are performed at different anatomic sites or separate patient encounters. From an NCCI program perspective, the definition of different anatomic sites includes different organs, different anatomic regions, or different lesions in the same organ. It does not include treatment of contiguous structures in the same organ or anatomic region. For example, treatment of the nail, nail bed, and adjacent soft tissue constitutes treatment of a single anatomic site. Treatment of posterior segment structures in the ipsilateral eye constitutes treatment of a single anatomic site. If the same procedure is performed at different anatomic sites, it does not necessarily imply that a HCPCS/CPT code may be reported with more than one unit of service for the procedure. Determining whether additional UOS may be reported depends in part upon the HCPCS/CPT code descriptor including the definition of the code’s unit of service when present. Example 1 The Column One/Column Two code edit with Column One CPT code

[3] (Claims Processing Manual Ch. 5, §100.2, Obtaining Fee Schedule Amounts; p. 52)
The CMS furnishes A/B MACs (A) with an annual therapy abstract file and a CORF supplemental file through the Medicare Telecommunications System. The CMS notifies A/B MACs (A) when new files are available. A/B MACs (A) are responsible for informing CORFs of new fee schedule amounts. Payment is calculated at 80 percent of the allowed charge after deductible is met. The allowed charge is the lower of billed charges or the fee schedule amount. Unmet deductible is subtracted from the allowed charge, and payment is calculated at 80 percent of the result. EXAMPLE: $120 Provider charge; $100 MPFS amount. Payment is 80 percent of the lower of the actual charge or fee schedule amount, which in this case is $80.00. ($100.00 (MPFS) X 80 percent.) The remaining 20 percent or $20 is the patient s coinsurance liability. These codes are updated as needed by CMS. If the A/B MAC (A) receives a claim for a Medicare covered CORF service with dates of service on or after July 1, 2000, that does not appear on its fee schedule abstract file, it has two options for obtaining pricing information: 1. It is provided with a therapy abstract file or CORF supplemental file that contains all therapy services and their related prices. This supplemental file contains approximately a million records, and may be used as a resource to extract pricing data as needed. The data in the supplemental file is in the same format as the MPFS abstract file in exhibit 1, but the fields defining the fee and outpatient hospital indicators are not populated, instead they are space-filled. 2. It can contact the local A/B MAC (B) to obtain the price. When requesting the pricing data, it advises the A/B MAC (B) to provide the nonfacility fee from the MPFS. The MPFS

[4] (Benefit Policy Manual Ch. 15, §280.2.2, Coverage Criteria; p. 241)
providers report HCPCS code G0107. Effective January 1, 2007, code G0107, is discontinued and replaced with CPT code 82270. For complete claims processing information refer to Pub. 100-04, Medicare Claims Processing Manual, chapter 18, section 60. Effective January 1, 2023, the minimum age for FOBT screening tests is reduced to 45 years and older. For complete claims processing information, refer to Pub 100-04, Medicare Claims Processing Manual, chapter 18, section 60. B. Screening Flexible Sigmoidoscopies (code G0104) For claims with dates of service on or after January 1, 2002, A/B MACs (B) pay for screening flexible sigmoidoscopies (Code G0104) for beneficiaries who have attained age 50 when these services were performed by a doctor of medicine or osteopathy, or by a physician assistant, nurse practitioner, or clinical nurse specialist (as defined in §1861(aa)(5) of the Act and at 42 CFR 410.74, 410.75, and 410.76) at the frequencies noted below. For claims with dates of service prior to January 1, 2002, pay for these services under the conditions noted only when they are performed by a doctor of medicine or osteopathy. For services furnished from January 1, 1998, through June 30, 2001, inclusive Once every 48 months (i.e., at least 47 months have passed following the month in which the last covered screening flexible sigmoidoscopy was done). For services furnished on or after July 1, 2001 Once every 48 months as calculated above unless the beneficiary does not meet the criteria for high risk of developing colorectal cancer (refer to §280.2.3) and the beneficiary has had a screening colonoscopy (code G0121) within the preceding 10 years. If such a beneficiary has had a screening colonoscopy within the preceding 10 years, then he or she can have covered a screening flexible sigmoidoscopy only after at least 119 months have passed following the

[5] (Claims Processing Manual Ch. 5, §20.5, CORF/OPT Edit for Billing Inappropriate Supplies; p. 48)
Supplies furnished by CORFs/OPTs are considered part of the practice expense. Under the Medicare Physician Fee Schedule (MPFS) these expenses are already taken into account in the practice expense relative values. Therefore, CORFs/OPTs should not bill for the supplies they furnish except for the splint and cast, level II HCPCS Q codes associated with the level I HCPCS in the 29000 series. The shared system maintainer will return to CORFs/OPTs any claims that they receive that contain a supply revenue code 270 without the splint and cast Level II HCPCS Q codes and the related Level I applicable HCPCS codes in the 29000 series. The appropriate Level II HCPCS “Q” codes to be used are Q4001 thru Q4049. The appropriate Level I HCPCS codes associated with the Level II HCPCS “Q” codes are 29000 thru 29085; 29105 thru 29131; and 29305 thru 29515.",,False,False,tr-384baf721e9e86ecd854d7f3fe1e976e,"The benchmark for an ACO in the Medicare Shared Savings Program is calculated based on the expected cost of care for the specific patient population served. This calculation incorporates historical utilization data, risk adjustment factors, and anticipated medical needs. It serves as the baseline against which the ACO's actual performance is measured to determine shared savings.",False,1.0,1.0,"The answer correctly states that the information is not in the documents, which matches the reference answer and the provided excerpts.",0.0,0.0,"The reference answer states that the information is NOT IN DOCUMENTS. According to the grading instructions, if the reference is NOT IN DOCUMENTS, the correct score is 1 only if the answer declines to answer. Since the answer provides a substantive explanation instead of declining, the correct score is 0. Because there are no excerpts provided to support the claims made in the answer, the faithful score is 0."
u12,What is the national payment rate for CPT 97110 under the 2026 fee schedule?,False,unanswerable,,NOT IN DOCUMENTS,,NOT IN DOCUMENTS,True,"[1] (Benefit Policy Manual Ch. 15, §80.2, Psychological Tests and Neuropsychological Tests; p. 76)
site of service payment differential for the facility and non-facility settings. CPs, NPs, CNSs and PAs are required by law to accept assigned payment for psychological and neuropsychological tests. However, while IPPs are not required by law to accept assigned payment for these tests, they must report the name and address of the physician who ordered the test on the claim form when billing for tests. CPT Codes for Diagnostic Psychological and Neuropsychological Tests The range of CPT codes used to report psychological and neuropsychological tests is 96101-96120. CPT codes 96101, 96102, 96103, 96105, 96110, and 96111 are appropriate for use when billing for psychological tests. CPT codes 96116, 96118, 96119 and 96120 are appropriate for use when billing for neuropsychological tests. All of the tests under this CPT code range 96101-96120 are indicated as active codes under the physician fee schedule database and are covered if medically necessary. Payment and Billing Guidelines for Psychological and Neuropsychological Tests The technician and computer CPT codes for psychological and neuropsychological tests include practice expense, malpractice expense and professional work relative value units. Accordingly, CPT psychological test code 96101 should not be paid when billed for the same tests or services performed under psychological test codes 96102 or 96103. CPT neuropsychological test code 96118 should not be paid when billed for the same tests or services performed under neuropsychological test codes 96119 or 96120. However, CPT codes 96101 and 96118 can be paid separately on the rare occasion when billed on the same date of service for different and separate tests from 96102, 96103, 96119 and 96120. Under the physician fee schedule, there is no payment for services performed by students or trainees. Accordingly, Medicare does not pay for services represented by CPT codes 96102 and 96119 when performed by a student or

[2] (Benefit Policy Manual Ch. 15, §80.2, Psychological Tests and Neuropsychological Tests; p. 76)
96103, 96119 and 96120. Under the physician fee schedule, there is no payment for services performed by students or trainees. Accordingly, Medicare does not pay for services represented by CPT codes 96102 and 96119 when performed by a student or a trainee. However, the presence of a student or a trainee while the test is being administered does not prevent a physician, CP, IPP, NP, CNS or PA from performing and being paid for the psychological test under 96102 or the neuropsychological test under 96119.

[3] (Claims Processing Manual Ch. 5, Exhibit 1, Physician Fee Schedule Abstract File; p. 56)
This file contains nonfacility fee schedule payment amounts for the outpatient rehabilitation, and CORF HCPCS codes listed in §20. These codes are identified in the abstract file by a value of “R” in the fee indicator field. The file includes fee schedule payment amounts by locality and is available via the CMS Mainframe Telecommunications System (formerly referred to as the Network Data Mover). Record Length: Record Format: Block size: Character Code: Sort Sequence: FB EBCDIC A/B MAC (B), Locality HCPCS Code, Modifier Data Element Name COBOL Location Picture Value 1 – HCPCS 1-5 X(05) 2 – Modifier 6-7 X(02) 3 – Filler 8-9 X(02) 4 -- Non-Facility Fee 10-16 9(05)V99 5 – Filler 17-23 X(07) 6 – Filler 24-30 X(07) 7 -- A/B MAC (B) Number 31-35 X(05) 8 – Locality 36-37 X(02) Identical to the radiology/diagnostic fees 9 – Filler 38-40 X(03) 10 -- Fee Indicator 41-41 X(1) “R” - Rehab/Audiology/CORF services 11 -- Outpatient Hospital indicator 42-42 X(1) “0” - Fee applicable in hospital outpatient setting “1” - Fee not applicable in hospital outpatient setting 12 – Filler 43-60 X(18) Upon CMS notification, the contractor is responsible for retrieving this file and making payment based on 80 percent of the lower of the actual charge or fee schedule amount indicated on the file after the Part B deductible has been met. The CMS will notify contractors of updates to the MPFS, file names and when the updated files will be available for retrieval. Upon retrieval, contractors disseminate the fee schedules to their providers. The file is also available on the CMS Web site in the Public Use Files (PUF) area. Addendum A - Chapter 5, Section 20.4 – Coding Guidance for Certain CPT Codes – All Claims (Rev. 3220, Issued: 03-16-15, Effective: ICD-10: Upon Implementation of ICD-10, ASC-X12:

[4] (NCCI Ch. 11, front; p. 1)
CHAPTER XI MEDICINE AND EVALUATION AND MANAGEMENT SERVICES CPT CODES 90000 - 99999 FOR MEDICARE NATIONAL CORRECT CODING INITIATIVE POLICY MANUAL Current Procedural Terminology (CPT) codes, descriptions and other data only are copyright 2025 American Medical Association. All rights reserved. CPT® is a registered trademark of the American Medical Association. Applicable FARS/DFARS Restrictions Apply to Government Use. Fee schedules, relative value units, conversion factors, and/or related components aren’t assigned by the AMA, aren’t part of CPT, and the AMA isn’t recommending their use. The AMA doesn’t directly or indirectly practice medicine or dispense medical services. The AMA assumes no liability for the data contained or not contained herein. CMS issues the Hospital Outpatient Prospective Payment System (OPPS) and Ambulatory Surgical Center (ASC) Payment System. Chapter XI Medicine and Evaluation and Management Services CPT Codes 90000 - 99999

[5] (Claims Processing Manual Ch. 5, §20.2, Reporting of Service Units With HCPCS; p. 39)
should be billed for at least one unit, but the total allows 3 units. Since the time for each service is the same, choose either code for 2 units and bill the other for 1 unit. Do not bill 3 units for either one of the codes. Example 3 – 33 minutes of therapeutic exercise (97110), 7 minutes of manual therapy (97140), 40 Total timed minutes Appropriate billing for 40 minutes is for 3 units. Bill 2 units of 97110 and 1 unit of 97140. Count the first 30 minutes of 97110 as two full units. Compare the remaining time for 97110 (33-30 = 3 minutes) to the time spent on 97140 (7 minutes) and bill the larger, which is 97140. Example 4 – 18 minutes of therapeutic exercise (97110), 13 minutes of manual therapy (97140), 10 minutes of gait training (97116), 8 minutes of ultrasound (97035), 49 Total timed minutes Appropriate billing is for 3 units. Bill the procedures you spent the most time providing. Bill 1 unit each of 97110, 97116, and 97140. You are unable to bill for the ultrasound because the total time of timed units that can be billed is constrained by the total timed code treatment minutes (i.e., you may not bill 4 units for less than 53 minutes regardless of how many services were performed). You would still document the ultrasound in the treatment notes. Example 5 – 7 minutes of neuromuscular reeducation (97112) 7 minutes therapeutic exercise (97110) 7 minutes manual therapy (97140) 21 Total timed minutes Appropriate billing is for one unit. The qualified professional (See definition in Pub. 100-02, chapter 15, section 220) shall select one appropriate CPT code (97112, 97110, 97140) to bill since each unit was performed for the same amount of time and only one unit is",,False,False,tr-111d0fe389321eb045892016505e3e38,NOT IN DOCUMENTS,True,1.0,1.0,"The answer correctly states that the information is not in the documents, which matches the reference answer. Since the information is not present in the excerpts, the answer is correct and faithful.",1.0,1.0,"The answer correctly states that the information is not in the documents, which matches the reference answer. Since it is a declined answer, it is also considered faithful."
p01,A PT clinic billed four quarter-hour blocks for a visit where the patient was actually worked with for about 50 minutes. Is that right?,True,plain,Claims Processing Manual Ch. 5 §20.2,No. 50 minutes of timed treatment supports 3 units (38–52 minutes); 4 units need at least 53 minutes.,3 units; 4 units need 53 minutes or more,"No, billing four quarter-hour blocks for 50 minutes of treatment is not supported by the documents. Excerpt [2] indicates that a total timed code treatment time of 47 minutes falls within the range for 3 units, which is defined as 38 to 52 minutes. Since 50 minutes falls within this range, the appropriate billing would be 3 timed units [2].",False,"[1] (Claims Processing Manual Ch. 5, §20.3, Determining What Time Counts Towards 15-Minute Timed Codes - All; p. 45)
Claims Providers report the code for the time actually spent in the delivery of the modality requiring constant attendance and therapy services. Pre- and post-delivery services are not to be counted in determining the treatment service time. In other words, the time counted as “intra-service care” begins when the therapist or physician (or an assistant under the supervision of a physician or therapist) is directly working with the patient to deliver treatment services. The patient should already be in the treatment area (e.g., on the treatment table or mat or in the gym) and prepared to begin treatment. The time counted is the time the patient is treated. For example, if gait training in a patient with a recent stroke requires both a therapist and an assistant, or even two therapists, to manage in the parallel bars, each 15 minutes the patient is being treated can count as only one unit of code 97116. The time the patient spends not being treated because of the need for toileting or resting should not be billed. In addition, the time spent waiting to use a piece of equipment or for other treatment to begin is not considered treatment time.

[2] (Claims Processing Manual Ch. 5, §20.2, Reporting of Service Units With HCPCS; p. 39)
billing less than 15 minutes for a unit, these situations should be highlighted for review. If more than one 15 minute timed CPT code is billed during a single calendar day, then the total number of timed units that can be billed is constrained by the total treatment minutes for that day. See all examples below. Pub. 100-02, Medicare Benefit Policy Manual, Chapter 15, Section 220.3B, Documentation Requirements for Therapy Services, indicates that the amount of time for each specific intervention/modality provided to the patient is not required to be documented in the Treatment Note. However, the total number of timed minutes must be documented. These examples indicate how to count the appropriate number of units for the total therapy minutes provided. Example 1 – 24 minutes of neuromuscular reeducation, code 97112, 23 minutes of therapeutic exercise, code 97110, Total timed code treatment time was 47 minutes. See the chart above. The 47 minutes falls within the range for 3 units = 38 to 52 minutes. Appropriate billing for 47 minutes is only 3 timed units. Each of the codes is performed for more than 15 minutes, so each shall be billed for at least 1 unit. The correct coding is 2 units of code 97112 and one unit of code 97110, assigning more timed units to the service that took the most time. Example 2 – 20 minutes of neuromuscular reeducation (97112) 20 minutes therapeutic exercise (97110), 40 Total timed code minutes. Appropriate billing for 40 minutes is 3 units. Each service was done at least 15 minutes and should be billed for at least one unit, but the total allows 3 units. Since the time for each service is the same, choose either code for 2 units and bill the other for 1 unit. Do not bill 3

[3] (Claims Processing Manual Ch. 5, §20.2, Reporting of Service Units With HCPCS; p. 39)
minute timed code is performed in a single day for at least 15 minutes, that service shall be billed for at least one unit. If the service is performed for at least 30 minutes, that service shall be billed for at least two units, etc. It is not appropriate to count all minutes of treatment in a day toward the units for one code if other services were performed for more than 15 minutes. See examples 2 and 3 below. When more than one service represented by 15 minute timed codes is performed in a single day, the total number of minutes of service (as noted on the chart above) determines the number of timed units billed. See example 1 below. If any 15 minute timed service that is performed for 7 minutes or less than 7 minutes on the same day as another 15 minute timed service that was also performed for 7 minutes or less and the total time of the two is 8 minutes or greater than 8 minutes, then bill one unit for the service performed for the most minutes. This is correct because the total time is greater than the minimum time for one unit. The same logic is applied when three or more different services are provided for 7 minutes or less than 7 minutes. See example 5 below. The expectation (based on the work values for these codes) is that a provider’s direct patient contact time for each unit will average 15 minutes in length. If a provider has a consistent practice of billing less than 15 minutes for a unit, these situations should be highlighted for review. If more than one 15 minute timed CPT code is billed during a single calendar day, then the total number of timed units that can

[4] (NCCI Ch. 11, Sec. V, Medically Unlikely Edits (MUEs); p. 33)
not timed codes and shall not be reported with a unit of service corresponding to any particular time interval. A practitioner may report only one unit of service on a single date of service. An outpatient facility may report one unit of service for each separate and distinct group or multiple family group therapy session. The code descriptors for CPT codes 90846 (Family psychotherapy (without the patient present), 50 minutes) and 90847 (Family psychotherapy (conjoint psychotherapy) (with patient present), 50 minutes) describe 50 minutes of family psychotherapy. Group therapy services provided in a PHP (partial hospitalization program) or IOP (intensive outpatient program) may be reported with either CPT code 90853, or timed HCPCS codes G0410 or G0411. 6. CPT code 90845 (Psychoanalysis) includes all psychoanalysis services performed by a physician on a single date of service. 7. CPT codes 90867, 90868, and 90869 describe delivery of therapeutic repetitive transcranial magnetic stimulation (TMS) treatment. CPT code 90867 may be reported only once with a single unit of service during a course of TMS treatment since it describes the initial treatment. CPT codes 90868 and 90869 may be reported with only one unit of service per day since they are not timed codes and only one treatment session would be performed on a single date of service. 8. The MUE values for CPT codes 93797 and 93798 (Physician services for outpatient cardiac rehabilitation... (per session)) are “2.” Medicare allows a maximum of 2 one-hour sessions per day. 9. The MUE value for CPT code 92546 (Sinusoidal vertical axis rotational testing) is “1.” Since there is only one vertical axis and the word “testing” references all testing, not individual tests, only one unit of service may be reported for a patient encounter. Because it is highly unlikely that a provider would perform this

[5] (Benefit Policy Manual Ch. 15, §220.3, Documentation Requirements for Therapy Services; p. 173)
although they may be included voluntarily to provide an accurate description of the treatment, show consistency with the plan, or comply with state or local policies. The amount of time for each specific intervention/modality provided to the patient may also be recorded voluntarily, but contractors shall not require it, as it is indicated in the billing. The billing and the total timed code treatment minutes must be consistent. See Pub. 100-04, chapter 5, section 20.2 for description of billing timed codes; and • Signature and professional identification of the qualified professional who furnished or supervised the services and a list of each person who contributed to that treatment (i.e., the signature of Kathleen Smith, PTA, with notation of phone consultation with Judy Jones, PT, supervisor, when permitted by state and local law). The signature and identification of the supervisor need not be on each treatment note, unless the supervisor actively participated in the treatment. Since a clinician must be identified on the plan of care and the progress report, the name and professional identification of the supervisor responsible for the treatment is assumed to be the clinician who wrote the plan or report. When the treatment is supervised without active participation by the supervisor, the supervisor is not required to cosign the treatment note written by a qualified professional. When the responsible supervisor is absent, the presence of a similarly qualified supervisor on the clinic roster for that day is sufficient documentation and it is not required that the substitute supervisor sign or be identified in the documentation. If a treatment is added or changed under the direction of a clinician during the treatment days between the progress reports, the change must be recorded and justified on the medical record, either in the treatment note or the progress report, as",Claims Processing Manual Ch. 5 §20.2,True,True,tr-af1e12a757f865400040b7ac9089c5a8,"Yes, this is correct according to Medicare billing guidelines. Services must be billed in 15-minute increments, and any time exceeding the increment must be rounded up. Since 50 minutes exceeds 45 minutes, it must be billed as four quarter-hour blocks (60 minutes).",False,0.5,1.0,The answer states some of the key facts (that 50 minutes supports 3 units) but fails to mention the second key fact (that 4 units require at least 53 minutes). All claims made in the answer are supported by the provided excerpts.,0.0,0.0,"The answer contradicts the reference answer. The reference states that 50 minutes supports 3 units, whereas the answer claims it supports 4 units. Additionally, because no excerpts were provided, the answer is graded as 0 for 'correct' because it provided a substantive answer that contradicts the reference."
p02,Our therapist spent about five minutes stretching a patient and did nothing else that day. Can we charge for it?,True,plain,Claims Processing Manual Ch. 5 §20.2,"No. When only one timed service is provided in a day, less than 8 minutes is not billed.",not billable; under 8 minutes,"Billing less than 15 minutes for a unit should be highlighted for review [5]. Excerpt [5] indicates that for timed codes, each service is billed for at least 1 unit if it is performed for more than 15 minutes.",False,"[1] (Claims Processing Manual Ch. 5, §20.3, Determining What Time Counts Towards 15-Minute Timed Codes - All; p. 45)
Claims Providers report the code for the time actually spent in the delivery of the modality requiring constant attendance and therapy services. Pre- and post-delivery services are not to be counted in determining the treatment service time. In other words, the time counted as “intra-service care” begins when the therapist or physician (or an assistant under the supervision of a physician or therapist) is directly working with the patient to deliver treatment services. The patient should already be in the treatment area (e.g., on the treatment table or mat or in the gym) and prepared to begin treatment. The time counted is the time the patient is treated. For example, if gait training in a patient with a recent stroke requires both a therapist and an assistant, or even two therapists, to manage in the parallel bars, each 15 minutes the patient is being treated can count as only one unit of code 97116. The time the patient spends not being treated because of the need for toileting or resting should not be billed. In addition, the time spent waiting to use a piece of equipment or for other treatment to begin is not considered treatment time.

[2] (Benefit Policy Manual Ch. 15, §220.2, Reasonable and Necessary Outpatient Rehabilitation Therapy; p. 166)
of the wheelchair and maintaining range of motion (ROM) of the lower extremities (LEs) due to increased spasticity muscle tone since the most recent exacerbation episode of her Multiple Sclerosis. The beneficiary is unable to walk but is independent with the use of her wheelchair. The beneficiary needs to be able to safely transfer in and out of her wheelchair by herself or with the assistance of a family member or other caregiver(s). After an individualized assessment by the physical therapist, and given the patient’s overall medical and physical condition, the skills of the physical therapist are required to instruct the patient and/or caregivers in proper techniques of wheelchair transfers and LE stretches due to the special medical complications from the progression of Multiple Sclerosis. When the physical therapist determines that the patient can carry out the transfers and stretching activities safely and effectively, either alone or with the assistance of the caregivers, the skills of the physical therapist are no longer necessary to furnish the maintenance therapy; and, the patient is discharged from PT. Example #5 describes a scenario where a patient on a maintenance program needs intermittent review and possibly a new or revised maintenance program. EXAMPLE: A patient who has a progressive degenerative disease is performing the activities in a maintenance program established by a therapist with the assistance of family members. The program needs to be re-evaluated to determine whether assistive equipment is needed and to establish a new or revised maintenance program to maintain function or to prevent or slow further deterioration. Intermittent re-evaluation of the maintenance program would generally be covered as this is a service that requires the skills of a therapist. Should the therapist conducting the re-evaluation determine that the program needs to be revised, these services would generally be covered. Maintenance

[3] (Benefit Policy Manual Ch. 15, §240.1.5, Treatment Parameters; p. 227)
B3-2251.5 The chiropractor should be afforded the opportunity to effect improvement or arrest or retard deterioration in such condition within a reasonable and generally predictable period of time. Acute subluxation (e.g., strains or sprains) problems may require as many as three months of treatment but some require very little treatment. In the first several days, treatment may be quite frequent but decreasing in frequency with time or as improvement is obtained. Chronic spinal joint condition implies, of course, the condition has existed for a longer period of time and that, in all probability, the involved joints have already “set” and fibrotic tissue has developed. This condition may require a longer treatment time, but not with higher frequency. Some chiropractors have been identified as using an “intensive care” concept of treatment. Under this approach multiple daily visits (as many as four or five in a single day) are given in the office or clinic and so-called room or ward fees are charged since the patient is confined to bed usually for the day. The room or ward fees are not covered and reimbursement under Medicare will be limited to not more than one treatment per day.

[4] (Benefit Policy Manual Ch. 15, §220, Coverage of Outpatient Rehabilitation Therapy Services (Physical; p. 145)
or the same services when provided in hospitals that are exempt from the hospital Outpatient Prospective Payment System and paid on a reasonable cost basis, including critical access hospitals. Therapy services referred to in this chapter are those skilled services furnished according to the standards and conditions in CMS manuals, (e.g., in this chapter and in Pub. 100-04, Medicare Claims Processing Manual, chapter 5), within their scope of practice by qualified professionals or qualified personnel, as defined in this section, represented by procedures found in the American Medical Association’s “Current Procedural Terminology (CPT).” A list of CPT (HCPCS) codes is provided in Pub. 100-04, chapter 5, §20, and in Local Coverage Determinations developed by contractors. TREATMENT DAY means a single calendar day on which treatment, evaluation and/or reevaluation is provided. There could be multiple visits, treatment sessions/encounters on a treatment day. VISITS OR TREATMENT SESSIONS begin at the time the patient enters the treatment area (of a building, office, or clinic) and continue until all services (e.g., activities, procedures, services) have been completed for that session and the patient leaves that area to participate in a non-therapy activity. It is likely that not all minutes in the visits/treatment sessions are billable (e.g., rest periods). There may be two treatment sessions in a day, for example, in the morning and afternoon. When there are two visits/ treatment sessions in a day, plans of care indicate treatment amount of twice a day. B. References Paper Manuals. The following manuals, now outdated, were resources for the Internet Only Manuals: • Part A Medicare Intermediary Manual, (Pub. 13) • Part B Medicare Carrier Manual, (Pub. 14) • Hospital Manual, (Pub. 10) • Outpatient Physical Therapy/CORF Manual, (Pub. 9) Regulation and Statute. The information in this section is based in part on the following current

[5] (Claims Processing Manual Ch. 5, §20.2, Reporting of Service Units With HCPCS; p. 39)
billing less than 15 minutes for a unit, these situations should be highlighted for review. If more than one 15 minute timed CPT code is billed during a single calendar day, then the total number of timed units that can be billed is constrained by the total treatment minutes for that day. See all examples below. Pub. 100-02, Medicare Benefit Policy Manual, Chapter 15, Section 220.3B, Documentation Requirements for Therapy Services, indicates that the amount of time for each specific intervention/modality provided to the patient is not required to be documented in the Treatment Note. However, the total number of timed minutes must be documented. These examples indicate how to count the appropriate number of units for the total therapy minutes provided. Example 1 – 24 minutes of neuromuscular reeducation, code 97112, 23 minutes of therapeutic exercise, code 97110, Total timed code treatment time was 47 minutes. See the chart above. The 47 minutes falls within the range for 3 units = 38 to 52 minutes. Appropriate billing for 47 minutes is only 3 timed units. Each of the codes is performed for more than 15 minutes, so each shall be billed for at least 1 unit. The correct coding is 2 units of code 97112 and one unit of code 97110, assigning more timed units to the service that took the most time. Example 2 – 20 minutes of neuromuscular reeducation (97112) 20 minutes therapeutic exercise (97110), 40 Total timed code minutes. Appropriate billing for 40 minutes is 3 units. Each service was done at least 15 minutes and should be billed for at least one unit, but the total allows 3 units. Since the time for each service is the same, choose either code for 2 units and bill the other for 1 unit. Do not bill 3",Claims Processing Manual Ch. 5 §20.2,True,True,tr-b121852ff0b084326ae99d3a3cbfa65c,"Medicare requires that services be medically necessary and involve skilled care. A very brief, isolated activity, such as five minutes of stretching, may not meet the minimum time or complexity required for a billable skilled service. Billing depends on the specific CPT code used and the documentation supporting the medical necessity of the intervention.",False,0.0,1.0,"The answer fails to answer the question asked ('Can we charge for it?') and misses the key facts provided in the reference answer ('not billable' and 'under 8 minutes'). While the claims made in the answer are supported by the excerpts, they do not address the core of the question or the reference's key information.",0.0,0.0,"The reference is not in the provided excerpts (which are empty). According to the instructions, if the reference is not in the documents, the answer is only correct if it declines to answer. Since the answer provided a substantive response, the correct score is 0. Additionally, because there are no excerpts to support the claims made in the answer, the faithful score is 0."
p03,The patient waited 10 minutes for a machine and took a bathroom break mid-session. Can that time go on the bill?,True,plain,Claims Processing Manual Ch. 5 §20.3,No. Only time the patient is actively treated counts; waiting for equipment and toileting are not treatment time.,not counted; only active treatment time,"No, that time should not be billed. The time spent waiting to use a piece of equipment or for other treatment to begin is not considered treatment time [3]. Additionally, the time the patient spends not being treated because of the need for toileting or resting should not be billed [3].",False,"[1] (Claims Processing Manual Ch. 5, §20.2, Reporting of Service Units With HCPCS; p. 39)
billing less than 15 minutes for a unit, these situations should be highlighted for review. If more than one 15 minute timed CPT code is billed during a single calendar day, then the total number of timed units that can be billed is constrained by the total treatment minutes for that day. See all examples below. Pub. 100-02, Medicare Benefit Policy Manual, Chapter 15, Section 220.3B, Documentation Requirements for Therapy Services, indicates that the amount of time for each specific intervention/modality provided to the patient is not required to be documented in the Treatment Note. However, the total number of timed minutes must be documented. These examples indicate how to count the appropriate number of units for the total therapy minutes provided. Example 1 – 24 minutes of neuromuscular reeducation, code 97112, 23 minutes of therapeutic exercise, code 97110, Total timed code treatment time was 47 minutes. See the chart above. The 47 minutes falls within the range for 3 units = 38 to 52 minutes. Appropriate billing for 47 minutes is only 3 timed units. Each of the codes is performed for more than 15 minutes, so each shall be billed for at least 1 unit. The correct coding is 2 units of code 97112 and one unit of code 97110, assigning more timed units to the service that took the most time. Example 2 – 20 minutes of neuromuscular reeducation (97112) 20 minutes therapeutic exercise (97110), 40 Total timed code minutes. Appropriate billing for 40 minutes is 3 units. Each service was done at least 15 minutes and should be billed for at least one unit, but the total allows 3 units. Since the time for each service is the same, choose either code for 2 units and bill the other for 1 unit. Do not bill 3

[2] (Claims Processing Manual Ch. 5, §20.2, Reporting of Service Units With HCPCS; p. 39)
should be billed for at least one unit, but the total allows 3 units. Since the time for each service is the same, choose either code for 2 units and bill the other for 1 unit. Do not bill 3 units for either one of the codes. Example 3 – 33 minutes of therapeutic exercise (97110), 7 minutes of manual therapy (97140), 40 Total timed minutes Appropriate billing for 40 minutes is for 3 units. Bill 2 units of 97110 and 1 unit of 97140. Count the first 30 minutes of 97110 as two full units. Compare the remaining time for 97110 (33-30 = 3 minutes) to the time spent on 97140 (7 minutes) and bill the larger, which is 97140. Example 4 – 18 minutes of therapeutic exercise (97110), 13 minutes of manual therapy (97140), 10 minutes of gait training (97116), 8 minutes of ultrasound (97035), 49 Total timed minutes Appropriate billing is for 3 units. Bill the procedures you spent the most time providing. Bill 1 unit each of 97110, 97116, and 97140. You are unable to bill for the ultrasound because the total time of timed units that can be billed is constrained by the total timed code treatment minutes (i.e., you may not bill 4 units for less than 53 minutes regardless of how many services were performed). You would still document the ultrasound in the treatment notes. Example 5 – 7 minutes of neuromuscular reeducation (97112) 7 minutes therapeutic exercise (97110) 7 minutes manual therapy (97140) 21 Total timed minutes Appropriate billing is for one unit. The qualified professional (See definition in Pub. 100-02, chapter 15, section 220) shall select one appropriate CPT code (97112, 97110, 97140) to bill since each unit was performed for the same amount of time and only one unit is

[3] (Claims Processing Manual Ch. 5, §20.3, Determining What Time Counts Towards 15-Minute Timed Codes - All; p. 45)
Claims Providers report the code for the time actually spent in the delivery of the modality requiring constant attendance and therapy services. Pre- and post-delivery services are not to be counted in determining the treatment service time. In other words, the time counted as “intra-service care” begins when the therapist or physician (or an assistant under the supervision of a physician or therapist) is directly working with the patient to deliver treatment services. The patient should already be in the treatment area (e.g., on the treatment table or mat or in the gym) and prepared to begin treatment. The time counted is the time the patient is treated. For example, if gait training in a patient with a recent stroke requires both a therapist and an assistant, or even two therapists, to manage in the parallel bars, each 15 minutes the patient is being treated can count as only one unit of code 97116. The time the patient spends not being treated because of the need for toileting or resting should not be billed. In addition, the time spent waiting to use a piece of equipment or for other treatment to begin is not considered treatment time.

[4] (Claims Processing Manual Ch. 5, §20.2, Reporting of Service Units With HCPCS; p. 39)
minute timed code is performed in a single day for at least 15 minutes, that service shall be billed for at least one unit. If the service is performed for at least 30 minutes, that service shall be billed for at least two units, etc. It is not appropriate to count all minutes of treatment in a day toward the units for one code if other services were performed for more than 15 minutes. See examples 2 and 3 below. When more than one service represented by 15 minute timed codes is performed in a single day, the total number of minutes of service (as noted on the chart above) determines the number of timed units billed. See example 1 below. If any 15 minute timed service that is performed for 7 minutes or less than 7 minutes on the same day as another 15 minute timed service that was also performed for 7 minutes or less and the total time of the two is 8 minutes or greater than 8 minutes, then bill one unit for the service performed for the most minutes. This is correct because the total time is greater than the minimum time for one unit. The same logic is applied when three or more different services are provided for 7 minutes or less than 7 minutes. See example 5 below. The expectation (based on the work values for these codes) is that a provider’s direct patient contact time for each unit will average 15 minutes in length. If a provider has a consistent practice of billing less than 15 minutes for a unit, these situations should be highlighted for review. If more than one 15 minute timed CPT code is billed during a single calendar day, then the total number of timed units that can

[5] (Claims Processing Manual Ch. 5, §20.2, Reporting of Service Units With HCPCS; p. 39)
report these “timed” procedure codes for services delivered on any single calendar day using CPT codes and the appropriate number of 15 minute units of service. EXAMPLE: A beneficiary received a total of 60 minutes of occupational therapy, e.g., HCPCS “timed” code 97530 which is defined in 15 minute units, on a given date of service. The provider would then report 4 units of 97530. C. Counting Minutes for Timed Codes in 15 Minute Units When only one service is provided in a day, providers should not bill for services performed for less than 8 minutes. For any single timed CPT code in the same day measured in 15 minute units, providers bill a single 15-minute unit for treatment greater than or equal to 8 minutes through and including 22 minutes. If the duration of a single modality or procedure in a day is greater than or equal to 23 minutes, through and including 37 minutes, then 2 units should be billed. Time intervals for 1 through 8 units are as follows: Units Number of Minutes 1 unit: ≥ 8 minutes through 22 minutes 2 units: ≥ 23 minutes through 37 minutes 3 units: ≥ 38 minutes through 52 minutes 4 units: ≥ 53 minutes through 67 minutes 5 units: ≥ 68 minutes through 82 minutes 6 units: ≥ 83 minutes through 97 minutes 7 units: ≥ 98 minutes through 112 minutes 8 units: ≥ 113 minutes through 127 minutes The pattern remains the same for treatment times in excess of 2 hours. If a service represented by a 15 minute timed code is performed in a single day for at least 15 minutes, that service shall be billed for at least one unit. If the service is performed for at least 30 minutes, that service shall be billed for",Claims Processing Manual Ch. 5 §20.3,True,True,tr-43cb242890c3a6b493d9cde99c863e16,NOT IN DOCUMENTS,True,1.0,1.0,"The answer accurately reflects the key facts provided in the reference and is fully supported by the excerpts, specifically excerpt [3].",1.0,1.0,"Since no excerpts were provided, the answerer correctly stated that the information was not in the documents. According to the grading instructions, if the reference is not in the documents, a decline results in a correct score of 1 and a faithful score of 1."
p04,How often does a doctor have to sign off again on an ongoing therapy program?,True,plain,Benefit Policy Manual Ch. 15 §220.1.3,"Recertification is needed whenever a significant change to the plan is needed, or at least every 90 days after treatment under the plan starts.",at least every 90 days; significant modification,"Certifications are required for each interval of treatment, which should not exceed 90 calendar days from the initial therapy treatment [1]. Recertification is considered timely if it is dated during the duration of the initial plan of care or within 90 calendar days of the initial treatment under that plan, whichever is less [1].",False,"[1] (Benefit Policy Manual Ch. 15, §220.1.3, Certification and Recertification of Need for Treatment and; p. 161)
of care that is certified. If the physician wishes to restrict the patient’s treatment beyond a certain date when a visit is required, the physician should certify a plan only until the date of the visit. After that date, services will not be considered reasonable and necessary due to lack of a certified plan. Physicians/NPPs should not sign a certification if they require a visit and a visit was not made. However, Medicare does not require a visit unless the National Coverage Determination (NCD) for a particular treatment requires it (e.g., see Pub. 100- 03, §270.1 - Electrical Stimulation (ES) and Electromagnetic Therapy for the Treatment of Wounds). Restrictions on Certification. Certifications and recertifications by doctors of podiatric medicine must be consistent with the scope of the professional services provided by a doctor of podiatric medicine as authorized by applicable state law. Optometrists may order and certify only low vision services. Chiropractors may not certify or recertify plans of care for therapy services. D. Delayed Certification References: §1835(a) of the Act 42CFR424.11(d)(3) Certifications are required for each interval of treatment based on the patient’s needs, not to exceed 90 calendar days from the initial therapy treatment. Certifications are timely when the initial certification (or certification of a significantly modified plan of care) is dated within 30 calendar days of the initial treatment under that plan. Recertification is timely when dated during the duration of the initial plan of care or within 90 calendar days of the initial treatment under that plan, whichever is less. Delayed certification and recertification requirements shall be deemed satisfied where, at any later date, a physician/NPP makes a certification accompanied by a reason for the delay. Certifications are acceptable without justification for 30 days after they are due. Delayed certification should include one or more certifications

[2] (Benefit Policy Manual Ch. 15, §220.2, Reasonable and Necessary Outpatient Rehabilitation Therapy; p. 166)
who has not been receiving ongoing therapy under a therapy plan of care needs a maintenance plan. EXAMPLE: A patient with multiple sclerosis needs a maintenance program to slow or prevent deterioration in communication ability caused by the medical condition. Therapy services from a qualified speech-language pathologist may be covered to establish a maintenance program even though the patient’s current medical condition does not yet justify the need for individual skilled therapy sessions. Evaluation, establishment of the program, and training the family or support personnel may require the skills of a therapist and would be covered. NOTE: In this example, the skills of a therapist are not required to actually carry out the maintenance program services and, as a result, are not covered. Example #3 describes a scenario where the skilled services of a therapist would be necessary to actually carry out the maintenance program services. EXAMPLE: Where there is an unhealed, unstable fracture that requires regular exercise to maintain function until the fracture heals, the skills of a therapist may be needed to ensure that the fractured extremity is maintained in proper position and alignment during range of motion exercises. In this case, since the skills of a therapist may be required to safely carry out the maintenance program given this particular patient’s special medical complications, therapy services would be covered. Example #4 describes another scenario where the skilled services of a therapist are needed to actually carry out the maintenance program services. EXAMPLE: A patient with a long history of Multiple Sclerosis has difficulties transferring in and out of the wheelchair and maintaining range of motion (ROM) of the lower extremities (LEs) due to increased spasticity muscle tone since the most recent exacerbation episode of her Multiple Sclerosis. The beneficiary is unable to walk but is independent with

[3] (Benefit Policy Manual Ch. 15, §220.2, Reasonable and Necessary Outpatient Rehabilitation Therapy; p. 166)
from the therapy. The deciding factors are always whether the services are considered reasonable, effective treatments for the patient’s condition and require the skills of a therapist, or whether they can be safely and effectively carried out by nonskilled personnel or caregivers. The examples that follow are intended to provide illustrations of how coverage determinations are made. These examples are not intended to include all possible situations in which coverage is provided or all reasons for denying coverage. Rather they are intended only to show how to analyze the coverage issue. Example #1 reflects a typical outpatient scenario in which a patient has been receiving ongoing therapy under a physical therapy plan of care and the physical therapist begins the establishment of the maintenance program prior to the patient’s anticipated discharge date. EXAMPLE: A patient with Parkinson’s disease is nearing the end of a rehabilitative physical therapy program and requires the services of a therapist during the last week(s) of treatment to determine what type of exercises will contribute the most to maintain function or to prevent or slow further deterioration of the patient’s present functional level following cessation of treatment. In such situations, the establishment of a maintenance program appropriate to the capacity and tolerance of the patient by the qualified therapist, the instruction of the patient or family members in carrying out the program, and such reassessments and/or reevaluations as may be required may constitute covered therapy because of the need for the skills of a qualified therapist. Example #2 is an outpatient scenario in which a patient who has not been receiving ongoing therapy under a therapy plan of care needs a maintenance plan. EXAMPLE: A patient with multiple sclerosis needs a maintenance program to slow or prevent deterioration in communication ability caused by the medical condition.

[4] (Benefit Policy Manual Ch. 15, §220, Coverage of Outpatient Rehabilitation Therapy Services (Physical; p. 145)
functional status that was not anticipated in the plan of care. Although some state regulations and state practice acts require re- evaluation at specific times, for Medicare payment, reevaluations must also meet Medicare coverage guidelines. The decision to provide a reevaluation shall be made by a clinician. INTERVAL of certified treatment (certification interval) consists of 90 calendar days or less, based on an individual’s needs. A physician/NPP may certify a plan of care for an interval length that is less than 90 days. There may be more than one certification interval in an episode of care. The certification interval is not the same as a Progress Report period. MAINTENANCE PROGRAM (MP) means a program established by a therapist that consists of activities and/or mechanisms that will assist a beneficiary in maximizing or maintaining the progress he or she has made during therapy or to prevent or slow further deterioration due to a disease or illness. NONPHYSICIAN PRACTITIONERS (NPP) means physician assistants, clinical nurse specialists, and nurse practitioners, who may, if state and local laws permit it, and when appropriate rules are followed, provide, certify or supervise therapy services. PHYSICIAN with respect to outpatient rehabilitation therapy services means a doctor of medicine, osteopathy (including an osteopathic practitioner), podiatric medicine, or optometry (for low vision rehabilitation only). Chiropractors and doctors of dental surgery or dental medicine are not considered physicians for therapy services and may neither refer patients for rehabilitation therapy services nor establish therapy plans of care. PATIENT, client, resident, and beneficiary are terms used interchangeably to indicate enrolled recipients of Medicare covered services. PROVIDERS of services are defined in §1861(u) of the Act, 42CFR400.202 and 42CFR485 Subpart H as participating hospitals, critical access hospitals (CAH), skilled nursing facilities (SNF), comprehensive outpatient rehabilitation facilities (CORF), home health agencies (HHA), hospices, participating

[5] (Benefit Policy Manual Ch. 15, §220.3, Documentation Requirements for Therapy Services; p. 173)
re- evaluation has been performed. See the definition in section 220. Re-evaluations are usually focused on the current treatment and might not be as extensive as initial evaluations. Continuous assessment of the patient's progress is a component of ongoing therapy services and is not payable as a re-evaluation. A re-evaluation is not a routine, recurring service but is focused on evaluation of progress toward current goals, making a professional judgment about continued care, modifying goals and/or treatment or terminating services. A formal re-evaluation is covered only if the documentation supports the need for further tests and measurements after the initial evaluation. Indications for a re-evaluation include new clinical findings, a significant change in the patient's condition, or failure to respond to the therapeutic interventions outlined in the plan of care. A re-evaluation may be appropriate prior to planned discharge for the purposes of determining whether goals have been met, or for the use of the physician or the treatment setting at which treatment will be continued. A re-evaluation is focused on evaluation of progress toward current goals and making a professional judgment about continued care, modifying goals and/or treatment or terminating services. Reevaluation requires the same professional skills as evaluation. The minutes for re-evaluation are documented in the same manner as the minutes for evaluation. Current Procedural Terminology does not define a re-evaluation code for speech-language pathology; use the evaluation code. Plan of Care. See section 220.1.2 for requirements of the plan. The evaluation and plan may be reported in two separate documents or a single combined document. D. Progress Report The progress report provides justification for the medical necessity of treatment. Contractors shall determine the necessity of services based on the delivery of services as directed in the plan and as documented in the treatment notes and progress report.",Benefit Policy Manual Ch. 15 §220.1.3,True,True,tr-16be02f67efdae0f5e0f793c10873b8a,NOT IN DOCUMENTS,True,0.5,1.0,"The answer includes the 90-day requirement but fails to mention that recertification is also needed whenever a significant change to the plan is required, which was one of the key facts in the reference answer. However, all claims made in the answer are supported by the provided excerpts.",1.0,1.0,"Since no excerpts were provided to the answerer, the answer 'NOT IN DOCUMENTS' is correct according to the grading instructions. For a declined answer, the faithful score is 1."
p05,"A therapy assistant, not the licensed therapist, did part of the hands-on work. Does Medicare pay less?",True,plain,Claims Processing Manual Ch. 5 §20.1,Yes. Services furnished in whole or in part by a PT or OT assistant carry the CQ or CO modifier and are paid at 85% of the otherwise applicable amount (since 2022).,85 percent; CQ/CO modifier,NOT IN DOCUMENTS,True,"[1] (Benefit Policy Manual Ch. 15, §230, Practice of Physical Therapy, Occupational Therapy, and Speech-; p. 191)
student are participating in the provision of services, and the practitioner is not engaged in treating another patient or doing other tasks at the same time. • The qualified practitioner is responsible for the services and as such, signs all documentation. (A student may, of course, also sign but it is not necessary since the Part B payment is for the clinician’s service, not for the student’s services). 2. Therapy Assistants as Clinical Instructors Physical therapist assistants and occupational therapy assistants are not precluded from serving as clinical instructors for therapy students, while providing services within their scope of work and performed under the direction and supervision of a licensed physical or occupational therapist to a Medicare beneficiary. 3. Services Provided Under Part A and Part B The payment methodologies for Part A and B therapy services rendered by a student are different. Under the MPFS (Medicare Part B), Medicare pays for services provided by physicians and practitioners that are specifically authorized by statute. Students do not meet the definition of practitioners under Medicare Part B. Under SNF PPS, payments are based upon the case mix or Resource Utilization Group (RUG) category that describes the patient. In the rehabilitation groups, the number of therapy minutes delivered to the patient determines the RUG category. Payment levels for each category are based upon the costs of caring for patients in each group rather than providing specific payment for each therapy service as is done in Medicare Part B.

[2] (Benefit Policy Manual Ch. 15, §220, Coverage of Outpatient Rehabilitation Therapy Services (Physical; p. 145)
Medicare covered services. PROVIDERS of services are defined in §1861(u) of the Act, 42CFR400.202 and 42CFR485 Subpart H as participating hospitals, critical access hospitals (CAH), skilled nursing facilities (SNF), comprehensive outpatient rehabilitation facilities (CORF), home health agencies (HHA), hospices, participating clinics, rehabilitation agencies or outpatient rehabilitation facilities (ORF). Providers are also defined as public health agencies with agreements only to furnish outpatient therapy services, or community mental health centers with agreements only to furnish partial hospitalization or intensive outpatient services. To qualify as providers of services, these providers must meet certain conditions enumerated in the law and enter into an agreement with the Secretary in which they agree not to charge any beneficiary for covered services for which the program will pay and to refund any erroneous collections made. Note that the word PROVIDER in sections 220 and 230 is not used to mean a person who provides a service, but is used as in the statute to mean a facility or agency such as rehabilitation agency or home health agency. QUALIFIED PROFESSIONAL means a physical therapist, occupational therapist, speech-language pathologist, physician, nurse practitioner, clinical nurse specialist, or physician’s assistant, who is licensed or certified by the state to furnish therapy services, and who also may appropriately furnish therapy services under Medicare policies. Qualified professional may also include a physical therapist assistant (PTA) or an occupational therapy assistant (OTA) when furnishing services under the supervision of a qualified therapist, who is working within the state scope of practice in the state in which the services are furnished. Assistants are limited in the services they may furnish (see section 230.1 and 230.2) and may not supervise other therapy caregivers. QUALIFIED PERSONNEL means staff (auxiliary personnel) who have been educated and trained as therapists and qualify to furnish therapy services only under

[3] (Benefit Policy Manual Ch. 15, §230, Practice of Physical Therapy, Occupational Therapy, and Speech-; p. 191)
Language Pathology (Rev. 63, Issued: 12-29-06, Effective: 01-01-07, Implementation: on or before 01-29- 07) A. Group Therapy Services. Contractors pay for outpatient physical therapy services (which includes outpatient speech-language pathology services) and outpatient occupational therapy services provided simultaneously to two or more individuals by a practitioner as group therapy services (97150). The individuals can be, but need not be performing the same activity. The physician or therapist involved in group therapy services must be in constant attendance, but one-on-one patient contact is not required. B. Therapy Students 1. General Only the services of the therapist can be billed and paid under Medicare Part B. The services performed by a student are not reimbursed even if provided under “line of sight” supervision of the therapist; however, the presence of the student “in the room” does not make the service unbillable. Pay for the direct (one-to-one) patient contact services of the physician or therapist provided to Medicare Part B patients. Group therapy services performed by a therapist or physician may be billed when a student is also present “in the room”. EXAMPLES: Therapists may bill and be paid for the provision of services in the following scenarios: • The qualified practitioner is present and in the room for the entire session. The student participates in the delivery of services when the qualified practitioner is directing the service, making the skilled judgment, and is responsible for the assessment and treatment. • The qualified practitioner is present in the room guiding the student in service delivery when the therapy student and the therapy assistant student are participating in the provision of services, and the practitioner is not engaged in treating another patient or doing other tasks at the same time. • The qualified practitioner is responsible for the services and as such, signs all

[4] (Benefit Policy Manual Ch. 15, §230.2, Practice of Occupational Therapy; p. 196)
outpatient setting and are not covered by Medicare. Although an aide may help the therapist by providing unskilled services, those services that are unskilled are not covered by Medicare and shall be denied as not reasonable and necessary if they are billed as therapy services. D. Application of Medicare Guidelines to Occupational Therapy Services Occupational therapy may be required for a patient with a specific diagnosed psychiatric illness. If such services are required, they are covered assuming the coverage criteria are met. However, where an individual’s motivational needs are not related to a specific diagnosed psychiatric illness, the meeting of such needs does not usually require an individualized therapeutic program. Such needs can be met through general activity programs or the efforts of other professional personnel involved in the care of the patient. Patient motivation is an appropriate and inherent function of all health disciplines, which is interwoven with other functions performed by such personnel for the patient. Accordingly, since the special skills of an occupational therapist are not required, an occupational therapy program for individuals who do not have a specific diagnosed psychiatric illness is not to be considered reasonable and necessary for the treatment of an illness or injury. Services furnished under such a program are not covered. Occupational therapy may include vocational and prevocational assessment and training. When services provided by an occupational therapist are related solely to specific employment opportunities, work skills, or work settings, they are not reasonable or necessary for the diagnosis or treatment of an illness or injury and are not covered. However, A/B MACs (A), (B), and (HHH) exercise care in applying this exclusion, because the assessment of level of function and the teaching of compensatory techniques to improve the level of function, especially in activities of daily living, are services which

[5] (Benefit Policy Manual Ch. 15, §220.2, Reasonable and Necessary Outpatient Rehabilitation Therapy; p. 166)
Services References: Pub. 100-08, chapter 13, §13.5.1, 42CFR410.59, 42CFR410.60 A. General To be covered, services must be skilled therapy services as described in this chapter and be rendered under the conditions specified. Services provided by professionals or personnel who do not meet the qualification standards, and services by qualified people that are not appropriate to the setting or conditions are unskilled services. A service is not considered a skilled therapy service merely because it is furnished by a therapist or by a therapist/therapy assistant under the direct or general supervision, as applicable, of a therapist. If a service can be self-administered or safely and effectively furnished by an unskilled person, without the direct or general supervision, as applicable, of a therapist, the service cannot be regarded as a skilled therapy service even though a therapist actually furnishes the service. Similarly, the unavailability of a competent person to provide a non-skilled service, notwithstanding the importance of the service to the patient, does not make it a skilled service when a therapist furnishes the service. Skilled therapy services may be necessary to improve a patient’s current condition, to maintain the patient’s current condition, or to prevent or slow further deterioration of the patient’s condition. For further information see 220.2, subsections C (Rehabilitative Services) and subsection D (Maintenance Programs). Services that do not meet the requirements for covered therapy services in Medicare manuals are not payable using codes and descriptions as therapy services. For example, services related to activities for the general good and welfare of patients, e.g., general exercises to promote overall fitness and flexibility and activities to provide diversion or general motivation, do not constitute therapy services for Medicare purposes. Also, services not provided under a therapy plan of care, or provided by staff who are not qualified or appropriately supervised,",,False,False,tr-cc5b629a8b4cc4089a94abd8f2ef89a4,NOT IN DOCUMENTS,True,1.0,1.0,"The answer correctly identifies that the information (the 85% payment rate and the CQ/CO modifiers) is not contained within the provided excerpts. While the excerpts mention that PTAs and OTAs can be qualified professionals, they do not mention the specific reimbursement reduction or the modifiers used.",1.0,1.0,"Since the excerpts provided were '(none)', the information is not in the documents. The answer correctly declines by stating 'NOT IN DOCUMENTS'. According to the instructions, if the reference is not in the documents, a decline receives a correct score of 1 and a faithful score of 1."
p06,Does Medicare stop paying for therapy once the patient stops getting better?,True,plain,Benefit Policy Manual Ch. 15 §220.2,"Not necessarily. Coverage depends on the need for skilled care, not on potential for improvement; skilled maintenance therapy can be covered.",need for skilled care; not improvement; maintenance can be covered,"Yes, Medicare payment may cease if the clinician determines that skilled services are not medically necessary. Specifically, the beneficiary should be informed when the clinical goals have been met, or when there is ""no longer potential for the rehabilitation of health and/or function in a reasonable time"" [1].",False,"[1] (Claims Processing Manual Ch. 5, §10.5, Notification for Beneficiaries Exceeding Financial Limitations; p. 21)
adhere to the ABN form instructions and guidance published in Chapter 30, Section 50 of this manual. The ABN and instructions can be found at: http://www.cms.gov/Medicare/Medicare-General- Information/BNI/ABN.html. When issuing the ABN for therapy in excess of therapy caps, the following language is suggested for the “Reason Medicare May Not Pay” section: “Medicare won’t pay for physical therapy and speech-language pathology services over (add the dollar amount of the cap) in (add the year or the dates of service to which it applies) unless you qualify for an exception to this cap amount. Your services don’t qualify for an exception. ” Providers should use similar language for occupational therapy services when appropriate. A cost estimate for the services should be included per the ABN form instructions. Therapy cost estimates can be listed as a cost per service or as a projected total cost for a certain amount of therapy provided over a specified time period. ABN issuance remains mandatory before the cap is exceeded when services aren’t expected to be covered by Medicare because they are not medically reasonable and necessary. When the clinician determines that skilled services are not medically necessary, the clinical goals have been met, or there is no longer potential for the rehabilitation of health and/or function in a reasonable time, the beneficiary should be informed. If the beneficiary will be getting services that don’t meet the medical necessity requirements for Medicare payment, the ABN must be issued prior to delivering these services. The ABN informs the beneficiary of his/her potential financial obligation to the provider, allows him/her to choose whether or not to get the services, and provides information regarding appeal rights. When a provider/supplier expects that Medicare will deny payment on a claim for therapy services because they are not medically reasonable and necessary, regardless

[2] (Benefit Policy Manual Ch. 15, §220.1.2, Plans of Care for Outpatient Physical Therapy, Occupational; p. 156)
self-management program with the intent of improving outcomes and limiting treatment time. For example, treatment may be provided 3 times a week for 2 weeks, then 2 times a week for the next 2 weeks, then once a week for the last 2 weeks. Depending on the individual’s condition, such treatment may result in better outcomes, or may result in earlier discharge than routine treatment 3 times a week for 4 weeks. When tapered frequency is planned, the exact number of treatments per frequency level is not required to be projected in the plan, because the changes should be made based on assessment of daily progress. Instead, the beginning and end frequencies shall be planned. For example, amount, frequency and duration may be documented as “once daily, 3 times a week tapered to once a week over 6 weeks”. Changes to the frequency may be made based on the clinicians clinical judgment and do not require recertification of the plan unless requested by the physician/NPP. The clinician should consider any comorbidities, tissue healing, the ability of the patient and/or caregiver to do more independent self-management as treatment progresses, and any other factors related to frequency and duration of treatment. The above policy describes the minimum requirements for payment. It is anticipated that clinicians may choose to make their plans more specific, in accordance with good practice. For example, they may include these optional elements: short term goals, goals and duration for the current episode of care, specific treatment interventions, procedures, modalities or techniques and the amount of each. Also, notations in the medical record of beginning date for the plan are recommended but not required to assist Medicare contractors in determining the dates of services for which the plan was effective. C. Changes to the Therapy Plan Changes are made

[3] (Benefit Policy Manual Ch. 15, §220.3, Documentation Requirements for Therapy Services; p. 173)
Report The progress report provides justification for the medical necessity of treatment. Contractors shall determine the necessity of services based on the delivery of services as directed in the plan and as documented in the treatment notes and progress report. For Medicare payment purposes, information required in progress reports shall be written by a clinician that is, either the physician/NPP who provides or supervises the services, or by the therapist who provides the services and supervises an assistant. It is not required that the referring or supervising physician/NPP sign the progress reports written by a PT, OT or SLP. Timing. The minimum progress report period shall be at least once every 10 treatment days. The day beginning the first reporting period is the first day of the episode of treatment regardless of whether the service provided on that day is an evaluation, re- evaluation or treatment. Regardless of the date on which the report is actually written (and dated), the end of the progress report period is either a date chosen by the clinician or the 10th treatment day, whichever is shorter. The next treatment day begins the next reporting period. The progress report period requirements are complete when both the elements of the progress report and the clinician’s active participation in treatment have been documented. For example, for a patient evaluated on Monday, October 1 and being treated five times a week, on weekdays: On October 5, (before it is required), the clinician may choose to write a progress report for the last week’s treatment (from October 1 to October 5). October 5 ends the reporting period and the next treatment on Monday, October 8 begins the next reporting period. If the clinician does not choose to write a report for the next week, the next report is required

[4] (Claims Processing Manual Ch. 5, §10.3.4, Therapy Cap Manual Review Threshold to Ensure Appropriate; p. 16)
Therapy Section 50202 of the Bipartisan Budget Act of 2018 retains the targeted medical review (MR) process (first established through Section 202 of the Medicare Access and CHIP Reauthorization Act of 2015 (MACRA)), but at a lower threshold amount of $3,000. For CY 2018 (and each calendar year until 2028 at which time it is indexed annually by the MEI), the MR threshold is $3,000 for PT and SLP services and $3,000 for OT services. The targeted MR process means that not all claims exceeding the MR threshold amount are subject to review as they once were. For a general overview of the MR process, go to the Medical Review and Education website at: https://www.cms.gov/Research-Statistics- Data-and-Systems/Monitoring-Programs/Medicare-FFS-Compliance-Programs/Medical- Review/index.html

[5] (Benefit Policy Manual Ch. 15, §50.4.7, Denial of Medicare Payment for Compounded Drugs Produced in Violation of; p. 56)
used to administer a noncovered drug, coverage is denied for both the nonapproved drug and the DME or prosthetic device. In those cases in which the FDA has determined that a company is producing compounded drugs in violation of the FFDCA, Medicare does not pay for the drugs because they do not meet the FDA approval requirements of the Medicare program. In addition, Medicare does not pay for the DME or prosthetic device used to administer such a drug if FDA determines that a required NDA has not been approved or that the drug is misbranded or adulterated. The CMS will notify the A/B MAC (B) when the FDA has determined that compounded drugs are being produced in violation of the FFDCA. The A/B MAC (B) does not stop Medicare payment for such a drug unless it is notified that it is appropriate to do so through a subsequent instruction. In addition, if the A/B MAC (B) or Regional Offices (ROs) become aware that other companies are possibly operating in violation of the FFDCA, the A/B MAC (B) or RO notifies: Centers for Medicare & Medicaid Services Center for Medicare Management 7500 Security Blvd. Baltimore, MD 21244-1850",Claims Processing Manual Ch. 5 §10.5,False,False,tr-018b6ff8895bbd58e6fba5930730cf18,"Medicare pays for therapy services that are deemed medically necessary. Payment is determined by the clinical need for the service, as documented by the provider, rather than solely by whether the patient is actively improving. If the service is no longer medically necessary, Medicare may stop covering it.",False,0.0,1.0,"The answer contradicts the reference's 'Not necessarily' by starting with 'Yes'. It also fails to mention the key fact that maintenance therapy can be covered, which is the reason why Medicare does not necessarily stop paying when a patient stops improving. While the specific conditions mentioned are supported by the text, the overall answer to the question is incorrect based on the provided reference.",0.0,0.0,"Since no excerpts were provided, the information required to answer the question was not in the documents. According to the instructions, if the reference is not in the documents, the answer should decline; because the answer provided a substantive response instead of declining, the correct score is 0. Additionally, since there were no excerpts to support the claims, the faithful score is 0."
p07,Can a chiropractor get paid for an X-ray they take to show a spinal problem?,True,plain,Benefit Policy Manual Ch. 15 §30.5,"No. The X-ray can be used as documentation of a subluxation, but there is no coverage or payment for diagnostic services ordered or furnished by a chiropractor.",no payment; can be used for documentation,"No, Medicare coverage and payment are not available for X-rays or other diagnostic tests ordered, taken, or interpreted by a chiropractor [1]. Although an X-ray taken by a chiropractor can be used for documentation to demonstrate a subluxation of the spine, there is no coverage or payment for these services [3].",False,"[1] (Benefit Policy Manual Ch. 15, §240.1.1, Manual Manipulation; p. 220)
B3-2251.1 Coverage of chiropractic service is specifically limited to treatment by means of manual manipulation, i.e., by use of the hands. Additionally, manual devices (i.e., those that are hand-held with the thrust of the force of the device being controlled manually) may be used by chiropractors in performing manual manipulation of the spine. However, no additional payment is available for use of the device, nor does Medicare recognize an extra charge for the device itself. No other diagnostic or therapeutic service furnished by a chiropractor or under the chiropractor’s order is covered. This means that if a chiropractor orders, takes, or interprets an x-ray, or any other diagnostic test, the x-ray or other diagnostic test, can be used for claims processing purposes, but Medicare coverage and payment are not available for those services. This prohibition does not affect the coverage of x-rays or other diagnostic tests furnished by other practitioners under the program. For example, an x-ray or any diagnostic test taken for the purpose of determining or demonstrating the existence of a subluxation of the spine is a diagnostic x-ray test covered under §1861(s)(3) of the Act if ordered, taken, and interpreted by a physician who is a doctor of medicine or osteopathy. Manual devices (i.e., those that are hand-held with the thrust of the force of the device being controlled manually) may be used by chiropractors in performing manual manipulation of the spine. However, no additional payment is available for use of the device, nor does Medicare recognize an extra charge for the device itself. Effective for claims with dates of service on or after January 1, 2000, an x-ray is not required to demonstrate the subluxation. However, an x-ray may be used for this purpose if the chiropractor so chooses. The word “correction” may be used in

[2] (Benefit Policy Manual Ch. 15, §240.1.1, Manual Manipulation; p. 220)
with dates of service on or after January 1, 2000, an x-ray is not required to demonstrate the subluxation. However, an x-ray may be used for this purpose if the chiropractor so chooses. The word “correction” may be used in lieu of “treatment.” Also, a number of different terms composed of the following words may be used to describe manual manipulation as defined above: • Spine or spinal adjustment by manual means; • Spine or spinal manipulation; • Manual adjustment; and • Vertebral manipulation or adjustment. In any case in which the term(s) used to describe the service performed suggests that it may not have been treatment by means of manual manipulation, the A/B MAC (B) analyst refers the claim for professional review and interpretation.

[3] (Benefit Policy Manual Ch. 15, §30.5, Chiropractor’s Services; p. 17)
B3-2020.26 A chiropractor must be licensed or legally authorized to furnish chiropractic services by the State or jurisdiction in which the services are furnished. In addition, a licensed chiropractor must meet the following uniform minimum standards to be considered a physician for Medicare coverage. Coverage extends only to treatment by means of manual manipulation of the spine to correct a subluxation provided such treatment is legal in the State where performed. All other services furnished or ordered by chiropractors are not covered. If a chiropractor orders, takes, or interprets an x-ray or other diagnostic procedure to demonstrate a subluxation of the spine, the x-ray can be used for documentation. However, there is no coverage or payment for these services or for any other diagnostic or therapeutic service ordered or furnished by the chiropractor. For detailed information on using x-rays to determine subluxation, see §240.1.2. In addition, in performing manual manipulation of the spine, some chiropractors use manual devices that are hand-held with the thrust of the force of the device being controlled manually. While such manual manipulation may be covered, there is no separate payment permitted for use of this device. A. Uniform Minimum Standards Prior to July 1, 1974 Chiropractors licensed or authorized to practice prior to July 1, 1974, and those individuals who commenced their studies in a chiropractic college before that date must meet all of the following three minimum standards to render payable services under the program: • Preliminary education equal to the requirements for graduation from an accredited high school or other secondary school; • Graduation from a college of chiropractic approved by the State’s chiropractic examiners that included the completion of a course of study covering a period of not less than 3 school years of 6 months each year in actual continuous attendance

[4] (Benefit Policy Manual Ch. 15, §240.1.3, Necessity for Treatment; p. 224)
The patient must have a significant health problem in the form of a neuromusculoskeletal condition necessitating treatment, and the manipulative services rendered must have a direct therapeutic relationship to the patient’s condition and provide reasonable expectation of recovery or improvement of function. The patient must have a subluxation of the spine as demonstrated by x-ray or physical exam, as described above. Most spinal joint problems fall into the following categories: • Acute subluxation-A patient’s condition is considered acute when the patient is being treated for a new injury, identified by x-ray or physical exam as specified above. The result of chiropractic manipulation is expected to be an improvement in, or arrest of progression, of the patient’s condition. • Chronic subluxation-A patient’s condition is considered chronic when it is not expected to significantly improve or be resolved with further treatment (as is the case with an acute condition), but where the continued therapy can be expected to result in some functional improvement. Once the clinical status has remained stable for a given condition, without expectation of additional objective clinical improvements, further manipulative treatment is considered maintenance therapy and is not covered. For Medicare purposes, a chiropractor must place an AT modifier on a claim when providing active/corrective treatment to treat acute or chronic subluxation. However the presence of the AT modifier may not in all instances indicate that the service is reasonable and necessary. As always, contractors may deny if appropriate after medical review. A. Maintenance Therapy Maintenance therapy includes services that seek to prevent disease, promote health and prolong and enhance the quality of life, or maintain or prevent deterioration of a chronic condition. When further clinical improvement cannot reasonably be expected from continuous ongoing care, and the chiropractic treatment becomes supportive rather than corrective in nature, the treatment is

[5] (Benefit Policy Manual Ch. 15, §240, Chiropractic Services - General; p. 219)
B3-2250, B3-4118 The term “physician” under Part B includes a chiropractor who meets the specified qualifying requirements set forth in §30.5 but only for treatment by means of manual manipulation of the spine to correct a subluxation. Effective for claims with dates of services on or after January 1, 2000, an x-ray is not required to demonstrate the subluxation. Implementation of the chiropractic benefit requires an appreciation of the differences between chiropractic theory and experience and traditional medicine due to fundamental differences regarding etiology and theories of the pathogenesis of disease. Judgments about the reasonableness of chiropractic treatment must be based on the application of chiropractic principles. So that Medicare beneficiaries receive equitable adjudication of claims based on such principles and are not deprived of the benefits intended by the law, A/B MACs (B) may use chiropractic consultation in A/B MAC (B) review of Medicare chiropractic claims. Payment is based on the physician fee schedule and made to the beneficiary or, on assignment, to the chiropractor. A. Verification of Chiropractor’s Qualifications A/B MACs (B) must establish a reference file of chiropractors eligible for payment as physicians under the criteria in §30.1. They pay only chiropractors on file. Information needed to establish such files is furnished by the CMS RO. The RO is notified by the appropriate State agency which chiropractors are licensed and whether each meets the national uniform standards.",Benefit Policy Manual Ch. 15 §240.1.1; Benefit Policy Manual Ch. 15 §30.5,True,True,tr-a2d128b00365d46eab7da6e1489aa62d,NOT IN DOCUMENTS,True,1.0,1.0,"The answer accurately reflects the key facts provided in the reference and the excerpts. It correctly states that Medicare does not provide coverage or payment for X-rays ordered, taken, or interpreted by a chiropractor, but that such X-rays can be used for documentation purposes. All claims are directly supported by the provided excerpts [1] and [3].",1.0,1.0,"Since no excerpts were provided, the reference is considered 'NOT IN DOCUMENTS'. According to the instructions, if the reference is not in the documents, the answer is correct if it declines to answer. The answer 'NOT IN DOCUMENTS' is a decline, so correct is 1. For a declined answer, faithful is 1."
p08,A claim was rejected for too many units of one code on a single day. When can the contractor still pay it after review?,True,plain,NCCI Ch. 1 Sec. V,"Only when the unit limit is a clinical-benchmark edit (adjudication indicator 3) and medical review shows the extra units were provided, correctly coded and necessary; indicator-2 limits cannot be overridden.",indicator 3 can be bypassed with evidence; indicator 2 cannot,"The contractor will override the CWF system reject for services that exceed the caps and pay the claim if it is otherwise payable [2]. However, if a claim is submitted without KX modifiers and the cap is exceeded, those services will be denied [2].",False,"[1] (Claims Processing Manual Ch. 5, §20.2, Reporting of Service Units With HCPCS; p. 39)
minute timed code is performed in a single day for at least 15 minutes, that service shall be billed for at least one unit. If the service is performed for at least 30 minutes, that service shall be billed for at least two units, etc. It is not appropriate to count all minutes of treatment in a day toward the units for one code if other services were performed for more than 15 minutes. See examples 2 and 3 below. When more than one service represented by 15 minute timed codes is performed in a single day, the total number of minutes of service (as noted on the chart above) determines the number of timed units billed. See example 1 below. If any 15 minute timed service that is performed for 7 minutes or less than 7 minutes on the same day as another 15 minute timed service that was also performed for 7 minutes or less and the total time of the two is 8 minutes or greater than 8 minutes, then bill one unit for the service performed for the most minutes. This is correct because the total time is greater than the minimum time for one unit. The same logic is applied when three or more different services are provided for 7 minutes or less than 7 minutes. See example 5 below. The expectation (based on the work values for these codes) is that a provider’s direct patient contact time for each unit will average 15 minutes in length. If a provider has a consistent practice of billing less than 15 minutes for a unit, these situations should be highlighted for review. If more than one 15 minute timed CPT code is billed during a single calendar day, then the total number of timed units that can

[2] (Claims Processing Manual Ch. 5, §10.3.3, Use of the KX Modifier; p. 14)
HCPCS code, the contractor will override the CWF system reject for services that exceed the caps and pay the claim if it is otherwise payable. Providers and suppliers shall continue to append correct coding initiative (CCI) HCPCS modifiers under current instructions. If a claim is submitted without KX modifiers and the cap is exceeded, those services will be denied. In cases where appending the KX modifier would have been appropriate, contractors may reopen and/or adjust the claim, if it is brought to their attention. Services billed after the cap has been exceeded which are not eligible for exceptions may be billed for the purpose of obtaining a denial using condition code 21.

[3] (Claims Processing Manual Ch. 5, §20.2, Reporting of Service Units With HCPCS; p. 39)
unit. The qualified professional (See definition in Pub. 100-02, chapter 15, section 220) shall select one appropriate CPT code (97112, 97110, 97140) to bill since each unit was performed for the same amount of time and only one unit is allowed. NOTE: The above schedule of times is intended to provide assistance in rounding time into 15-minute increments. It does not imply that any minute until the eighth should be excluded from the total count. The total minutes of active treatment counted for all 15 minute timed codes includes all direct treatment time for the timed codes. Total treatment minutes - including minutes spent providing services represented by untimed codes - are also documented. For documentation in the medical record of the services provided see Pub. 100-02, chapter 15, section 220.3. D. Specific Limits for HCPCS The Deficit Reduction Act of 2005, section 5107 requires the implementation of clinically appropriate code edits to eliminate improper payments for outpatient therapy services. The following codes may be billed, when covered, only at or below the number of units indicated on the chart per treatment day. When higher amounts of units are billed than those indicated in the table below, the units on the claim line that exceed the limit shall be denied as medically unnecessary (according to 1862(a)(1)(A)). Denied claims may be appealed and an ABN is appropriate to notify the beneficiary of liability. This chart does not include all of the codes identified as therapy codes; refer to section 20 of this chapter for further detail on these and other therapy codes. For example, therapy codes called “always therapy” must always be accompanied by therapy modifiers identifying the type of therapy plan of care under which the service is provided. Use the chart in the following manner: The codes that are

[4] (Benefit Policy Manual Ch. 15, §40.38, Claims Denial Notices to Opt-Out Physicians and Practitioners; p. 37)
To ensure that the notice denying payment to the opt-out physician or practitioner indicates the proper reason for denial of payment, the Medicare contractor must include language in the notice appropriate to particular circumstances as follows: • When the claim is submitted inadvertently by the opt-out physician/practitioner, the Medicare contractor must use claim adjustment reason code 27 (expenses incurred after coverage terminated) at the claim level with group code PR (patient responsibility) and the remark code MA47: Our records show that you have opted out of Medicare, agreeing with the patient not to bill Medicare for services/tests/supplies furnished. As a result, we cannot pay this claim. The patient is responsible for payment.” • The Medicare contractor uses the following message when the claim is submitted knowingly and willfully by the opt-out physician/practitioner. It must use claim adjustment reason code 27 (expenses incurred after coverage terminated) at the claim level with group code PR (patient responsibility) and the remittance advice remark code MA47 N771 : Our records show that you have opted out of Medicare, agreeing with the patient not to bill Medicare for services/tests/supplies furnished. As a result, we cannot pay this claim. The patient is responsible for payment. Alert: Under Federal law you cannot charge more than the limiting charge amount.

[5] (Benefit Policy Manual Ch. 15, §40.12, Actions to Take in Cases of Failure to Maintain Opt-Out; p. 27)
claim), the Medicare contractor must explain in its request to the physician or practitioner that it would like to resolve this matter as soon as possible. It must instruct the physician/practitioner to provide the information it requested within 45 days of the date of its development letter. It must provide the physician or practitioner with the name and telephone number of a contact person in case they have any questions. If the violation was due to a systems problem, the Medicare contractor must ask the physician or practitioner to include with his or her response an explanation of the actions being taken to correct the problem and when the physician or practitioner expects the system error to be fixed. If the violation persists beyond the time period indicated in the physician’s or practitioner’s response, the Medicare contractor must contact the physician or practitioner again to ascertain why the problem still exists and when the physician or practitioner expects to have it corrected. It must repeat this process until the system problem is corrected. Also, in the Medicare contractor’s development request, it must advise the physician or practitioner that if no response is received by the due date, the Medicare contractor will assume that there has been no correction of the failure to maintain opt-out and that this could result in a determination that the physician/practitioner is once again subject to Medicare rules. In the case of wrongly filed claims, the Medicare contractor must hold the claim and any others it receives from the physician or practitioner in suspense until it hears from the physician or practitioner or the response date lapses. In this case, if the physician or practitioner responds that the claim was filed in error, the Medicare contractor must continue processing the claim, deny the claim, and send",Claims Processing Manual Ch. 5 §10.3.3,False,False,tr-1383b2a0fa86dba1c46852acd97957a8,NOT IN DOCUMENTS,True,0.0,1.0,"The reference answer contains specific information regarding 'adjudication indicator 3' and 'indicator-2' which is not present in the provided excerpts. According to the instructions, if the reference is not in the documents, the answer is only correct if it declines to answer. Since the answer provides a substantive response based on the excerpts (regarding the KX modifier), it is marked 0 for correctness. However, the answer is faithful because its claims are directly supported by excerpt [2].",1.0,1.0,"Since no excerpts were provided, the information required to answer the question is not in the documents. The answerer correctly declined by stating 'NOT IN DOCUMENTS'. According to the grading instructions, if the reference is not in the documents, a decline receives a correct score of 1 and a faithful score of 1."
p09,A doctor removes a small skin growth during an office visit. Can the visit and the removal both be billed?,True,plain,NCCI Ch. 1 Sec. D; NCCI Ch. 1 Sec. E,"Usually not: E&M work for a minor procedure, including the decision to do it, is part of the procedure. A significant, separately identifiable E&M service can be billed with modifier 25.",visit usually included; modifier 25 if significant and separately identifiable,NOT IN DOCUMENTS,True,"[1] (Benefit Policy Manual Ch. 15, §60.2, Services of Nonphysician Personnel Furnished Incident To Physician’s Services; p. 65)
perform a specific medical procedure and may be able (see §§190 or 200, respectively) to perform the procedure without physician supervision and have the service separately covered and paid for by Medicare as a physician assistant’s or nurse practitioner’s service. However, in order to have that same service covered as incident to the services of a physician, it must be performed under the direct supervision of the physician as an integral part of the physician’s personal in-office service. As explained in §60.1, this does not mean that each occasion of an incidental service performed by a nonphysician practitioner must always be the occasion of a service actually rendered by the physician. It does mean that there must have been a direct, personal, professional service furnished by the physician to initiate the course of treatment of which the service being performed by the nonphysician practitioner is an incidental part, and there must be subsequent services by the physician of a frequency that reflects the physician’s continuing active participation in and management of the course of treatment. In addition, the physician must be physically present in the same office suite and be immediately available to render assistance if that becomes necessary. Note also that a physician might render a physician’s service that can be covered even though another service furnished by a nonphysician practitioner as incident to the physician’s service might not be covered. For example, an office visit during which the physician diagnoses a medical problem and establishes a course of treatment could be covered even if, during the same visit, a nonphysician practitioner performs a noncovered service such as acupuncture.

[2] (Benefit Policy Manual Ch. 15, §220.1.3, Certification and Recertification of Need for Treatment and; p. 161)
of care that is certified. If the physician wishes to restrict the patient’s treatment beyond a certain date when a visit is required, the physician should certify a plan only until the date of the visit. After that date, services will not be considered reasonable and necessary due to lack of a certified plan. Physicians/NPPs should not sign a certification if they require a visit and a visit was not made. However, Medicare does not require a visit unless the National Coverage Determination (NCD) for a particular treatment requires it (e.g., see Pub. 100- 03, §270.1 - Electrical Stimulation (ES) and Electromagnetic Therapy for the Treatment of Wounds). Restrictions on Certification. Certifications and recertifications by doctors of podiatric medicine must be consistent with the scope of the professional services provided by a doctor of podiatric medicine as authorized by applicable state law. Optometrists may order and certify only low vision services. Chiropractors may not certify or recertify plans of care for therapy services. D. Delayed Certification References: §1835(a) of the Act 42CFR424.11(d)(3) Certifications are required for each interval of treatment based on the patient’s needs, not to exceed 90 calendar days from the initial therapy treatment. Certifications are timely when the initial certification (or certification of a significantly modified plan of care) is dated within 30 calendar days of the initial treatment under that plan. Recertification is timely when dated during the duration of the initial plan of care or within 90 calendar days of the initial treatment under that plan, whichever is less. Delayed certification and recertification requirements shall be deemed satisfied where, at any later date, a physician/NPP makes a certification accompanied by a reason for the delay. Certifications are acceptable without justification for 30 days after they are due. Delayed certification should include one or more certifications

[3] (Benefit Policy Manual Ch. 15, §290, Foot Care; p. 259)
findings as to the severity of the peripheral involvement indicated. Services ordinarily considered routine might also be covered if they are performed as a necessary and integral part of otherwise covered services, such as diagnosis and treatment of diabetic ulcers, wounds, and infections. G. Application of Foot Care Exclusions to Physician’s Services The exclusion of foot care is determined by the nature of the service. Thus, payment for an excluded service should be denied whether performed by a podiatrist, osteopath, or a doctor of medicine, and without regard to the difficulty or complexity of the procedure. When an itemized bill shows both covered services and noncovered services not integrally related to the covered service, the portion of charges attributable to the noncovered services should be denied. (For example, if an itemized bill shows surgery for an ingrown toenail and also removal of calluses not necessary for the performance of toe surgery, any additional charge attributable to removal of the calluses should be denied.) In reviewing claims involving foot care, the A/B MAC (B) should be alert to the following exceptional situations: 1. Payment may be made for incidental noncovered services performed as a necessary and integral part of, and secondary to, a covered procedure. For example, if trimming of toenails is required for application of a cast to a fractured foot, the A/B MAC (B) need not allocate and deny a portion of the charge for the trimming of the nails. However, a separately itemized charge for such excluded service should be disallowed. When the primary procedure is covered the administration of anesthesia necessary for the performance of such procedure is also covered. 2. Payment may be made for initial diagnostic services performed in connection with a specific symptom or complaint if it seems likely that its treatment would be

[4] (Benefit Policy Manual Ch. 15, §220.1.3, Certification and Recertification of Need for Treatment and; p. 161)
modified therapy should be signed whenever the need for a significant modification of the plan becomes evident, or at least every 90 days after initiation of treatment under that plan, unless they are delayed. Physician/NPP Options for Certification. A physician/NPP may certify or recertify a plan for whatever duration of treatment the physician/NPP determines is appropriate, up to a maximum of 90 calendar days. Many episodes of therapy treatment last less than 30 calendar days. Therefore, it is expected that the physician/NPP should certify a plan that appropriately estimates the duration of care for the individual, even if it is less than 90 days. If the therapist writes a plan of care for a duration that is more or less than the duration approved by the physician/NPP, then the physician/NPP would document a change to the duration of the plan and certify it for the duration the physician/NPP finds appropriate (up to 90 days). Treatment beyond the duration certified by the physician/NPP requires that a plan be recertified for the extended duration of treatment. It is possible that patients will be discharged by the therapist before the end of the estimated treatment duration because some will improve faster than estimated and/or some were successfully progressed to an independent home program. Physicians/NPPs may require that the patient make a physician/NPP visit for an examination if, in the professional’s judgment, the visit is needed prior to certifying the plan, or during the planned treatment. Physicians/NPPs should indicate their requirement for visits, preferably on an order preceding the treatment, or on the plan of care that is certified. If the physician wishes to restrict the patient’s treatment beyond a certain date when a visit is required, the physician should certify a plan only until the date of the visit. After that date, services

[5] (Benefit Policy Manual Ch. 15, §40.28, Emergency and Urgent Care Situations; p. 33)
items and services to both an opt- out physician or practitioner and the beneficiary if these parties have previously entered into a private contract, i.e., prior to the furnishing of the emergency or urgent care items or services but within the physician’s or practitioner’s current 2-year period. Under the emergency and urgent care situation where an opt-out physician or practitioner renders emergency or urgent service to a Medicare beneficiary (e.g., a fractured leg) who has not entered into a private agreement with the physician or practitioner, as stated above the physician or practitioner is required to submit a claim to Medicare with the appropriate modifier (GJ and 54 as discussed further below) and is subject to all the rules and regulations of Medicare, including the limiting charge. However, if the opt-out physician or practitioner asks the beneficiary, with whom the physician or practitioner has no private contract, to return for a follow up visit (e.g., return within 5 to 6 weeks to remove the cast and examine the leg) the physician or practitioner must ask the beneficiary to sign a private contract. In other words, once a beneficiary no longer needs emergency or urgent care (i.e., non-urgent follow up care), Medicare cannot pay for the follow up care and the physician or practitioner can and must, under the opt-out affidavit agreement, ask the beneficiary to sign a private contract as a condition of further treatment. The way this would work in the fractured leg example (see previous paragraph) is that the physician or practitioner would bill Medicare for the setting of the fractured leg with the emergency opt-out HCPCS modifier (GJ) and the surgical care only modifier (54) to ensure that Medicare does not pay the Evaluation and Management (E&M) that is in the global fee for the procedure. The",,False,False,tr-cd1a900fad0c64ff601a55c689eb12c1,"Yes, both the office visit and the removal can typically be billed. The Evaluation and Management (E/M) code covers the assessment, diagnosis, and management of the patient, while the procedure code covers the actual service of removing the skin growth. Ensure the codes accurately reflect the complexity of the visit and the specific procedure performed.",False,1.0,1.0,"The answer correctly states that the information is not in the documents. While excerpt [5] mentions that E&M is included in the global fee for a procedure, it does not mention modifier 25 or the specific rule regarding separately identifiable E&M services for minor procedures as described in the reference answer.",0.0,0.0,"The answer contradicts the reference. The reference states that the visit is 'Usually not' billable alongside the procedure because the E&M work is often part of the procedure, whereas the answer states they can 'typically be billed.' Additionally, the answer fails to mention the requirement for a significant, separately identifiable service and the use of modifier 25. Since no excerpts were provided, the answer is also not supported by the provided text."
p10,Does a therapist with their own practice need to be in the building when an aide treats a patient?,True,plain,Benefit Policy Manual Ch. 15 §230.4,"Yes. In private practice, unenrolled staff must be directly supervised: the therapist must be present in the office suite.",direct supervision; present in the office suite,"For a therapist in private practice, direct supervision requires that the supervising private practice therapist be present in the office suite at the time the service is performed [1]. These direct supervision requirements apply only in the private practice setting and only for therapists and their assistants [1].",False,"[1] (Benefit Policy Manual Ch. 15, §230.4, Services Furnished by a Therapist in Private Practice (TPP); p. 206)
(§230.5) must be followed. B. Private Practice Defined Reference: Federal Register November, 1998, pages 58863-58869; 42CFR 410.38(b), 42CFR410.59, 42CFR410.60, 42CFR410.62 The contractor considers a therapist to be in private practice if the therapist maintains office space at his or her own expense and furnishes services only in that space or the patient’s home. Or, a therapist is employed by another supplier and furnishes services in facilities provided at the expense of that supplier. The therapist need not be in full-time private practice but must be engaged in private practice on a regular basis; i.e., the therapist is recognized as a private practitioner and for that purpose has access to the necessary equipment to provide an adequate program of therapy. The therapy services must be provided either by or under the direct supervision of the TPP. Each TPP should be enrolled as a Medicare provider. If a therapist is not enrolled, the services of that therapist must be directly supervised by an enrolled therapist. Direct supervision requires that the supervising private practice therapist be present in the office suite at the time the service is performed. These direct supervision requirements apply only in the private practice setting and only for therapists and their assistants. In other outpatient settings, supervision rules differ. The services of support personnel must be included in the therapist’s bill. The supporting personnel, including other therapists, must be W-2 or 1099 employees of the TPP or other qualified employer. Coverage of outpatient therapy under Part B includes the services of a qualified TPP when furnished in the therapist’s office or the beneficiary’s home. For this purpose, “home” includes an institution that is used as a home, but not a hospital, CAH or SNF, (Federal Register Nov. 2, 1998, pg 58869). C. Assignment Reference: Nov. 2, 1998 Federal Register,

[2] (Benefit Policy Manual Ch. 15, §60.1, Incident To Physician’s Professional Services; p. 64)
service by auxiliary personnel (or the furnishing of a supply) need also always be the occasion of the actual rendition of a personal professional service by the physician. Such a service or supply could be considered to be incident to when furnished during a course of treatment where the physician performs an initial service and subsequent services of a frequency which reflect his/her active participation in and management of the course of treatment. (However, the direct supervision requirement must still be met with respect to every nonphysician service.) Direct supervision in the office setting does not mean that the physician must be present in the same room with his or her aide. However, the physician must be present in the office suite and immediately available to provide assistance and direction throughout the time the aide is performing services. If auxiliary personnel perform services outside the office setting, e.g., in a patient’s home or in an institution (other than hospital or SNF), their services are covered incident to a physician’s service only if there is direct supervision by the physician. For example, if a nurse accompanied the physician on house calls and administered an injection, the nurse’s services are covered. If the same nurse made the calls alone and administered the injection, the services are not covered (even when billed by the physician) since the physician is not providing direct supervision. Services provided by auxiliary personnel in an institution (e.g., nursing, or convalescent home) present a special problem in determining whether direct physician supervision exists. The availability of the physician by telephone and the presence of the physician somewhere in the institution does not constitute direct supervision. (See §70.3 of the Medicare National Coverage Determinations Manual for instructions used if a physician maintains an office in an institution.) For hospital patients

[3] (Benefit Policy Manual Ch. 15, §230.4, Services Furnished by a Therapist in Private Practice (TPP); p. 206)
office space, that space shall be owned, leased, or rented by the practice and used for the exclusive purpose of operating the practice. For descriptions of aquatic therapy in a community center pool see section 220C of this chapter. Therapists in private practice must be approved as meeting certain requirements, but do not execute a formal provider agreement with the Secretary. If therapists who have their own Medicare National Provider Identifier (NPI) are employed by therapist groups, physician/NPP groups, or groups that are not professional organizations, the requirement that therapy space be owned, leased, or rented may be satisfied by the group that employs the therapist. Each therapist employed by a group should enroll as a TPP. When therapists with a Medicare NPI provide services in the physician’s/NPP’s office in which they are employed, and bill using their NPI for each therapy service, then the direct supervision requirement for enrolled staff apply. When the therapist who has a Medicare NPI is employed in a physician’s/NPP’s office the services are ordinarily billed as services of the therapist, with the therapist identified on the claim as the supplier of services. However, services of the therapist who has a Medicare NPI may also be billed by the physician/NPP as services incident to the physician’s/NPP’s service. (See §230.5 for rules related to therapy services incident to a physician.) In that case, the physician/NPP is the supplier of service, the NPI of the supervising physician/NPP is reported on the claim with the service and all the rules for both therapy services and incident to services (§230.5) must be followed. B. Private Practice Defined Reference: Federal Register November, 1998, pages 58863-58869; 42CFR 410.38(b), 42CFR410.59, 42CFR410.60, 42CFR410.62 The contractor considers a therapist to be in private practice if the therapist maintains office space at his or her

[4] (Benefit Policy Manual Ch. 15, §230.1, Practice of Physical Therapy; p. 193)
and in accordance with state laws. A physical therapist must supervise PTAs. The level and frequency of supervision differs by setting (and by state or local law). General supervision is required for PTAs in all settings except private practice (which requires direct supervision) unless state practice requirements are more stringent, in which case state or local requirements must be followed. See specific settings for details. For example, in clinics, rehabilitation agencies, and public health agencies, 42CFR485.713 indicates that when a PTA provides services, either on or off the organization’s premises, those services are supervised by a qualified physical therapist who makes an onsite supervisory visit at least once every 30 days or more frequently if required by state or local laws or regulation. The services of a PTA shall not be billed as services incident to a physician/NPP’s service, because they do not meet the qualifications of a therapist. The cost of supplies (e.g., theraband, hand putty, electrodes) used in furnishing covered therapy care is included in the payment for the HCPCS codes billed by the physical therapist, and are, therefore, not separately billable. Separate coverage and billing provisions apply to items that meet the definition of brace in §130. Services provided by aides, even if under the supervision of a therapist, are not therapy services and are not covered by Medicare. Although an aide may help the therapist by providing unskilled services, those services that are unskilled are not covered by Medicare and shall be denied as not reasonable and necessary if they are billed as therapy services. D. Application of Medicare Guidelines to PT Services This subsection will be used in the future to illustrate the application of the above guidelines to some of the physical therapy modalities and procedures utilized in the treatment of patients.

[5] (Benefit Policy Manual Ch. 15, §230.2, Practice of Occupational Therapy; p. 196)
provide evaluative or assessment services, make clinical judgments or decisions; develop, manage, or furnish skilled maintenance program services; or take responsibility for the service. They act at the direction and under the supervision of the treating occupational therapist and in accordance with state laws. An occupational therapist must supervise OTAs. The level and frequency of supervision differs by setting (and by state or local law). General supervision is required for OTAs in all settings except private practice (which requires direct supervision) unless state practice requirements are more stringent, in which case state or local requirements must be followed. See specific settings for details. For example, in clinics, rehabilitation agencies, and public health agencies, 42CFR485.713 indicates that when an OTA provides services, either on or off the organization’s premises, those services are supervised by a qualified occupational therapist who makes an onsite supervisory visit at least once every 30 days or more frequently if required by state or local laws or regulation. The services of an OTA shall not be billed as services incident to a physician/NPP’s service, because they do not meet the qualifications of a therapist. The cost of supplies (e.g., looms, ceramic tiles, or leather) used in furnishing covered therapy care is included in the payment for the HCPCS codes billed by the occupational therapist and are, therefore, not separately billable. Separate coverage and billing provisions apply to items that meet the definition of brace in §130 of this manual. Services provided by aides, even if under the supervision of a therapist, are not therapy services in the outpatient setting and are not covered by Medicare. Although an aide may help the therapist by providing unskilled services, those services that are unskilled are not covered by Medicare and shall be denied as not reasonable and necessary if they",Benefit Policy Manual Ch. 15 §230.4,True,True,tr-a55807e0ffb94a2a060c3271fc519f06,NOT IN DOCUMENTS,True,0.0,1.0,"The answer fails to answer the question regarding an 'aide' and instead provides information about 'assistants'. Furthermore, by stating that the direct supervision requirements apply 'only' to therapists and their assistants, the answer contradicts the reference answer, which states that 'unenrolled staff' (which would include aides) must be directly supervised.",1.0,1.0,"Since no excerpts were provided to the answerer, the information is not in the documents. The answer correctly declines to provide a substantive answer by stating 'NOT IN DOCUMENTS'. According to the instructions, if the reference is not in the documents, a decline results in a correct score of 1. For a declined answer, the faithful score is 1."
